ISO-10303-21;
HEADER;
/* Generated by software containing ST-Developer
 * from STEP Tools, Inc. (www.steptools.com) 
 */

FILE_DESCRIPTION(
/* description */ (''),
/* implementation_level */ '2;1');

FILE_NAME(
/* name */ 'Sproket Guide.step',
/* time_stamp */ '2026-07-01T22:03:43+09:00',
/* author */ (''),
/* organization */ (''),
/* preprocessor_version */ 'ST-DEVELOPER v20.1',
/* originating_system */ 'Autodesk Translation Framework v15.8.0.0',
/* authorisation */ '');

FILE_SCHEMA (('AUTOMOTIVE_DESIGN { 1 0 10303 214 3 1 1 }'));
ENDSEC;

DATA;
#10=MECHANICAL_DESIGN_GEOMETRIC_PRESENTATION_REPRESENTATION('',(#13,#14),
#2825);
#11=SHAPE_REPRESENTATION_RELATIONSHIP('SRR','None',#2832,#12);
#12=ADVANCED_BREP_SHAPE_REPRESENTATION('',(#15,#16),#2824);
#13=STYLED_ITEM('',(#2841),#15);
#14=STYLED_ITEM('',(#2841),#16);
#15=MANIFOLD_SOLID_BREP('Body2',#1756);
#16=MANIFOLD_SOLID_BREP('Body4',#1757);
#17=CYLINDRICAL_SURFACE('',#1788,1.5);
#18=CYLINDRICAL_SURFACE('',#1791,1.5);
#19=CYLINDRICAL_SURFACE('',#1794,1.5);
#20=CYLINDRICAL_SURFACE('',#1807,2.7);
#21=CYLINDRICAL_SURFACE('',#1834,1.5);
#22=CYLINDRICAL_SURFACE('',#1836,2.7);
#23=CYLINDRICAL_SURFACE('',#1838,2.7);
#24=CYLINDRICAL_SURFACE('',#1841,2.7);
#25=CYLINDRICAL_SURFACE('',#1843,1.5);
#26=CYLINDRICAL_SURFACE('',#1864,1.5);
#27=CYLINDRICAL_SURFACE('',#1866,1.5);
#28=CYLINDRICAL_SURFACE('',#1872,1.5);
#29=CYLINDRICAL_SURFACE('',#1875,1.5);
#30=FACE_BOUND('',#164,.T.);
#31=FACE_BOUND('',#175,.T.);
#32=FACE_BOUND('',#176,.T.);
#33=FACE_BOUND('',#177,.T.);
#34=FACE_BOUND('',#188,.T.);
#35=FACE_BOUND('',#210,.T.);
#36=FACE_BOUND('',#212,.T.);
#37=FACE_BOUND('',#214,.T.);
#38=FACE_BOUND('',#216,.T.);
#39=FACE_BOUND('',#229,.T.);
#40=FACE_BOUND('',#244,.T.);
#41=FACE_BOUND('',#246,.T.);
#42=FACE_BOUND('',#252,.T.);
#43=FACE_BOUND('',#253,.T.);
#44=FACE_BOUND('',#254,.T.);
#45=FACE_BOUND('',#257,.T.);
#46=FACE_BOUND('',#265,.T.);
#47=FACE_BOUND('',#266,.T.);
#48=FACE_BOUND('',#268,.T.);
#49=FACE_BOUND('',#269,.T.);
#50=CIRCLE('',#1772,1.5);
#51=CIRCLE('',#1783,2.7);
#52=CIRCLE('',#1784,2.7);
#53=CIRCLE('',#1785,1.5);
#54=CIRCLE('',#1786,1.5);
#55=CIRCLE('',#1787,1.5);
#56=CIRCLE('',#1789,1.5);
#57=CIRCLE('',#1790,1.5);
#58=CIRCLE('',#1792,1.5);
#59=CIRCLE('',#1793,1.5);
#60=CIRCLE('',#1795,1.5);
#61=CIRCLE('',#1803,2.7);
#62=CIRCLE('',#1804,2.7);
#63=CIRCLE('',#1808,2.7);
#64=CIRCLE('',#1835,1.5);
#65=CIRCLE('',#1837,2.7);
#66=CIRCLE('',#1839,2.7);
#67=CIRCLE('',#1842,2.7);
#68=CIRCLE('',#1844,1.5);
#69=CIRCLE('',#1861,1.5);
#70=CIRCLE('',#1863,1.5);
#71=CIRCLE('',#1865,1.5);
#72=CIRCLE('',#1873,1.5);
#73=CIRCLE('',#1874,1.5);
#74=CIRCLE('',#1876,1.5);
#75=CIRCLE('',#1877,1.5);
#76=FACE_OUTER_BOUND('',#163,.T.);
#77=FACE_OUTER_BOUND('',#165,.T.);
#78=FACE_OUTER_BOUND('',#166,.T.);
#79=FACE_OUTER_BOUND('',#167,.T.);
#80=FACE_OUTER_BOUND('',#168,.T.);
#81=FACE_OUTER_BOUND('',#169,.T.);
#82=FACE_OUTER_BOUND('',#170,.T.);
#83=FACE_OUTER_BOUND('',#171,.T.);
#84=FACE_OUTER_BOUND('',#172,.T.);
#85=FACE_OUTER_BOUND('',#173,.T.);
#86=FACE_OUTER_BOUND('',#174,.T.);
#87=FACE_OUTER_BOUND('',#178,.T.);
#88=FACE_OUTER_BOUND('',#179,.T.);
#89=FACE_OUTER_BOUND('',#180,.T.);
#90=FACE_OUTER_BOUND('',#181,.T.);
#91=FACE_OUTER_BOUND('',#182,.T.);
#92=FACE_OUTER_BOUND('',#183,.T.);
#93=FACE_OUTER_BOUND('',#184,.T.);
#94=FACE_OUTER_BOUND('',#185,.T.);
#95=FACE_OUTER_BOUND('',#186,.T.);
#96=FACE_OUTER_BOUND('',#187,.T.);
#97=FACE_OUTER_BOUND('',#189,.T.);
#98=FACE_OUTER_BOUND('',#190,.T.);
#99=FACE_OUTER_BOUND('',#191,.T.);
#100=FACE_OUTER_BOUND('',#192,.T.);
#101=FACE_OUTER_BOUND('',#193,.T.);
#102=FACE_OUTER_BOUND('',#194,.T.);
#103=FACE_OUTER_BOUND('',#195,.T.);
#104=FACE_OUTER_BOUND('',#196,.T.);
#105=FACE_OUTER_BOUND('',#197,.T.);
#106=FACE_OUTER_BOUND('',#198,.T.);
#107=FACE_OUTER_BOUND('',#199,.T.);
#108=FACE_OUTER_BOUND('',#200,.T.);
#109=FACE_OUTER_BOUND('',#201,.T.);
#110=FACE_OUTER_BOUND('',#202,.T.);
#111=FACE_OUTER_BOUND('',#203,.T.);
#112=FACE_OUTER_BOUND('',#204,.T.);
#113=FACE_OUTER_BOUND('',#205,.T.);
#114=FACE_OUTER_BOUND('',#206,.T.);
#115=FACE_OUTER_BOUND('',#207,.T.);
#116=FACE_OUTER_BOUND('',#208,.T.);
#117=FACE_OUTER_BOUND('',#209,.T.);
#118=FACE_OUTER_BOUND('',#211,.T.);
#119=FACE_OUTER_BOUND('',#213,.T.);
#120=FACE_OUTER_BOUND('',#215,.T.);
#121=FACE_OUTER_BOUND('',#217,.T.);
#122=FACE_OUTER_BOUND('',#218,.T.);
#123=FACE_OUTER_BOUND('',#219,.T.);
#124=FACE_OUTER_BOUND('',#220,.T.);
#125=FACE_OUTER_BOUND('',#221,.T.);
#126=FACE_OUTER_BOUND('',#222,.T.);
#127=FACE_OUTER_BOUND('',#223,.T.);
#128=FACE_OUTER_BOUND('',#224,.T.);
#129=FACE_OUTER_BOUND('',#225,.T.);
#130=FACE_OUTER_BOUND('',#226,.T.);
#131=FACE_OUTER_BOUND('',#227,.T.);
#132=FACE_OUTER_BOUND('',#228,.T.);
#133=FACE_OUTER_BOUND('',#230,.T.);
#134=FACE_OUTER_BOUND('',#231,.T.);
#135=FACE_OUTER_BOUND('',#232,.T.);
#136=FACE_OUTER_BOUND('',#233,.T.);
#137=FACE_OUTER_BOUND('',#234,.T.);
#138=FACE_OUTER_BOUND('',#235,.T.);
#139=FACE_OUTER_BOUND('',#236,.T.);
#140=FACE_OUTER_BOUND('',#237,.T.);
#141=FACE_OUTER_BOUND('',#238,.T.);
#142=FACE_OUTER_BOUND('',#239,.T.);
#143=FACE_OUTER_BOUND('',#240,.T.);
#144=FACE_OUTER_BOUND('',#241,.T.);
#145=FACE_OUTER_BOUND('',#242,.T.);
#146=FACE_OUTER_BOUND('',#243,.T.);
#147=FACE_OUTER_BOUND('',#245,.T.);
#148=FACE_OUTER_BOUND('',#247,.T.);
#149=FACE_OUTER_BOUND('',#248,.T.);
#150=FACE_OUTER_BOUND('',#249,.T.);
#151=FACE_OUTER_BOUND('',#250,.T.);
#152=FACE_OUTER_BOUND('',#251,.T.);
#153=FACE_OUTER_BOUND('',#255,.T.);
#154=FACE_OUTER_BOUND('',#256,.T.);
#155=FACE_OUTER_BOUND('',#258,.T.);
#156=FACE_OUTER_BOUND('',#259,.T.);
#157=FACE_OUTER_BOUND('',#260,.T.);
#158=FACE_OUTER_BOUND('',#261,.T.);
#159=FACE_OUTER_BOUND('',#262,.T.);
#160=FACE_OUTER_BOUND('',#263,.T.);
#161=FACE_OUTER_BOUND('',#264,.T.);
#162=FACE_OUTER_BOUND('',#267,.T.);
#163=EDGE_LOOP('',(#1109,#1110,#1111,#1112,#1113,#1114,#1115));
#164=EDGE_LOOP('',(#1116));
#165=EDGE_LOOP('',(#1117,#1118,#1119,#1120));
#166=EDGE_LOOP('',(#1121,#1122,#1123,#1124));
#167=EDGE_LOOP('',(#1125,#1126,#1127,#1128));
#168=EDGE_LOOP('',(#1129,#1130,#1131,#1132));
#169=EDGE_LOOP('',(#1133,#1134,#1135,#1136));
#170=EDGE_LOOP('',(#1137,#1138,#1139,#1140));
#171=EDGE_LOOP('',(#1141,#1142,#1143,#1144,#1145,#1146,#1147,#1148));
#172=EDGE_LOOP('',(#1149,#1150,#1151,#1152,#1153,#1154,#1155,#1156));
#173=EDGE_LOOP('',(#1157,#1158,#1159,#1160,#1161,#1162,#1163,#1164));
#174=EDGE_LOOP('',(#1165,#1166,#1167,#1168,#1169,#1170,#1171,#1172,#1173,
#1174,#1175,#1176,#1177,#1178,#1179,#1180,#1181,#1182,#1183,#1184,#1185,
#1186));
#175=EDGE_LOOP('',(#1187));
#176=EDGE_LOOP('',(#1188));
#177=EDGE_LOOP('',(#1189));
#178=EDGE_LOOP('',(#1190,#1191,#1192,#1193));
#179=EDGE_LOOP('',(#1194,#1195,#1196,#1197));
#180=EDGE_LOOP('',(#1198,#1199,#1200,#1201));
#181=EDGE_LOOP('',(#1202,#1203,#1204,#1205));
#182=EDGE_LOOP('',(#1206,#1207,#1208,#1209));
#183=EDGE_LOOP('',(#1210,#1211,#1212,#1213));
#184=EDGE_LOOP('',(#1214,#1215,#1216,#1217));
#185=EDGE_LOOP('',(#1218,#1219,#1220,#1221));
#186=EDGE_LOOP('',(#1222,#1223,#1224,#1225));
#187=EDGE_LOOP('',(#1226,#1227,#1228,#1229,#1230,#1231));
#188=EDGE_LOOP('',(#1232,#1233,#1234,#1235,#1236,#1237));
#189=EDGE_LOOP('',(#1238,#1239,#1240,#1241));
#190=EDGE_LOOP('',(#1242,#1243,#1244,#1245));
#191=EDGE_LOOP('',(#1246,#1247,#1248,#1249));
#192=EDGE_LOOP('',(#1250,#1251,#1252,#1253));
#193=EDGE_LOOP('',(#1254,#1255,#1256,#1257));
#194=EDGE_LOOP('',(#1258,#1259,#1260,#1261));
#195=EDGE_LOOP('',(#1262,#1263,#1264,#1265));
#196=EDGE_LOOP('',(#1266,#1267,#1268,#1269,#1270,#1271,#1272,#1273));
#197=EDGE_LOOP('',(#1274,#1275,#1276,#1277));
#198=EDGE_LOOP('',(#1278,#1279,#1280,#1281));
#199=EDGE_LOOP('',(#1282,#1283,#1284,#1285));
#200=EDGE_LOOP('',(#1286,#1287,#1288,#1289));
#201=EDGE_LOOP('',(#1290,#1291,#1292,#1293,#1294,#1295,#1296,#1297));
#202=EDGE_LOOP('',(#1298,#1299,#1300,#1301));
#203=EDGE_LOOP('',(#1302,#1303,#1304,#1305));
#204=EDGE_LOOP('',(#1306,#1307,#1308,#1309,#1310,#1311,#1312,#1313));
#205=EDGE_LOOP('',(#1314,#1315,#1316,#1317));
#206=EDGE_LOOP('',(#1318,#1319,#1320,#1321));
#207=EDGE_LOOP('',(#1322,#1323,#1324,#1325));
#208=EDGE_LOOP('',(#1326,#1327,#1328,#1329));
#209=EDGE_LOOP('',(#1330,#1331,#1332,#1333,#1334));
#210=EDGE_LOOP('',(#1335));
#211=EDGE_LOOP('',(#1336,#1337,#1338,#1339,#1340));
#212=EDGE_LOOP('',(#1341));
#213=EDGE_LOOP('',(#1342,#1343,#1344,#1345,#1346));
#214=EDGE_LOOP('',(#1347));
#215=EDGE_LOOP('',(#1348,#1349,#1350,#1351,#1352));
#216=EDGE_LOOP('',(#1353));
#217=EDGE_LOOP('',(#1354,#1355,#1356,#1357));
#218=EDGE_LOOP('',(#1358,#1359,#1360,#1361,#1362,#1363));
#219=EDGE_LOOP('',(#1364,#1365,#1366,#1367,#1368,#1369));
#220=EDGE_LOOP('',(#1370,#1371,#1372,#1373));
#221=EDGE_LOOP('',(#1374,#1375,#1376,#1377));
#222=EDGE_LOOP('',(#1378,#1379,#1380,#1381));
#223=EDGE_LOOP('',(#1382,#1383,#1384,#1385));
#224=EDGE_LOOP('',(#1386,#1387,#1388,#1389));
#225=EDGE_LOOP('',(#1390,#1391,#1392,#1393));
#226=EDGE_LOOP('',(#1394,#1395,#1396,#1397));
#227=EDGE_LOOP('',(#1398,#1399,#1400,#1401));
#228=EDGE_LOOP('',(#1402,#1403,#1404,#1405,#1406,#1407));
#229=EDGE_LOOP('',(#1408));
#230=EDGE_LOOP('',(#1409,#1410,#1411,#1412));
#231=EDGE_LOOP('',(#1413,#1414,#1415,#1416));
#232=EDGE_LOOP('',(#1417,#1418,#1419,#1420,#1421,#1422,#1423,#1424));
#233=EDGE_LOOP('',(#1425,#1426,#1427,#1428,#1429,#1430,#1431,#1432));
#234=EDGE_LOOP('',(#1433,#1434,#1435,#1436));
#235=EDGE_LOOP('',(#1437,#1438,#1439,#1440));
#236=EDGE_LOOP('',(#1441,#1442,#1443,#1444));
#237=EDGE_LOOP('',(#1445,#1446,#1447,#1448));
#238=EDGE_LOOP('',(#1449,#1450,#1451,#1452));
#239=EDGE_LOOP('',(#1453,#1454,#1455,#1456,#1457,#1458,#1459,#1460));
#240=EDGE_LOOP('',(#1461,#1462,#1463,#1464,#1465,#1466,#1467,#1468));
#241=EDGE_LOOP('',(#1469,#1470,#1471,#1472));
#242=EDGE_LOOP('',(#1473,#1474,#1475,#1476));
#243=EDGE_LOOP('',(#1477,#1478,#1479,#1480,#1481,#1482,#1483));
#244=EDGE_LOOP('',(#1484));
#245=EDGE_LOOP('',(#1485,#1486,#1487,#1488,#1489));
#246=EDGE_LOOP('',(#1490));
#247=EDGE_LOOP('',(#1491,#1492,#1493,#1494));
#248=EDGE_LOOP('',(#1495,#1496,#1497,#1498));
#249=EDGE_LOOP('',(#1499,#1500,#1501,#1502,#1503,#1504,#1505,#1506));
#250=EDGE_LOOP('',(#1507,#1508,#1509,#1510,#1511,#1512,#1513,#1514));
#251=EDGE_LOOP('',(#1515,#1516,#1517,#1518,#1519,#1520,#1521,#1522,#1523,
#1524,#1525,#1526,#1527,#1528,#1529,#1530,#1531,#1532,#1533,#1534,#1535,
#1536,#1537,#1538,#1539,#1540));
#252=EDGE_LOOP('',(#1541));
#253=EDGE_LOOP('',(#1542));
#254=EDGE_LOOP('',(#1543,#1544,#1545,#1546,#1547,#1548));
#255=EDGE_LOOP('',(#1549,#1550,#1551,#1552));
#256=EDGE_LOOP('',(#1553,#1554,#1555,#1556,#1557));
#257=EDGE_LOOP('',(#1558));
#258=EDGE_LOOP('',(#1559,#1560,#1561,#1562));
#259=EDGE_LOOP('',(#1563,#1564,#1565,#1566));
#260=EDGE_LOOP('',(#1567,#1568,#1569,#1570));
#261=EDGE_LOOP('',(#1571,#1572,#1573,#1574));
#262=EDGE_LOOP('',(#1575,#1576,#1577,#1578));
#263=EDGE_LOOP('',(#1579,#1580,#1581,#1582));
#264=EDGE_LOOP('',(#1583,#1584,#1585,#1586));
#265=EDGE_LOOP('',(#1587));
#266=EDGE_LOOP('',(#1588));
#267=EDGE_LOOP('',(#1589,#1590,#1591,#1592));
#268=EDGE_LOOP('',(#1593));
#269=EDGE_LOOP('',(#1594));
#270=LINE('',#2333,#487);
#271=LINE('',#2335,#488);
#272=LINE('',#2337,#489);
#273=LINE('',#2339,#490);
#274=LINE('',#2341,#491);
#275=LINE('',#2343,#492);
#276=LINE('',#2344,#493);
#277=LINE('',#2350,#494);
#278=LINE('',#2352,#495);
#279=LINE('',#2354,#496);
#280=LINE('',#2355,#497);
#281=LINE('',#2359,#498);
#282=LINE('',#2361,#499);
#283=LINE('',#2363,#500);
#284=LINE('',#2364,#501);
#285=LINE('',#2367,#502);
#286=LINE('',#2369,#503);
#287=LINE('',#2370,#504);
#288=LINE('',#2373,#505);
#289=LINE('',#2375,#506);
#290=LINE('',#2376,#507);
#291=LINE('',#2379,#508);
#292=LINE('',#2381,#509);
#293=LINE('',#2382,#510);
#294=LINE('',#2385,#511);
#295=LINE('',#2386,#512);
#296=LINE('',#2389,#513);
#297=LINE('',#2391,#514);
#298=LINE('',#2393,#515);
#299=LINE('',#2395,#516);
#300=LINE('',#2397,#517);
#301=LINE('',#2399,#518);
#302=LINE('',#2400,#519);
#303=LINE('',#2403,#520);
#304=LINE('',#2405,#521);
#305=LINE('',#2407,#522);
#306=LINE('',#2409,#523);
#307=LINE('',#2411,#524);
#308=LINE('',#2412,#525);
#309=LINE('',#2416,#526);
#310=LINE('',#2418,#527);
#311=LINE('',#2420,#528);
#312=LINE('',#2422,#529);
#313=LINE('',#2423,#530);
#314=LINE('',#2425,#531);
#315=LINE('',#2426,#532);
#316=LINE('',#2430,#533);
#317=LINE('',#2432,#534);
#318=LINE('',#2433,#535);
#319=LINE('',#2435,#536);
#320=LINE('',#2437,#537);
#321=LINE('',#2438,#538);
#322=LINE('',#2440,#539);
#323=LINE('',#2442,#540);
#324=LINE('',#2444,#541);
#325=LINE('',#2448,#542);
#326=LINE('',#2451,#543);
#327=LINE('',#2452,#544);
#328=LINE('',#2454,#545);
#329=LINE('',#2456,#546);
#330=LINE('',#2457,#547);
#331=LINE('',#2468,#548);
#332=LINE('',#2474,#549);
#333=LINE('',#2479,#550);
#334=LINE('',#2483,#551);
#335=LINE('',#2485,#552);
#336=LINE('',#2487,#553);
#337=LINE('',#2488,#554);
#338=LINE('',#2491,#555);
#339=LINE('',#2493,#556);
#340=LINE('',#2494,#557);
#341=LINE('',#2497,#558);
#342=LINE('',#2499,#559);
#343=LINE('',#2500,#560);
#344=LINE('',#2503,#561);
#345=LINE('',#2505,#562);
#346=LINE('',#2506,#563);
#347=LINE('',#2509,#564);
#348=LINE('',#2511,#565);
#349=LINE('',#2512,#566);
#350=LINE('',#2514,#567);
#351=LINE('',#2515,#568);
#352=LINE('',#2519,#569);
#353=LINE('',#2523,#570);
#354=LINE('',#2525,#571);
#355=LINE('',#2527,#572);
#356=LINE('',#2531,#573);
#357=LINE('',#2533,#574);
#358=LINE('',#2534,#575);
#359=LINE('',#2537,#576);
#360=LINE('',#2538,#577);
#361=LINE('',#2541,#578);
#362=LINE('',#2546,#579);
#363=LINE('',#2548,#580);
#364=LINE('',#2550,#581);
#365=LINE('',#2551,#582);
#366=LINE('',#2554,#583);
#367=LINE('',#2556,#584);
#368=LINE('',#2557,#585);
#369=LINE('',#2560,#586);
#370=LINE('',#2562,#587);
#371=LINE('',#2563,#588);
#372=LINE('',#2565,#589);
#373=LINE('',#2568,#590);
#374=LINE('',#2570,#591);
#375=LINE('',#2572,#592);
#376=LINE('',#2574,#593);
#377=LINE('',#2575,#594);
#378=LINE('',#2579,#595);
#379=LINE('',#2581,#596);
#380=LINE('',#2583,#597);
#381=LINE('',#2584,#598);
#382=LINE('',#2588,#599);
#383=LINE('',#2590,#600);
#384=LINE('',#2592,#601);
#385=LINE('',#2593,#602);
#386=LINE('',#2595,#603);
#387=LINE('',#2596,#604);
#388=LINE('',#2598,#605);
#389=LINE('',#2600,#606);
#390=LINE('',#2602,#607);
#391=LINE('',#2604,#608);
#392=LINE('',#2605,#609);
#393=LINE('',#2609,#610);
#394=LINE('',#2611,#611);
#395=LINE('',#2613,#612);
#396=LINE('',#2614,#613);
#397=LINE('',#2618,#614);
#398=LINE('',#2620,#615);
#399=LINE('',#2622,#616);
#400=LINE('',#2623,#617);
#401=LINE('',#2626,#618);
#402=LINE('',#2628,#619);
#403=LINE('',#2629,#620);
#404=LINE('',#2632,#621);
#405=LINE('',#2634,#622);
#406=LINE('',#2635,#623);
#407=LINE('',#2639,#624);
#408=LINE('',#2641,#625);
#409=LINE('',#2643,#626);
#410=LINE('',#2644,#627);
#411=LINE('',#2647,#628);
#412=LINE('',#2649,#629);
#413=LINE('',#2650,#630);
#414=LINE('',#2653,#631);
#415=LINE('',#2655,#632);
#416=LINE('',#2656,#633);
#417=LINE('',#2659,#634);
#418=LINE('',#2661,#635);
#419=LINE('',#2663,#636);
#420=LINE('',#2664,#637);
#421=LINE('',#2667,#638);
#422=LINE('',#2668,#639);
#423=LINE('',#2671,#640);
#424=LINE('',#2673,#641);
#425=LINE('',#2675,#642);
#426=LINE('',#2676,#643);
#427=LINE('',#2679,#644);
#428=LINE('',#2680,#645);
#429=LINE('',#2682,#646);
#430=LINE('',#2685,#647);
#431=LINE('',#2686,#648);
#432=LINE('',#2687,#649);
#433=LINE('',#2690,#650);
#434=LINE('',#2691,#651);
#435=LINE('',#2694,#652);
#436=LINE('',#2695,#653);
#437=LINE('',#2699,#654);
#438=LINE('',#2702,#655);
#439=LINE('',#2706,#656);
#440=LINE('',#2709,#657);
#441=LINE('',#2712,#658);
#442=LINE('',#2713,#659);
#443=LINE('',#2717,#660);
#444=LINE('',#2721,#661);
#445=LINE('',#2724,#662);
#446=LINE('',#2725,#663);
#447=LINE('',#2728,#664);
#448=LINE('',#2730,#665);
#449=LINE('',#2731,#666);
#450=LINE('',#2733,#667);
#451=LINE('',#2735,#668);
#452=LINE('',#2736,#669);
#453=LINE('',#2738,#670);
#454=LINE('',#2739,#671);
#455=LINE('',#2741,#672);
#456=LINE('',#2744,#673);
#457=LINE('',#2745,#674);
#458=LINE('',#2747,#675);
#459=LINE('',#2750,#676);
#460=LINE('',#2751,#677);
#461=LINE('',#2753,#678);
#462=LINE('',#2754,#679);
#463=LINE('',#2756,#680);
#464=LINE('',#2757,#681);
#465=LINE('',#2759,#682);
#466=LINE('',#2761,#683);
#467=LINE('',#2763,#684);
#468=LINE('',#2768,#685);
#469=LINE('',#2774,#686);
#470=LINE('',#2776,#687);
#471=LINE('',#2778,#688);
#472=LINE('',#2781,#689);
#473=LINE('',#2788,#690);
#474=LINE('',#2794,#691);
#475=LINE('',#2799,#692);
#476=LINE('',#2801,#693);
#477=LINE('',#2803,#694);
#478=LINE('',#2804,#695);
#479=LINE('',#2807,#696);
#480=LINE('',#2809,#697);
#481=LINE('',#2810,#698);
#482=LINE('',#2813,#699);
#483=LINE('',#2815,#700);
#484=LINE('',#2816,#701);
#485=LINE('',#2818,#702);
#486=LINE('',#2819,#703);
#487=VECTOR('',#1888,10.);
#488=VECTOR('',#1889,10.);
#489=VECTOR('',#1890,10.);
#490=VECTOR('',#1891,10.);
#491=VECTOR('',#1892,10.);
#492=VECTOR('',#1893,10.);
#493=VECTOR('',#1894,10.);
#494=VECTOR('',#1899,10.);
#495=VECTOR('',#1900,10.);
#496=VECTOR('',#1901,10.);
#497=VECTOR('',#1902,10.);
#498=VECTOR('',#1905,10.);
#499=VECTOR('',#1906,10.);
#500=VECTOR('',#1907,10.);
#501=VECTOR('',#1908,10.);
#502=VECTOR('',#1911,10.);
#503=VECTOR('',#1912,10.);
#504=VECTOR('',#1913,10.);
#505=VECTOR('',#1916,10.);
#506=VECTOR('',#1917,10.);
#507=VECTOR('',#1918,10.);
#508=VECTOR('',#1921,10.);
#509=VECTOR('',#1922,10.);
#510=VECTOR('',#1923,10.);
#511=VECTOR('',#1926,10.);
#512=VECTOR('',#1927,10.);
#513=VECTOR('',#1930,10.);
#514=VECTOR('',#1931,10.);
#515=VECTOR('',#1932,10.);
#516=VECTOR('',#1933,10.);
#517=VECTOR('',#1934,10.);
#518=VECTOR('',#1935,10.);
#519=VECTOR('',#1936,10.);
#520=VECTOR('',#1939,10.);
#521=VECTOR('',#1940,10.);
#522=VECTOR('',#1941,10.);
#523=VECTOR('',#1942,10.);
#524=VECTOR('',#1943,10.);
#525=VECTOR('',#1944,10.);
#526=VECTOR('',#1947,10.);
#527=VECTOR('',#1948,10.);
#528=VECTOR('',#1949,10.);
#529=VECTOR('',#1950,10.);
#530=VECTOR('',#1951,10.);
#531=VECTOR('',#1952,10.);
#532=VECTOR('',#1953,10.);
#533=VECTOR('',#1956,10.);
#534=VECTOR('',#1957,10.);
#535=VECTOR('',#1958,10.);
#536=VECTOR('',#1959,10.);
#537=VECTOR('',#1960,10.);
#538=VECTOR('',#1961,10.);
#539=VECTOR('',#1962,10.);
#540=VECTOR('',#1963,10.);
#541=VECTOR('',#1964,10.);
#542=VECTOR('',#1967,10.);
#543=VECTOR('',#1970,10.);
#544=VECTOR('',#1971,10.);
#545=VECTOR('',#1972,10.);
#546=VECTOR('',#1973,10.);
#547=VECTOR('',#1974,10.);
#548=VECTOR('',#1985,1.5);
#549=VECTOR('',#1992,1.5);
#550=VECTOR('',#1999,1.5);
#551=VECTOR('',#2002,10.);
#552=VECTOR('',#2003,10.);
#553=VECTOR('',#2004,10.);
#554=VECTOR('',#2005,10.);
#555=VECTOR('',#2008,10.);
#556=VECTOR('',#2009,10.);
#557=VECTOR('',#2010,10.);
#558=VECTOR('',#2013,10.);
#559=VECTOR('',#2014,10.);
#560=VECTOR('',#2015,10.);
#561=VECTOR('',#2018,10.);
#562=VECTOR('',#2019,10.);
#563=VECTOR('',#2020,10.);
#564=VECTOR('',#2023,10.);
#565=VECTOR('',#2024,10.);
#566=VECTOR('',#2025,10.);
#567=VECTOR('',#2028,10.);
#568=VECTOR('',#2029,10.);
#569=VECTOR('',#2032,10.);
#570=VECTOR('',#2035,10.);
#571=VECTOR('',#2036,10.);
#572=VECTOR('',#2037,10.);
#573=VECTOR('',#2042,10.);
#574=VECTOR('',#2043,10.);
#575=VECTOR('',#2044,10.);
#576=VECTOR('',#2047,10.);
#577=VECTOR('',#2048,10.);
#578=VECTOR('',#2051,10.);
#579=VECTOR('',#2056,10.);
#580=VECTOR('',#2057,10.);
#581=VECTOR('',#2058,10.);
#582=VECTOR('',#2059,10.);
#583=VECTOR('',#2062,10.);
#584=VECTOR('',#2063,10.);
#585=VECTOR('',#2064,10.);
#586=VECTOR('',#2067,10.);
#587=VECTOR('',#2068,10.);
#588=VECTOR('',#2069,10.);
#589=VECTOR('',#2072,10.);
#590=VECTOR('',#2075,10.);
#591=VECTOR('',#2076,10.);
#592=VECTOR('',#2077,10.);
#593=VECTOR('',#2078,10.);
#594=VECTOR('',#2079,10.);
#595=VECTOR('',#2082,10.);
#596=VECTOR('',#2083,10.);
#597=VECTOR('',#2084,10.);
#598=VECTOR('',#2085,10.);
#599=VECTOR('',#2088,10.);
#600=VECTOR('',#2089,10.);
#601=VECTOR('',#2090,10.);
#602=VECTOR('',#2091,10.);
#603=VECTOR('',#2094,10.);
#604=VECTOR('',#2095,10.);
#605=VECTOR('',#2098,10.);
#606=VECTOR('',#2101,10.);
#607=VECTOR('',#2102,10.);
#608=VECTOR('',#2103,10.);
#609=VECTOR('',#2104,10.);
#610=VECTOR('',#2107,10.);
#611=VECTOR('',#2108,10.);
#612=VECTOR('',#2109,10.);
#613=VECTOR('',#2110,10.);
#614=VECTOR('',#2113,10.);
#615=VECTOR('',#2114,10.);
#616=VECTOR('',#2115,10.);
#617=VECTOR('',#2116,10.);
#618=VECTOR('',#2119,10.);
#619=VECTOR('',#2120,10.);
#620=VECTOR('',#2121,10.);
#621=VECTOR('',#2124,10.);
#622=VECTOR('',#2125,10.);
#623=VECTOR('',#2126,10.);
#624=VECTOR('',#2129,10.);
#625=VECTOR('',#2130,10.);
#626=VECTOR('',#2131,10.);
#627=VECTOR('',#2132,10.);
#628=VECTOR('',#2135,10.);
#629=VECTOR('',#2136,10.);
#630=VECTOR('',#2137,10.);
#631=VECTOR('',#2140,10.);
#632=VECTOR('',#2141,10.);
#633=VECTOR('',#2142,10.);
#634=VECTOR('',#2145,10.);
#635=VECTOR('',#2146,10.);
#636=VECTOR('',#2147,10.);
#637=VECTOR('',#2148,10.);
#638=VECTOR('',#2151,10.);
#639=VECTOR('',#2152,10.);
#640=VECTOR('',#2155,10.);
#641=VECTOR('',#2156,10.);
#642=VECTOR('',#2157,10.);
#643=VECTOR('',#2158,10.);
#644=VECTOR('',#2161,10.);
#645=VECTOR('',#2162,10.);
#646=VECTOR('',#2165,10.);
#647=VECTOR('',#2168,10.);
#648=VECTOR('',#2169,10.);
#649=VECTOR('',#2170,10.);
#650=VECTOR('',#2173,10.);
#651=VECTOR('',#2174,10.);
#652=VECTOR('',#2177,10.);
#653=VECTOR('',#2178,10.);
#654=VECTOR('',#2183,1.5);
#655=VECTOR('',#2186,10.);
#656=VECTOR('',#2191,10.);
#657=VECTOR('',#2194,10.);
#658=VECTOR('',#2197,10.);
#659=VECTOR('',#2198,10.);
#660=VECTOR('',#2203,10.);
#661=VECTOR('',#2208,1.5);
#662=VECTOR('',#2211,10.);
#663=VECTOR('',#2212,10.);
#664=VECTOR('',#2217,10.);
#665=VECTOR('',#2220,10.);
#666=VECTOR('',#2221,10.);
#667=VECTOR('',#2224,10.);
#668=VECTOR('',#2225,10.);
#669=VECTOR('',#2226,10.);
#670=VECTOR('',#2229,10.);
#671=VECTOR('',#2230,10.);
#672=VECTOR('',#2233,10.);
#673=VECTOR('',#2236,10.);
#674=VECTOR('',#2237,10.);
#675=VECTOR('',#2240,10.);
#676=VECTOR('',#2243,10.);
#677=VECTOR('',#2244,10.);
#678=VECTOR('',#2247,10.);
#679=VECTOR('',#2248,10.);
#680=VECTOR('',#2251,10.);
#681=VECTOR('',#2252,10.);
#682=VECTOR('',#2255,10.);
#683=VECTOR('',#2258,10.);
#684=VECTOR('',#2261,10.);
#685=VECTOR('',#2268,10.);
#686=VECTOR('',#2275,1.5);
#687=VECTOR('',#2278,1.5);
#688=VECTOR('',#2281,10.);
#689=VECTOR('',#2286,10.);
#690=VECTOR('',#2295,1.5);
#691=VECTOR('',#2302,1.5);
#692=VECTOR('',#2307,10.);
#693=VECTOR('',#2308,10.);
#694=VECTOR('',#2309,10.);
#695=VECTOR('',#2310,10.);
#696=VECTOR('',#2313,10.);
#697=VECTOR('',#2314,10.);
#698=VECTOR('',#2315,10.);
#699=VECTOR('',#2318,10.);
#700=VECTOR('',#2319,10.);
#701=VECTOR('',#2320,10.);
#702=VECTOR('',#2323,10.);
#703=VECTOR('',#2324,10.);
#704=VERTEX_POINT('',#2331);
#705=VERTEX_POINT('',#2332);
#706=VERTEX_POINT('',#2334);
#707=VERTEX_POINT('',#2336);
#708=VERTEX_POINT('',#2338);
#709=VERTEX_POINT('',#2340);
#710=VERTEX_POINT('',#2342);
#711=VERTEX_POINT('',#2345);
#712=VERTEX_POINT('',#2348);
#713=VERTEX_POINT('',#2349);
#714=VERTEX_POINT('',#2351);
#715=VERTEX_POINT('',#2353);
#716=VERTEX_POINT('',#2357);
#717=VERTEX_POINT('',#2358);
#718=VERTEX_POINT('',#2360);
#719=VERTEX_POINT('',#2362);
#720=VERTEX_POINT('',#2366);
#721=VERTEX_POINT('',#2368);
#722=VERTEX_POINT('',#2372);
#723=VERTEX_POINT('',#2374);
#724=VERTEX_POINT('',#2378);
#725=VERTEX_POINT('',#2380);
#726=VERTEX_POINT('',#2384);
#727=VERTEX_POINT('',#2388);
#728=VERTEX_POINT('',#2390);
#729=VERTEX_POINT('',#2392);
#730=VERTEX_POINT('',#2394);
#731=VERTEX_POINT('',#2396);
#732=VERTEX_POINT('',#2398);
#733=VERTEX_POINT('',#2402);
#734=VERTEX_POINT('',#2404);
#735=VERTEX_POINT('',#2406);
#736=VERTEX_POINT('',#2408);
#737=VERTEX_POINT('',#2410);
#738=VERTEX_POINT('',#2414);
#739=VERTEX_POINT('',#2415);
#740=VERTEX_POINT('',#2417);
#741=VERTEX_POINT('',#2419);
#742=VERTEX_POINT('',#2421);
#743=VERTEX_POINT('',#2424);
#744=VERTEX_POINT('',#2428);
#745=VERTEX_POINT('',#2429);
#746=VERTEX_POINT('',#2431);
#747=VERTEX_POINT('',#2434);
#748=VERTEX_POINT('',#2436);
#749=VERTEX_POINT('',#2439);
#750=VERTEX_POINT('',#2441);
#751=VERTEX_POINT('',#2443);
#752=VERTEX_POINT('',#2445);
#753=VERTEX_POINT('',#2447);
#754=VERTEX_POINT('',#2449);
#755=VERTEX_POINT('',#2453);
#756=VERTEX_POINT('',#2455);
#757=VERTEX_POINT('',#2458);
#758=VERTEX_POINT('',#2460);
#759=VERTEX_POINT('',#2462);
#760=VERTEX_POINT('',#2465);
#761=VERTEX_POINT('',#2467);
#762=VERTEX_POINT('',#2471);
#763=VERTEX_POINT('',#2473);
#764=VERTEX_POINT('',#2477);
#765=VERTEX_POINT('',#2481);
#766=VERTEX_POINT('',#2482);
#767=VERTEX_POINT('',#2484);
#768=VERTEX_POINT('',#2486);
#769=VERTEX_POINT('',#2490);
#770=VERTEX_POINT('',#2492);
#771=VERTEX_POINT('',#2496);
#772=VERTEX_POINT('',#2498);
#773=VERTEX_POINT('',#2502);
#774=VERTEX_POINT('',#2504);
#775=VERTEX_POINT('',#2508);
#776=VERTEX_POINT('',#2510);
#777=VERTEX_POINT('',#2517);
#778=VERTEX_POINT('',#2518);
#779=VERTEX_POINT('',#2520);
#780=VERTEX_POINT('',#2522);
#781=VERTEX_POINT('',#2524);
#782=VERTEX_POINT('',#2526);
#783=VERTEX_POINT('',#2530);
#784=VERTEX_POINT('',#2532);
#785=VERTEX_POINT('',#2536);
#786=VERTEX_POINT('',#2540);
#787=VERTEX_POINT('',#2544);
#788=VERTEX_POINT('',#2545);
#789=VERTEX_POINT('',#2547);
#790=VERTEX_POINT('',#2549);
#791=VERTEX_POINT('',#2553);
#792=VERTEX_POINT('',#2555);
#793=VERTEX_POINT('',#2559);
#794=VERTEX_POINT('',#2561);
#795=VERTEX_POINT('',#2567);
#796=VERTEX_POINT('',#2569);
#797=VERTEX_POINT('',#2571);
#798=VERTEX_POINT('',#2573);
#799=VERTEX_POINT('',#2577);
#800=VERTEX_POINT('',#2578);
#801=VERTEX_POINT('',#2580);
#802=VERTEX_POINT('',#2582);
#803=VERTEX_POINT('',#2586);
#804=VERTEX_POINT('',#2587);
#805=VERTEX_POINT('',#2589);
#806=VERTEX_POINT('',#2591);
#807=VERTEX_POINT('',#2601);
#808=VERTEX_POINT('',#2603);
#809=VERTEX_POINT('',#2607);
#810=VERTEX_POINT('',#2608);
#811=VERTEX_POINT('',#2610);
#812=VERTEX_POINT('',#2612);
#813=VERTEX_POINT('',#2616);
#814=VERTEX_POINT('',#2617);
#815=VERTEX_POINT('',#2619);
#816=VERTEX_POINT('',#2621);
#817=VERTEX_POINT('',#2625);
#818=VERTEX_POINT('',#2627);
#819=VERTEX_POINT('',#2631);
#820=VERTEX_POINT('',#2633);
#821=VERTEX_POINT('',#2637);
#822=VERTEX_POINT('',#2638);
#823=VERTEX_POINT('',#2640);
#824=VERTEX_POINT('',#2642);
#825=VERTEX_POINT('',#2646);
#826=VERTEX_POINT('',#2648);
#827=VERTEX_POINT('',#2652);
#828=VERTEX_POINT('',#2654);
#829=VERTEX_POINT('',#2658);
#830=VERTEX_POINT('',#2660);
#831=VERTEX_POINT('',#2662);
#832=VERTEX_POINT('',#2666);
#833=VERTEX_POINT('',#2670);
#834=VERTEX_POINT('',#2672);
#835=VERTEX_POINT('',#2674);
#836=VERTEX_POINT('',#2678);
#837=VERTEX_POINT('',#2684);
#838=VERTEX_POINT('',#2689);
#839=VERTEX_POINT('',#2693);
#840=VERTEX_POINT('',#2697);
#841=VERTEX_POINT('',#2701);
#842=VERTEX_POINT('',#2705);
#843=VERTEX_POINT('',#2707);
#844=VERTEX_POINT('',#2711);
#845=VERTEX_POINT('',#2715);
#846=VERTEX_POINT('',#2719);
#847=VERTEX_POINT('',#2723);
#848=VERTEX_POINT('',#2734);
#849=VERTEX_POINT('',#2743);
#850=VERTEX_POINT('',#2749);
#851=VERTEX_POINT('',#2765);
#852=VERTEX_POINT('',#2769);
#853=VERTEX_POINT('',#2772);
#854=VERTEX_POINT('',#2785);
#855=VERTEX_POINT('',#2787);
#856=VERTEX_POINT('',#2791);
#857=VERTEX_POINT('',#2793);
#858=VERTEX_POINT('',#2797);
#859=VERTEX_POINT('',#2798);
#860=VERTEX_POINT('',#2800);
#861=VERTEX_POINT('',#2802);
#862=VERTEX_POINT('',#2806);
#863=VERTEX_POINT('',#2808);
#864=VERTEX_POINT('',#2812);
#865=VERTEX_POINT('',#2814);
#866=EDGE_CURVE('',#704,#705,#270,.T.);
#867=EDGE_CURVE('',#704,#706,#271,.T.);
#868=EDGE_CURVE('',#706,#707,#272,.T.);
#869=EDGE_CURVE('',#707,#708,#273,.T.);
#870=EDGE_CURVE('',#709,#708,#274,.T.);
#871=EDGE_CURVE('',#710,#709,#275,.T.);
#872=EDGE_CURVE('',#705,#710,#276,.T.);
#873=EDGE_CURVE('',#711,#711,#50,.T.);
#874=EDGE_CURVE('',#712,#713,#277,.T.);
#875=EDGE_CURVE('',#713,#714,#278,.T.);
#876=EDGE_CURVE('',#714,#715,#279,.T.);
#877=EDGE_CURVE('',#712,#715,#280,.T.);
#878=EDGE_CURVE('',#716,#717,#281,.T.);
#879=EDGE_CURVE('',#717,#718,#282,.T.);
#880=EDGE_CURVE('',#719,#718,#283,.T.);
#881=EDGE_CURVE('',#716,#719,#284,.T.);
#882=EDGE_CURVE('',#720,#709,#285,.T.);
#883=EDGE_CURVE('',#720,#721,#286,.T.);
#884=EDGE_CURVE('',#721,#710,#287,.T.);
#885=EDGE_CURVE('',#713,#722,#288,.T.);
#886=EDGE_CURVE('',#722,#723,#289,.T.);
#887=EDGE_CURVE('',#723,#714,#290,.T.);
#888=EDGE_CURVE('',#717,#724,#291,.T.);
#889=EDGE_CURVE('',#724,#725,#292,.T.);
#890=EDGE_CURVE('',#718,#725,#293,.T.);
#891=EDGE_CURVE('',#721,#726,#294,.T.);
#892=EDGE_CURVE('',#726,#705,#295,.T.);
#893=EDGE_CURVE('',#724,#727,#296,.T.);
#894=EDGE_CURVE('',#728,#727,#297,.T.);
#895=EDGE_CURVE('',#729,#728,#298,.T.);
#896=EDGE_CURVE('',#730,#729,#299,.T.);
#897=EDGE_CURVE('',#730,#731,#300,.T.);
#898=EDGE_CURVE('',#731,#732,#301,.T.);
#899=EDGE_CURVE('',#725,#732,#302,.T.);
#900=EDGE_CURVE('',#733,#726,#303,.T.);
#901=EDGE_CURVE('',#733,#734,#304,.T.);
#902=EDGE_CURVE('',#734,#735,#305,.T.);
#903=EDGE_CURVE('',#736,#735,#306,.T.);
#904=EDGE_CURVE('',#737,#736,#307,.T.);
#905=EDGE_CURVE('',#704,#737,#308,.T.);
#906=EDGE_CURVE('',#738,#739,#309,.T.);
#907=EDGE_CURVE('',#739,#740,#310,.T.);
#908=EDGE_CURVE('',#741,#740,#311,.T.);
#909=EDGE_CURVE('',#742,#741,#312,.T.);
#910=EDGE_CURVE('',#742,#734,#313,.T.);
#911=EDGE_CURVE('',#743,#733,#314,.T.);
#912=EDGE_CURVE('',#743,#738,#315,.T.);
#913=EDGE_CURVE('',#744,#745,#316,.T.);
#914=EDGE_CURVE('',#745,#746,#317,.T.);
#915=EDGE_CURVE('',#746,#712,#318,.T.);
#916=EDGE_CURVE('',#715,#747,#319,.T.);
#917=EDGE_CURVE('',#747,#748,#320,.T.);
#918=EDGE_CURVE('',#748,#716,#321,.T.);
#919=EDGE_CURVE('',#749,#719,#322,.T.);
#920=EDGE_CURVE('',#750,#749,#323,.T.);
#921=EDGE_CURVE('',#750,#751,#324,.T.);
#922=EDGE_CURVE('',#751,#752,#51,.T.);
#923=EDGE_CURVE('',#752,#753,#325,.T.);
#924=EDGE_CURVE('',#753,#754,#52,.T.);
#925=EDGE_CURVE('',#754,#738,#326,.T.);
#926=EDGE_CURVE('',#743,#720,#327,.T.);
#927=EDGE_CURVE('',#708,#755,#328,.T.);
#928=EDGE_CURVE('',#755,#756,#329,.T.);
#929=EDGE_CURVE('',#756,#744,#330,.T.);
#930=EDGE_CURVE('',#757,#757,#53,.T.);
#931=EDGE_CURVE('',#758,#758,#54,.T.);
#932=EDGE_CURVE('',#759,#759,#55,.T.);
#933=EDGE_CURVE('',#760,#760,#56,.T.);
#934=EDGE_CURVE('',#760,#761,#331,.T.);
#935=EDGE_CURVE('',#761,#761,#57,.T.);
#936=EDGE_CURVE('',#762,#762,#58,.T.);
#937=EDGE_CURVE('',#762,#763,#332,.T.);
#938=EDGE_CURVE('',#763,#763,#59,.T.);
#939=EDGE_CURVE('',#764,#764,#60,.T.);
#940=EDGE_CURVE('',#764,#757,#333,.T.);
#941=EDGE_CURVE('',#765,#766,#334,.T.);
#942=EDGE_CURVE('',#765,#767,#335,.T.);
#943=EDGE_CURVE('',#768,#767,#336,.T.);
#944=EDGE_CURVE('',#766,#768,#337,.T.);
#945=EDGE_CURVE('',#766,#769,#338,.T.);
#946=EDGE_CURVE('',#770,#768,#339,.T.);
#947=EDGE_CURVE('',#769,#770,#340,.T.);
#948=EDGE_CURVE('',#769,#771,#341,.T.);
#949=EDGE_CURVE('',#772,#770,#342,.T.);
#950=EDGE_CURVE('',#771,#772,#343,.T.);
#951=EDGE_CURVE('',#771,#773,#344,.T.);
#952=EDGE_CURVE('',#774,#772,#345,.T.);
#953=EDGE_CURVE('',#773,#774,#346,.T.);
#954=EDGE_CURVE('',#773,#775,#347,.T.);
#955=EDGE_CURVE('',#776,#774,#348,.T.);
#956=EDGE_CURVE('',#775,#776,#349,.T.);
#957=EDGE_CURVE('',#775,#765,#350,.T.);
#958=EDGE_CURVE('',#767,#776,#351,.T.);
#959=EDGE_CURVE('',#777,#778,#352,.T.);
#960=EDGE_CURVE('',#779,#777,#61,.T.);
#961=EDGE_CURVE('',#780,#779,#353,.T.);
#962=EDGE_CURVE('',#781,#780,#354,.T.);
#963=EDGE_CURVE('',#782,#781,#355,.T.);
#964=EDGE_CURVE('',#778,#782,#62,.T.);
#965=EDGE_CURVE('',#783,#780,#356,.T.);
#966=EDGE_CURVE('',#783,#784,#357,.T.);
#967=EDGE_CURVE('',#781,#784,#358,.T.);
#968=EDGE_CURVE('',#779,#785,#359,.T.);
#969=EDGE_CURVE('',#785,#783,#360,.T.);
#970=EDGE_CURVE('',#777,#786,#361,.T.);
#971=EDGE_CURVE('',#786,#785,#63,.T.);
#972=EDGE_CURVE('',#787,#788,#362,.T.);
#973=EDGE_CURVE('',#789,#787,#363,.T.);
#974=EDGE_CURVE('',#790,#789,#364,.T.);
#975=EDGE_CURVE('',#788,#790,#365,.T.);
#976=EDGE_CURVE('',#788,#791,#366,.T.);
#977=EDGE_CURVE('',#792,#790,#367,.T.);
#978=EDGE_CURVE('',#791,#792,#368,.T.);
#979=EDGE_CURVE('',#791,#793,#369,.T.);
#980=EDGE_CURVE('',#794,#792,#370,.T.);
#981=EDGE_CURVE('',#793,#794,#371,.T.);
#982=EDGE_CURVE('',#794,#789,#372,.T.);
#983=EDGE_CURVE('',#795,#787,#373,.T.);
#984=EDGE_CURVE('',#795,#796,#374,.T.);
#985=EDGE_CURVE('',#796,#797,#375,.T.);
#986=EDGE_CURVE('',#798,#797,#376,.T.);
#987=EDGE_CURVE('',#793,#798,#377,.T.);
#988=EDGE_CURVE('',#799,#800,#378,.T.);
#989=EDGE_CURVE('',#799,#801,#379,.T.);
#990=EDGE_CURVE('',#802,#801,#380,.T.);
#991=EDGE_CURVE('',#800,#802,#381,.T.);
#992=EDGE_CURVE('',#803,#804,#382,.T.);
#993=EDGE_CURVE('',#805,#803,#383,.T.);
#994=EDGE_CURVE('',#806,#805,#384,.T.);
#995=EDGE_CURVE('',#804,#806,#385,.T.);
#996=EDGE_CURVE('',#804,#799,#386,.T.);
#997=EDGE_CURVE('',#801,#806,#387,.T.);
#998=EDGE_CURVE('',#802,#805,#388,.T.);
#999=EDGE_CURVE('',#742,#800,#389,.T.);
#1000=EDGE_CURVE('',#741,#807,#390,.T.);
#1001=EDGE_CURVE('',#807,#808,#391,.T.);
#1002=EDGE_CURVE('',#803,#808,#392,.T.);
#1003=EDGE_CURVE('',#809,#810,#393,.T.);
#1004=EDGE_CURVE('',#811,#810,#394,.T.);
#1005=EDGE_CURVE('',#811,#812,#395,.T.);
#1006=EDGE_CURVE('',#809,#812,#396,.T.);
#1007=EDGE_CURVE('',#813,#814,#397,.T.);
#1008=EDGE_CURVE('',#815,#814,#398,.T.);
#1009=EDGE_CURVE('',#816,#815,#399,.T.);
#1010=EDGE_CURVE('',#816,#813,#400,.T.);
#1011=EDGE_CURVE('',#798,#817,#401,.T.);
#1012=EDGE_CURVE('',#818,#817,#402,.T.);
#1013=EDGE_CURVE('',#818,#795,#403,.T.);
#1014=EDGE_CURVE('',#810,#819,#404,.T.);
#1015=EDGE_CURVE('',#819,#820,#405,.T.);
#1016=EDGE_CURVE('',#811,#820,#406,.T.);
#1017=EDGE_CURVE('',#821,#822,#407,.T.);
#1018=EDGE_CURVE('',#821,#823,#408,.T.);
#1019=EDGE_CURVE('',#824,#823,#409,.T.);
#1020=EDGE_CURVE('',#824,#822,#410,.T.);
#1021=EDGE_CURVE('',#706,#825,#411,.T.);
#1022=EDGE_CURVE('',#825,#826,#412,.T.);
#1023=EDGE_CURVE('',#707,#826,#413,.T.);
#1024=EDGE_CURVE('',#823,#827,#414,.T.);
#1025=EDGE_CURVE('',#827,#828,#415,.T.);
#1026=EDGE_CURVE('',#824,#828,#416,.T.);
#1027=EDGE_CURVE('',#745,#829,#417,.T.);
#1028=EDGE_CURVE('',#830,#744,#418,.T.);
#1029=EDGE_CURVE('',#831,#830,#419,.T.);
#1030=EDGE_CURVE('',#829,#831,#420,.T.);
#1031=EDGE_CURVE('',#832,#746,#421,.T.);
#1032=EDGE_CURVE('',#832,#722,#422,.T.);
#1033=EDGE_CURVE('',#833,#755,#423,.T.);
#1034=EDGE_CURVE('',#833,#834,#424,.T.);
#1035=EDGE_CURVE('',#835,#834,#425,.T.);
#1036=EDGE_CURVE('',#756,#835,#426,.T.);
#1037=EDGE_CURVE('',#836,#723,#427,.T.);
#1038=EDGE_CURVE('',#747,#836,#428,.T.);
#1039=EDGE_CURVE('',#835,#830,#429,.T.);
#1040=EDGE_CURVE('',#836,#837,#430,.T.);
#1041=EDGE_CURVE('',#816,#837,#431,.T.);
#1042=EDGE_CURVE('',#748,#815,#432,.T.);
#1043=EDGE_CURVE('',#826,#838,#433,.T.);
#1044=EDGE_CURVE('',#838,#833,#434,.T.);
#1045=EDGE_CURVE('',#778,#839,#435,.T.);
#1046=EDGE_CURVE('',#839,#786,#436,.T.);
#1047=EDGE_CURVE('',#840,#840,#64,.T.);
#1048=EDGE_CURVE('',#840,#758,#437,.T.);
#1049=EDGE_CURVE('',#841,#782,#438,.T.);
#1050=EDGE_CURVE('',#841,#839,#65,.T.);
#1051=EDGE_CURVE('',#842,#751,#439,.T.);
#1052=EDGE_CURVE('',#842,#843,#66,.T.);
#1053=EDGE_CURVE('',#843,#752,#440,.T.);
#1054=EDGE_CURVE('',#843,#844,#441,.T.);
#1055=EDGE_CURVE('',#844,#753,#442,.T.);
#1056=EDGE_CURVE('',#844,#845,#67,.T.);
#1057=EDGE_CURVE('',#754,#845,#443,.T.);
#1058=EDGE_CURVE('',#846,#846,#68,.T.);
#1059=EDGE_CURVE('',#846,#759,#444,.T.);
#1060=EDGE_CURVE('',#847,#750,#445,.T.);
#1061=EDGE_CURVE('',#847,#842,#446,.T.);
#1062=EDGE_CURVE('',#845,#739,#447,.T.);
#1063=EDGE_CURVE('',#812,#729,#448,.T.);
#1064=EDGE_CURVE('',#809,#728,#449,.T.);
#1065=EDGE_CURVE('',#814,#727,#450,.T.);
#1066=EDGE_CURVE('',#813,#848,#451,.T.);
#1067=EDGE_CURVE('',#848,#819,#452,.T.);
#1068=EDGE_CURVE('',#820,#796,#453,.T.);
#1069=EDGE_CURVE('',#730,#818,#454,.T.);
#1070=EDGE_CURVE('',#731,#817,#455,.T.);
#1071=EDGE_CURVE('',#849,#838,#456,.T.);
#1072=EDGE_CURVE('',#825,#849,#457,.T.);
#1073=EDGE_CURVE('',#784,#841,#458,.T.);
#1074=EDGE_CURVE('',#740,#850,#459,.T.);
#1075=EDGE_CURVE('',#807,#850,#460,.T.);
#1076=EDGE_CURVE('',#822,#737,#461,.T.);
#1077=EDGE_CURVE('',#821,#736,#462,.T.);
#1078=EDGE_CURVE('',#808,#735,#463,.T.);
#1079=EDGE_CURVE('',#850,#827,#464,.T.);
#1080=EDGE_CURVE('',#828,#849,#465,.T.);
#1081=EDGE_CURVE('',#837,#848,#466,.T.);
#1082=EDGE_CURVE('',#829,#832,#467,.T.);
#1083=EDGE_CURVE('',#851,#851,#69,.T.);
#1084=EDGE_CURVE('',#732,#749,#468,.T.);
#1085=EDGE_CURVE('',#852,#852,#70,.T.);
#1086=EDGE_CURVE('',#853,#853,#71,.T.);
#1087=EDGE_CURVE('',#853,#711,#469,.T.);
#1088=EDGE_CURVE('',#851,#852,#470,.T.);
#1089=EDGE_CURVE('',#797,#847,#471,.T.);
#1090=EDGE_CURVE('',#834,#831,#472,.T.);
#1091=EDGE_CURVE('',#854,#854,#72,.T.);
#1092=EDGE_CURVE('',#854,#855,#473,.T.);
#1093=EDGE_CURVE('',#855,#855,#73,.T.);
#1094=EDGE_CURVE('',#856,#856,#74,.T.);
#1095=EDGE_CURVE('',#856,#857,#474,.T.);
#1096=EDGE_CURVE('',#857,#857,#75,.T.);
#1097=EDGE_CURVE('',#858,#859,#475,.T.);
#1098=EDGE_CURVE('',#858,#860,#476,.T.);
#1099=EDGE_CURVE('',#861,#860,#477,.T.);
#1100=EDGE_CURVE('',#859,#861,#478,.T.);
#1101=EDGE_CURVE('',#859,#862,#479,.T.);
#1102=EDGE_CURVE('',#863,#861,#480,.T.);
#1103=EDGE_CURVE('',#862,#863,#481,.T.);
#1104=EDGE_CURVE('',#862,#864,#482,.T.);
#1105=EDGE_CURVE('',#865,#863,#483,.T.);
#1106=EDGE_CURVE('',#864,#865,#484,.T.);
#1107=EDGE_CURVE('',#864,#858,#485,.T.);
#1108=EDGE_CURVE('',#860,#865,#486,.T.);
#1109=ORIENTED_EDGE('',*,*,#866,.F.);
#1110=ORIENTED_EDGE('',*,*,#867,.T.);
#1111=ORIENTED_EDGE('',*,*,#868,.T.);
#1112=ORIENTED_EDGE('',*,*,#869,.T.);
#1113=ORIENTED_EDGE('',*,*,#870,.F.);
#1114=ORIENTED_EDGE('',*,*,#871,.F.);
#1115=ORIENTED_EDGE('',*,*,#872,.F.);
#1116=ORIENTED_EDGE('',*,*,#873,.T.);
#1117=ORIENTED_EDGE('',*,*,#874,.T.);
#1118=ORIENTED_EDGE('',*,*,#875,.T.);
#1119=ORIENTED_EDGE('',*,*,#876,.T.);
#1120=ORIENTED_EDGE('',*,*,#877,.F.);
#1121=ORIENTED_EDGE('',*,*,#878,.T.);
#1122=ORIENTED_EDGE('',*,*,#879,.T.);
#1123=ORIENTED_EDGE('',*,*,#880,.F.);
#1124=ORIENTED_EDGE('',*,*,#881,.F.);
#1125=ORIENTED_EDGE('',*,*,#871,.T.);
#1126=ORIENTED_EDGE('',*,*,#882,.F.);
#1127=ORIENTED_EDGE('',*,*,#883,.T.);
#1128=ORIENTED_EDGE('',*,*,#884,.T.);
#1129=ORIENTED_EDGE('',*,*,#885,.T.);
#1130=ORIENTED_EDGE('',*,*,#886,.T.);
#1131=ORIENTED_EDGE('',*,*,#887,.T.);
#1132=ORIENTED_EDGE('',*,*,#875,.F.);
#1133=ORIENTED_EDGE('',*,*,#888,.T.);
#1134=ORIENTED_EDGE('',*,*,#889,.T.);
#1135=ORIENTED_EDGE('',*,*,#890,.F.);
#1136=ORIENTED_EDGE('',*,*,#879,.F.);
#1137=ORIENTED_EDGE('',*,*,#872,.T.);
#1138=ORIENTED_EDGE('',*,*,#884,.F.);
#1139=ORIENTED_EDGE('',*,*,#891,.T.);
#1140=ORIENTED_EDGE('',*,*,#892,.T.);
#1141=ORIENTED_EDGE('',*,*,#893,.T.);
#1142=ORIENTED_EDGE('',*,*,#894,.F.);
#1143=ORIENTED_EDGE('',*,*,#895,.F.);
#1144=ORIENTED_EDGE('',*,*,#896,.F.);
#1145=ORIENTED_EDGE('',*,*,#897,.T.);
#1146=ORIENTED_EDGE('',*,*,#898,.T.);
#1147=ORIENTED_EDGE('',*,*,#899,.F.);
#1148=ORIENTED_EDGE('',*,*,#889,.F.);
#1149=ORIENTED_EDGE('',*,*,#866,.T.);
#1150=ORIENTED_EDGE('',*,*,#892,.F.);
#1151=ORIENTED_EDGE('',*,*,#900,.F.);
#1152=ORIENTED_EDGE('',*,*,#901,.T.);
#1153=ORIENTED_EDGE('',*,*,#902,.T.);
#1154=ORIENTED_EDGE('',*,*,#903,.F.);
#1155=ORIENTED_EDGE('',*,*,#904,.F.);
#1156=ORIENTED_EDGE('',*,*,#905,.F.);
#1157=ORIENTED_EDGE('',*,*,#906,.T.);
#1158=ORIENTED_EDGE('',*,*,#907,.T.);
#1159=ORIENTED_EDGE('',*,*,#908,.F.);
#1160=ORIENTED_EDGE('',*,*,#909,.F.);
#1161=ORIENTED_EDGE('',*,*,#910,.T.);
#1162=ORIENTED_EDGE('',*,*,#901,.F.);
#1163=ORIENTED_EDGE('',*,*,#911,.F.);
#1164=ORIENTED_EDGE('',*,*,#912,.T.);
#1165=ORIENTED_EDGE('',*,*,#913,.T.);
#1166=ORIENTED_EDGE('',*,*,#914,.T.);
#1167=ORIENTED_EDGE('',*,*,#915,.T.);
#1168=ORIENTED_EDGE('',*,*,#877,.T.);
#1169=ORIENTED_EDGE('',*,*,#916,.T.);
#1170=ORIENTED_EDGE('',*,*,#917,.T.);
#1171=ORIENTED_EDGE('',*,*,#918,.T.);
#1172=ORIENTED_EDGE('',*,*,#881,.T.);
#1173=ORIENTED_EDGE('',*,*,#919,.F.);
#1174=ORIENTED_EDGE('',*,*,#920,.F.);
#1175=ORIENTED_EDGE('',*,*,#921,.T.);
#1176=ORIENTED_EDGE('',*,*,#922,.T.);
#1177=ORIENTED_EDGE('',*,*,#923,.T.);
#1178=ORIENTED_EDGE('',*,*,#924,.T.);
#1179=ORIENTED_EDGE('',*,*,#925,.T.);
#1180=ORIENTED_EDGE('',*,*,#912,.F.);
#1181=ORIENTED_EDGE('',*,*,#926,.T.);
#1182=ORIENTED_EDGE('',*,*,#882,.T.);
#1183=ORIENTED_EDGE('',*,*,#870,.T.);
#1184=ORIENTED_EDGE('',*,*,#927,.T.);
#1185=ORIENTED_EDGE('',*,*,#928,.T.);
#1186=ORIENTED_EDGE('',*,*,#929,.T.);
#1187=ORIENTED_EDGE('',*,*,#930,.T.);
#1188=ORIENTED_EDGE('',*,*,#931,.T.);
#1189=ORIENTED_EDGE('',*,*,#932,.T.);
#1190=ORIENTED_EDGE('',*,*,#933,.F.);
#1191=ORIENTED_EDGE('',*,*,#934,.T.);
#1192=ORIENTED_EDGE('',*,*,#935,.F.);
#1193=ORIENTED_EDGE('',*,*,#934,.F.);
#1194=ORIENTED_EDGE('',*,*,#936,.F.);
#1195=ORIENTED_EDGE('',*,*,#937,.T.);
#1196=ORIENTED_EDGE('',*,*,#938,.F.);
#1197=ORIENTED_EDGE('',*,*,#937,.F.);
#1198=ORIENTED_EDGE('',*,*,#939,.F.);
#1199=ORIENTED_EDGE('',*,*,#940,.T.);
#1200=ORIENTED_EDGE('',*,*,#930,.F.);
#1201=ORIENTED_EDGE('',*,*,#940,.F.);
#1202=ORIENTED_EDGE('',*,*,#941,.F.);
#1203=ORIENTED_EDGE('',*,*,#942,.T.);
#1204=ORIENTED_EDGE('',*,*,#943,.F.);
#1205=ORIENTED_EDGE('',*,*,#944,.F.);
#1206=ORIENTED_EDGE('',*,*,#945,.F.);
#1207=ORIENTED_EDGE('',*,*,#944,.T.);
#1208=ORIENTED_EDGE('',*,*,#946,.F.);
#1209=ORIENTED_EDGE('',*,*,#947,.F.);
#1210=ORIENTED_EDGE('',*,*,#948,.F.);
#1211=ORIENTED_EDGE('',*,*,#947,.T.);
#1212=ORIENTED_EDGE('',*,*,#949,.F.);
#1213=ORIENTED_EDGE('',*,*,#950,.F.);
#1214=ORIENTED_EDGE('',*,*,#951,.F.);
#1215=ORIENTED_EDGE('',*,*,#950,.T.);
#1216=ORIENTED_EDGE('',*,*,#952,.F.);
#1217=ORIENTED_EDGE('',*,*,#953,.F.);
#1218=ORIENTED_EDGE('',*,*,#954,.F.);
#1219=ORIENTED_EDGE('',*,*,#953,.T.);
#1220=ORIENTED_EDGE('',*,*,#955,.F.);
#1221=ORIENTED_EDGE('',*,*,#956,.F.);
#1222=ORIENTED_EDGE('',*,*,#957,.F.);
#1223=ORIENTED_EDGE('',*,*,#956,.T.);
#1224=ORIENTED_EDGE('',*,*,#958,.F.);
#1225=ORIENTED_EDGE('',*,*,#942,.F.);
#1226=ORIENTED_EDGE('',*,*,#959,.F.);
#1227=ORIENTED_EDGE('',*,*,#960,.F.);
#1228=ORIENTED_EDGE('',*,*,#961,.F.);
#1229=ORIENTED_EDGE('',*,*,#962,.F.);
#1230=ORIENTED_EDGE('',*,*,#963,.F.);
#1231=ORIENTED_EDGE('',*,*,#964,.F.);
#1232=ORIENTED_EDGE('',*,*,#958,.T.);
#1233=ORIENTED_EDGE('',*,*,#955,.T.);
#1234=ORIENTED_EDGE('',*,*,#952,.T.);
#1235=ORIENTED_EDGE('',*,*,#949,.T.);
#1236=ORIENTED_EDGE('',*,*,#946,.T.);
#1237=ORIENTED_EDGE('',*,*,#943,.T.);
#1238=ORIENTED_EDGE('',*,*,#962,.T.);
#1239=ORIENTED_EDGE('',*,*,#965,.F.);
#1240=ORIENTED_EDGE('',*,*,#966,.T.);
#1241=ORIENTED_EDGE('',*,*,#967,.F.);
#1242=ORIENTED_EDGE('',*,*,#961,.T.);
#1243=ORIENTED_EDGE('',*,*,#968,.T.);
#1244=ORIENTED_EDGE('',*,*,#969,.T.);
#1245=ORIENTED_EDGE('',*,*,#965,.T.);
#1246=ORIENTED_EDGE('',*,*,#960,.T.);
#1247=ORIENTED_EDGE('',*,*,#970,.T.);
#1248=ORIENTED_EDGE('',*,*,#971,.T.);
#1249=ORIENTED_EDGE('',*,*,#968,.F.);
#1250=ORIENTED_EDGE('',*,*,#972,.F.);
#1251=ORIENTED_EDGE('',*,*,#973,.F.);
#1252=ORIENTED_EDGE('',*,*,#974,.F.);
#1253=ORIENTED_EDGE('',*,*,#975,.F.);
#1254=ORIENTED_EDGE('',*,*,#976,.F.);
#1255=ORIENTED_EDGE('',*,*,#975,.T.);
#1256=ORIENTED_EDGE('',*,*,#977,.F.);
#1257=ORIENTED_EDGE('',*,*,#978,.F.);
#1258=ORIENTED_EDGE('',*,*,#979,.F.);
#1259=ORIENTED_EDGE('',*,*,#978,.T.);
#1260=ORIENTED_EDGE('',*,*,#980,.F.);
#1261=ORIENTED_EDGE('',*,*,#981,.F.);
#1262=ORIENTED_EDGE('',*,*,#982,.F.);
#1263=ORIENTED_EDGE('',*,*,#980,.T.);
#1264=ORIENTED_EDGE('',*,*,#977,.T.);
#1265=ORIENTED_EDGE('',*,*,#974,.T.);
#1266=ORIENTED_EDGE('',*,*,#981,.T.);
#1267=ORIENTED_EDGE('',*,*,#982,.T.);
#1268=ORIENTED_EDGE('',*,*,#973,.T.);
#1269=ORIENTED_EDGE('',*,*,#983,.F.);
#1270=ORIENTED_EDGE('',*,*,#984,.T.);
#1271=ORIENTED_EDGE('',*,*,#985,.T.);
#1272=ORIENTED_EDGE('',*,*,#986,.F.);
#1273=ORIENTED_EDGE('',*,*,#987,.F.);
#1274=ORIENTED_EDGE('',*,*,#988,.F.);
#1275=ORIENTED_EDGE('',*,*,#989,.T.);
#1276=ORIENTED_EDGE('',*,*,#990,.F.);
#1277=ORIENTED_EDGE('',*,*,#991,.F.);
#1278=ORIENTED_EDGE('',*,*,#992,.F.);
#1279=ORIENTED_EDGE('',*,*,#993,.F.);
#1280=ORIENTED_EDGE('',*,*,#994,.F.);
#1281=ORIENTED_EDGE('',*,*,#995,.F.);
#1282=ORIENTED_EDGE('',*,*,#996,.F.);
#1283=ORIENTED_EDGE('',*,*,#995,.T.);
#1284=ORIENTED_EDGE('',*,*,#997,.F.);
#1285=ORIENTED_EDGE('',*,*,#989,.F.);
#1286=ORIENTED_EDGE('',*,*,#997,.T.);
#1287=ORIENTED_EDGE('',*,*,#994,.T.);
#1288=ORIENTED_EDGE('',*,*,#998,.F.);
#1289=ORIENTED_EDGE('',*,*,#990,.T.);
#1290=ORIENTED_EDGE('',*,*,#992,.T.);
#1291=ORIENTED_EDGE('',*,*,#996,.T.);
#1292=ORIENTED_EDGE('',*,*,#988,.T.);
#1293=ORIENTED_EDGE('',*,*,#999,.F.);
#1294=ORIENTED_EDGE('',*,*,#909,.T.);
#1295=ORIENTED_EDGE('',*,*,#1000,.T.);
#1296=ORIENTED_EDGE('',*,*,#1001,.T.);
#1297=ORIENTED_EDGE('',*,*,#1002,.F.);
#1298=ORIENTED_EDGE('',*,*,#1003,.T.);
#1299=ORIENTED_EDGE('',*,*,#1004,.F.);
#1300=ORIENTED_EDGE('',*,*,#1005,.T.);
#1301=ORIENTED_EDGE('',*,*,#1006,.F.);
#1302=ORIENTED_EDGE('',*,*,#1007,.T.);
#1303=ORIENTED_EDGE('',*,*,#1008,.F.);
#1304=ORIENTED_EDGE('',*,*,#1009,.F.);
#1305=ORIENTED_EDGE('',*,*,#1010,.T.);
#1306=ORIENTED_EDGE('',*,*,#979,.T.);
#1307=ORIENTED_EDGE('',*,*,#987,.T.);
#1308=ORIENTED_EDGE('',*,*,#1011,.T.);
#1309=ORIENTED_EDGE('',*,*,#1012,.F.);
#1310=ORIENTED_EDGE('',*,*,#1013,.T.);
#1311=ORIENTED_EDGE('',*,*,#983,.T.);
#1312=ORIENTED_EDGE('',*,*,#972,.T.);
#1313=ORIENTED_EDGE('',*,*,#976,.T.);
#1314=ORIENTED_EDGE('',*,*,#1004,.T.);
#1315=ORIENTED_EDGE('',*,*,#1014,.T.);
#1316=ORIENTED_EDGE('',*,*,#1015,.T.);
#1317=ORIENTED_EDGE('',*,*,#1016,.F.);
#1318=ORIENTED_EDGE('',*,*,#1017,.F.);
#1319=ORIENTED_EDGE('',*,*,#1018,.T.);
#1320=ORIENTED_EDGE('',*,*,#1019,.F.);
#1321=ORIENTED_EDGE('',*,*,#1020,.T.);
#1322=ORIENTED_EDGE('',*,*,#1021,.T.);
#1323=ORIENTED_EDGE('',*,*,#1022,.T.);
#1324=ORIENTED_EDGE('',*,*,#1023,.F.);
#1325=ORIENTED_EDGE('',*,*,#868,.F.);
#1326=ORIENTED_EDGE('',*,*,#1019,.T.);
#1327=ORIENTED_EDGE('',*,*,#1024,.T.);
#1328=ORIENTED_EDGE('',*,*,#1025,.T.);
#1329=ORIENTED_EDGE('',*,*,#1026,.F.);
#1330=ORIENTED_EDGE('',*,*,#1027,.F.);
#1331=ORIENTED_EDGE('',*,*,#913,.F.);
#1332=ORIENTED_EDGE('',*,*,#1028,.F.);
#1333=ORIENTED_EDGE('',*,*,#1029,.F.);
#1334=ORIENTED_EDGE('',*,*,#1030,.F.);
#1335=ORIENTED_EDGE('',*,*,#938,.T.);
#1336=ORIENTED_EDGE('',*,*,#1031,.F.);
#1337=ORIENTED_EDGE('',*,*,#1032,.T.);
#1338=ORIENTED_EDGE('',*,*,#885,.F.);
#1339=ORIENTED_EDGE('',*,*,#874,.F.);
#1340=ORIENTED_EDGE('',*,*,#915,.F.);
#1341=ORIENTED_EDGE('',*,*,#933,.T.);
#1342=ORIENTED_EDGE('',*,*,#1033,.F.);
#1343=ORIENTED_EDGE('',*,*,#1034,.T.);
#1344=ORIENTED_EDGE('',*,*,#1035,.F.);
#1345=ORIENTED_EDGE('',*,*,#1036,.F.);
#1346=ORIENTED_EDGE('',*,*,#928,.F.);
#1347=ORIENTED_EDGE('',*,*,#936,.T.);
#1348=ORIENTED_EDGE('',*,*,#1037,.F.);
#1349=ORIENTED_EDGE('',*,*,#1038,.F.);
#1350=ORIENTED_EDGE('',*,*,#916,.F.);
#1351=ORIENTED_EDGE('',*,*,#876,.F.);
#1352=ORIENTED_EDGE('',*,*,#887,.F.);
#1353=ORIENTED_EDGE('',*,*,#935,.T.);
#1354=ORIENTED_EDGE('',*,*,#1028,.T.);
#1355=ORIENTED_EDGE('',*,*,#929,.F.);
#1356=ORIENTED_EDGE('',*,*,#1036,.T.);
#1357=ORIENTED_EDGE('',*,*,#1039,.T.);
#1358=ORIENTED_EDGE('',*,*,#1038,.T.);
#1359=ORIENTED_EDGE('',*,*,#1040,.T.);
#1360=ORIENTED_EDGE('',*,*,#1041,.F.);
#1361=ORIENTED_EDGE('',*,*,#1009,.T.);
#1362=ORIENTED_EDGE('',*,*,#1042,.F.);
#1363=ORIENTED_EDGE('',*,*,#917,.F.);
#1364=ORIENTED_EDGE('',*,*,#1033,.T.);
#1365=ORIENTED_EDGE('',*,*,#927,.F.);
#1366=ORIENTED_EDGE('',*,*,#869,.F.);
#1367=ORIENTED_EDGE('',*,*,#1023,.T.);
#1368=ORIENTED_EDGE('',*,*,#1043,.T.);
#1369=ORIENTED_EDGE('',*,*,#1044,.T.);
#1370=ORIENTED_EDGE('',*,*,#959,.T.);
#1371=ORIENTED_EDGE('',*,*,#1045,.T.);
#1372=ORIENTED_EDGE('',*,*,#1046,.T.);
#1373=ORIENTED_EDGE('',*,*,#970,.F.);
#1374=ORIENTED_EDGE('',*,*,#1047,.T.);
#1375=ORIENTED_EDGE('',*,*,#1048,.T.);
#1376=ORIENTED_EDGE('',*,*,#931,.F.);
#1377=ORIENTED_EDGE('',*,*,#1048,.F.);
#1378=ORIENTED_EDGE('',*,*,#964,.T.);
#1379=ORIENTED_EDGE('',*,*,#1049,.F.);
#1380=ORIENTED_EDGE('',*,*,#1050,.T.);
#1381=ORIENTED_EDGE('',*,*,#1045,.F.);
#1382=ORIENTED_EDGE('',*,*,#1051,.F.);
#1383=ORIENTED_EDGE('',*,*,#1052,.T.);
#1384=ORIENTED_EDGE('',*,*,#1053,.T.);
#1385=ORIENTED_EDGE('',*,*,#922,.F.);
#1386=ORIENTED_EDGE('',*,*,#1053,.F.);
#1387=ORIENTED_EDGE('',*,*,#1054,.T.);
#1388=ORIENTED_EDGE('',*,*,#1055,.T.);
#1389=ORIENTED_EDGE('',*,*,#923,.F.);
#1390=ORIENTED_EDGE('',*,*,#1055,.F.);
#1391=ORIENTED_EDGE('',*,*,#1056,.T.);
#1392=ORIENTED_EDGE('',*,*,#1057,.F.);
#1393=ORIENTED_EDGE('',*,*,#924,.F.);
#1394=ORIENTED_EDGE('',*,*,#1058,.T.);
#1395=ORIENTED_EDGE('',*,*,#1059,.T.);
#1396=ORIENTED_EDGE('',*,*,#932,.F.);
#1397=ORIENTED_EDGE('',*,*,#1059,.F.);
#1398=ORIENTED_EDGE('',*,*,#1051,.T.);
#1399=ORIENTED_EDGE('',*,*,#921,.F.);
#1400=ORIENTED_EDGE('',*,*,#1060,.F.);
#1401=ORIENTED_EDGE('',*,*,#1061,.T.);
#1402=ORIENTED_EDGE('',*,*,#941,.T.);
#1403=ORIENTED_EDGE('',*,*,#945,.T.);
#1404=ORIENTED_EDGE('',*,*,#948,.T.);
#1405=ORIENTED_EDGE('',*,*,#951,.T.);
#1406=ORIENTED_EDGE('',*,*,#954,.T.);
#1407=ORIENTED_EDGE('',*,*,#957,.T.);
#1408=ORIENTED_EDGE('',*,*,#939,.T.);
#1409=ORIENTED_EDGE('',*,*,#1057,.T.);
#1410=ORIENTED_EDGE('',*,*,#1062,.T.);
#1411=ORIENTED_EDGE('',*,*,#906,.F.);
#1412=ORIENTED_EDGE('',*,*,#925,.F.);
#1413=ORIENTED_EDGE('',*,*,#1006,.T.);
#1414=ORIENTED_EDGE('',*,*,#1063,.T.);
#1415=ORIENTED_EDGE('',*,*,#895,.T.);
#1416=ORIENTED_EDGE('',*,*,#1064,.F.);
#1417=ORIENTED_EDGE('',*,*,#894,.T.);
#1418=ORIENTED_EDGE('',*,*,#1065,.F.);
#1419=ORIENTED_EDGE('',*,*,#1007,.F.);
#1420=ORIENTED_EDGE('',*,*,#1066,.T.);
#1421=ORIENTED_EDGE('',*,*,#1067,.T.);
#1422=ORIENTED_EDGE('',*,*,#1014,.F.);
#1423=ORIENTED_EDGE('',*,*,#1003,.F.);
#1424=ORIENTED_EDGE('',*,*,#1064,.T.);
#1425=ORIENTED_EDGE('',*,*,#896,.T.);
#1426=ORIENTED_EDGE('',*,*,#1063,.F.);
#1427=ORIENTED_EDGE('',*,*,#1005,.F.);
#1428=ORIENTED_EDGE('',*,*,#1016,.T.);
#1429=ORIENTED_EDGE('',*,*,#1068,.T.);
#1430=ORIENTED_EDGE('',*,*,#984,.F.);
#1431=ORIENTED_EDGE('',*,*,#1013,.F.);
#1432=ORIENTED_EDGE('',*,*,#1069,.F.);
#1433=ORIENTED_EDGE('',*,*,#1069,.T.);
#1434=ORIENTED_EDGE('',*,*,#1012,.T.);
#1435=ORIENTED_EDGE('',*,*,#1070,.F.);
#1436=ORIENTED_EDGE('',*,*,#897,.F.);
#1437=ORIENTED_EDGE('',*,*,#1071,.T.);
#1438=ORIENTED_EDGE('',*,*,#1043,.F.);
#1439=ORIENTED_EDGE('',*,*,#1022,.F.);
#1440=ORIENTED_EDGE('',*,*,#1072,.T.);
#1441=ORIENTED_EDGE('',*,*,#963,.T.);
#1442=ORIENTED_EDGE('',*,*,#967,.T.);
#1443=ORIENTED_EDGE('',*,*,#1073,.T.);
#1444=ORIENTED_EDGE('',*,*,#1049,.T.);
#1445=ORIENTED_EDGE('',*,*,#1074,.T.);
#1446=ORIENTED_EDGE('',*,*,#1075,.F.);
#1447=ORIENTED_EDGE('',*,*,#1000,.F.);
#1448=ORIENTED_EDGE('',*,*,#908,.T.);
#1449=ORIENTED_EDGE('',*,*,#1017,.T.);
#1450=ORIENTED_EDGE('',*,*,#1076,.T.);
#1451=ORIENTED_EDGE('',*,*,#904,.T.);
#1452=ORIENTED_EDGE('',*,*,#1077,.F.);
#1453=ORIENTED_EDGE('',*,*,#903,.T.);
#1454=ORIENTED_EDGE('',*,*,#1078,.F.);
#1455=ORIENTED_EDGE('',*,*,#1001,.F.);
#1456=ORIENTED_EDGE('',*,*,#1075,.T.);
#1457=ORIENTED_EDGE('',*,*,#1079,.T.);
#1458=ORIENTED_EDGE('',*,*,#1024,.F.);
#1459=ORIENTED_EDGE('',*,*,#1018,.F.);
#1460=ORIENTED_EDGE('',*,*,#1077,.T.);
#1461=ORIENTED_EDGE('',*,*,#905,.T.);
#1462=ORIENTED_EDGE('',*,*,#1076,.F.);
#1463=ORIENTED_EDGE('',*,*,#1020,.F.);
#1464=ORIENTED_EDGE('',*,*,#1026,.T.);
#1465=ORIENTED_EDGE('',*,*,#1080,.T.);
#1466=ORIENTED_EDGE('',*,*,#1072,.F.);
#1467=ORIENTED_EDGE('',*,*,#1021,.F.);
#1468=ORIENTED_EDGE('',*,*,#867,.F.);
#1469=ORIENTED_EDGE('',*,*,#1081,.T.);
#1470=ORIENTED_EDGE('',*,*,#1066,.F.);
#1471=ORIENTED_EDGE('',*,*,#1010,.F.);
#1472=ORIENTED_EDGE('',*,*,#1041,.T.);
#1473=ORIENTED_EDGE('',*,*,#1027,.T.);
#1474=ORIENTED_EDGE('',*,*,#1082,.T.);
#1475=ORIENTED_EDGE('',*,*,#1031,.T.);
#1476=ORIENTED_EDGE('',*,*,#914,.F.);
#1477=ORIENTED_EDGE('',*,*,#1008,.T.);
#1478=ORIENTED_EDGE('',*,*,#1065,.T.);
#1479=ORIENTED_EDGE('',*,*,#893,.F.);
#1480=ORIENTED_EDGE('',*,*,#888,.F.);
#1481=ORIENTED_EDGE('',*,*,#878,.F.);
#1482=ORIENTED_EDGE('',*,*,#918,.F.);
#1483=ORIENTED_EDGE('',*,*,#1042,.T.);
#1484=ORIENTED_EDGE('',*,*,#1083,.T.);
#1485=ORIENTED_EDGE('',*,*,#1084,.T.);
#1486=ORIENTED_EDGE('',*,*,#919,.T.);
#1487=ORIENTED_EDGE('',*,*,#880,.T.);
#1488=ORIENTED_EDGE('',*,*,#890,.T.);
#1489=ORIENTED_EDGE('',*,*,#899,.T.);
#1490=ORIENTED_EDGE('',*,*,#1085,.T.);
#1491=ORIENTED_EDGE('',*,*,#1086,.F.);
#1492=ORIENTED_EDGE('',*,*,#1087,.T.);
#1493=ORIENTED_EDGE('',*,*,#873,.F.);
#1494=ORIENTED_EDGE('',*,*,#1087,.F.);
#1495=ORIENTED_EDGE('',*,*,#1083,.F.);
#1496=ORIENTED_EDGE('',*,*,#1088,.T.);
#1497=ORIENTED_EDGE('',*,*,#1085,.F.);
#1498=ORIENTED_EDGE('',*,*,#1088,.F.);
#1499=ORIENTED_EDGE('',*,*,#1060,.T.);
#1500=ORIENTED_EDGE('',*,*,#920,.T.);
#1501=ORIENTED_EDGE('',*,*,#1084,.F.);
#1502=ORIENTED_EDGE('',*,*,#898,.F.);
#1503=ORIENTED_EDGE('',*,*,#1070,.T.);
#1504=ORIENTED_EDGE('',*,*,#1011,.F.);
#1505=ORIENTED_EDGE('',*,*,#986,.T.);
#1506=ORIENTED_EDGE('',*,*,#1089,.T.);
#1507=ORIENTED_EDGE('',*,*,#993,.T.);
#1508=ORIENTED_EDGE('',*,*,#1002,.T.);
#1509=ORIENTED_EDGE('',*,*,#1078,.T.);
#1510=ORIENTED_EDGE('',*,*,#902,.F.);
#1511=ORIENTED_EDGE('',*,*,#910,.F.);
#1512=ORIENTED_EDGE('',*,*,#999,.T.);
#1513=ORIENTED_EDGE('',*,*,#991,.T.);
#1514=ORIENTED_EDGE('',*,*,#998,.T.);
#1515=ORIENTED_EDGE('',*,*,#1030,.T.);
#1516=ORIENTED_EDGE('',*,*,#1090,.F.);
#1517=ORIENTED_EDGE('',*,*,#1034,.F.);
#1518=ORIENTED_EDGE('',*,*,#1044,.F.);
#1519=ORIENTED_EDGE('',*,*,#1071,.F.);
#1520=ORIENTED_EDGE('',*,*,#1080,.F.);
#1521=ORIENTED_EDGE('',*,*,#1025,.F.);
#1522=ORIENTED_EDGE('',*,*,#1079,.F.);
#1523=ORIENTED_EDGE('',*,*,#1074,.F.);
#1524=ORIENTED_EDGE('',*,*,#907,.F.);
#1525=ORIENTED_EDGE('',*,*,#1062,.F.);
#1526=ORIENTED_EDGE('',*,*,#1056,.F.);
#1527=ORIENTED_EDGE('',*,*,#1054,.F.);
#1528=ORIENTED_EDGE('',*,*,#1052,.F.);
#1529=ORIENTED_EDGE('',*,*,#1061,.F.);
#1530=ORIENTED_EDGE('',*,*,#1089,.F.);
#1531=ORIENTED_EDGE('',*,*,#985,.F.);
#1532=ORIENTED_EDGE('',*,*,#1068,.F.);
#1533=ORIENTED_EDGE('',*,*,#1015,.F.);
#1534=ORIENTED_EDGE('',*,*,#1067,.F.);
#1535=ORIENTED_EDGE('',*,*,#1081,.F.);
#1536=ORIENTED_EDGE('',*,*,#1040,.F.);
#1537=ORIENTED_EDGE('',*,*,#1037,.T.);
#1538=ORIENTED_EDGE('',*,*,#886,.F.);
#1539=ORIENTED_EDGE('',*,*,#1032,.F.);
#1540=ORIENTED_EDGE('',*,*,#1082,.F.);
#1541=ORIENTED_EDGE('',*,*,#1058,.F.);
#1542=ORIENTED_EDGE('',*,*,#1047,.F.);
#1543=ORIENTED_EDGE('',*,*,#966,.F.);
#1544=ORIENTED_EDGE('',*,*,#969,.F.);
#1545=ORIENTED_EDGE('',*,*,#971,.F.);
#1546=ORIENTED_EDGE('',*,*,#1046,.F.);
#1547=ORIENTED_EDGE('',*,*,#1050,.F.);
#1548=ORIENTED_EDGE('',*,*,#1073,.F.);
#1549=ORIENTED_EDGE('',*,*,#1029,.T.);
#1550=ORIENTED_EDGE('',*,*,#1039,.F.);
#1551=ORIENTED_EDGE('',*,*,#1035,.T.);
#1552=ORIENTED_EDGE('',*,*,#1090,.T.);
#1553=ORIENTED_EDGE('',*,*,#911,.T.);
#1554=ORIENTED_EDGE('',*,*,#900,.T.);
#1555=ORIENTED_EDGE('',*,*,#891,.F.);
#1556=ORIENTED_EDGE('',*,*,#883,.F.);
#1557=ORIENTED_EDGE('',*,*,#926,.F.);
#1558=ORIENTED_EDGE('',*,*,#1086,.T.);
#1559=ORIENTED_EDGE('',*,*,#1091,.F.);
#1560=ORIENTED_EDGE('',*,*,#1092,.T.);
#1561=ORIENTED_EDGE('',*,*,#1093,.T.);
#1562=ORIENTED_EDGE('',*,*,#1092,.F.);
#1563=ORIENTED_EDGE('',*,*,#1094,.F.);
#1564=ORIENTED_EDGE('',*,*,#1095,.T.);
#1565=ORIENTED_EDGE('',*,*,#1096,.T.);
#1566=ORIENTED_EDGE('',*,*,#1095,.F.);
#1567=ORIENTED_EDGE('',*,*,#1097,.F.);
#1568=ORIENTED_EDGE('',*,*,#1098,.T.);
#1569=ORIENTED_EDGE('',*,*,#1099,.F.);
#1570=ORIENTED_EDGE('',*,*,#1100,.F.);
#1571=ORIENTED_EDGE('',*,*,#1101,.F.);
#1572=ORIENTED_EDGE('',*,*,#1100,.T.);
#1573=ORIENTED_EDGE('',*,*,#1102,.F.);
#1574=ORIENTED_EDGE('',*,*,#1103,.F.);
#1575=ORIENTED_EDGE('',*,*,#1104,.F.);
#1576=ORIENTED_EDGE('',*,*,#1103,.T.);
#1577=ORIENTED_EDGE('',*,*,#1105,.F.);
#1578=ORIENTED_EDGE('',*,*,#1106,.F.);
#1579=ORIENTED_EDGE('',*,*,#1107,.F.);
#1580=ORIENTED_EDGE('',*,*,#1106,.T.);
#1581=ORIENTED_EDGE('',*,*,#1108,.F.);
#1582=ORIENTED_EDGE('',*,*,#1098,.F.);
#1583=ORIENTED_EDGE('',*,*,#1108,.T.);
#1584=ORIENTED_EDGE('',*,*,#1105,.T.);
#1585=ORIENTED_EDGE('',*,*,#1102,.T.);
#1586=ORIENTED_EDGE('',*,*,#1099,.T.);
#1587=ORIENTED_EDGE('',*,*,#1094,.T.);
#1588=ORIENTED_EDGE('',*,*,#1091,.T.);
#1589=ORIENTED_EDGE('',*,*,#1107,.T.);
#1590=ORIENTED_EDGE('',*,*,#1097,.T.);
#1591=ORIENTED_EDGE('',*,*,#1101,.T.);
#1592=ORIENTED_EDGE('',*,*,#1104,.T.);
#1593=ORIENTED_EDGE('',*,*,#1096,.F.);
#1594=ORIENTED_EDGE('',*,*,#1093,.F.);
#1595=PLANE('',#1771);
#1596=PLANE('',#1773);
#1597=PLANE('',#1774);
#1598=PLANE('',#1775);
#1599=PLANE('',#1776);
#1600=PLANE('',#1777);
#1601=PLANE('',#1778);
#1602=PLANE('',#1779);
#1603=PLANE('',#1780);
#1604=PLANE('',#1781);
#1605=PLANE('',#1782);
#1606=PLANE('',#1796);
#1607=PLANE('',#1797);
#1608=PLANE('',#1798);
#1609=PLANE('',#1799);
#1610=PLANE('',#1800);
#1611=PLANE('',#1801);
#1612=PLANE('',#1802);
#1613=PLANE('',#1805);
#1614=PLANE('',#1806);
#1615=PLANE('',#1809);
#1616=PLANE('',#1810);
#1617=PLANE('',#1811);
#1618=PLANE('',#1812);
#1619=PLANE('',#1813);
#1620=PLANE('',#1814);
#1621=PLANE('',#1815);
#1622=PLANE('',#1816);
#1623=PLANE('',#1817);
#1624=PLANE('',#1818);
#1625=PLANE('',#1819);
#1626=PLANE('',#1820);
#1627=PLANE('',#1821);
#1628=PLANE('',#1822);
#1629=PLANE('',#1823);
#1630=PLANE('',#1824);
#1631=PLANE('',#1825);
#1632=PLANE('',#1826);
#1633=PLANE('',#1827);
#1634=PLANE('',#1828);
#1635=PLANE('',#1829);
#1636=PLANE('',#1830);
#1637=PLANE('',#1831);
#1638=PLANE('',#1832);
#1639=PLANE('',#1833);
#1640=PLANE('',#1840);
#1641=PLANE('',#1845);
#1642=PLANE('',#1846);
#1643=PLANE('',#1847);
#1644=PLANE('',#1848);
#1645=PLANE('',#1849);
#1646=PLANE('',#1850);
#1647=PLANE('',#1851);
#1648=PLANE('',#1852);
#1649=PLANE('',#1853);
#1650=PLANE('',#1854);
#1651=PLANE('',#1855);
#1652=PLANE('',#1856);
#1653=PLANE('',#1857);
#1654=PLANE('',#1858);
#1655=PLANE('',#1859);
#1656=PLANE('',#1860);
#1657=PLANE('',#1862);
#1658=PLANE('',#1867);
#1659=PLANE('',#1868);
#1660=PLANE('',#1869);
#1661=PLANE('',#1870);
#1662=PLANE('',#1871);
#1663=PLANE('',#1878);
#1664=PLANE('',#1879);
#1665=PLANE('',#1880);
#1666=PLANE('',#1881);
#1667=PLANE('',#1882);
#1668=PLANE('',#1883);
#1669=ADVANCED_FACE('',(#76,#30),#1595,.T.);
#1670=ADVANCED_FACE('',(#77),#1596,.T.);
#1671=ADVANCED_FACE('',(#78),#1597,.T.);
#1672=ADVANCED_FACE('',(#79),#1598,.T.);
#1673=ADVANCED_FACE('',(#80),#1599,.T.);
#1674=ADVANCED_FACE('',(#81),#1600,.T.);
#1675=ADVANCED_FACE('',(#82),#1601,.T.);
#1676=ADVANCED_FACE('',(#83),#1602,.T.);
#1677=ADVANCED_FACE('',(#84),#1603,.T.);
#1678=ADVANCED_FACE('',(#85),#1604,.T.);
#1679=ADVANCED_FACE('',(#86,#31,#32,#33),#1605,.T.);
#1680=ADVANCED_FACE('',(#87),#17,.F.);
#1681=ADVANCED_FACE('',(#88),#18,.F.);
#1682=ADVANCED_FACE('',(#89),#19,.F.);
#1683=ADVANCED_FACE('',(#90),#1606,.T.);
#1684=ADVANCED_FACE('',(#91),#1607,.T.);
#1685=ADVANCED_FACE('',(#92),#1608,.T.);
#1686=ADVANCED_FACE('',(#93),#1609,.T.);
#1687=ADVANCED_FACE('',(#94),#1610,.T.);
#1688=ADVANCED_FACE('',(#95),#1611,.T.);
#1689=ADVANCED_FACE('',(#96,#34),#1612,.T.);
#1690=ADVANCED_FACE('',(#97),#1613,.T.);
#1691=ADVANCED_FACE('',(#98),#1614,.T.);
#1692=ADVANCED_FACE('',(#99),#20,.T.);
#1693=ADVANCED_FACE('',(#100),#1615,.T.);
#1694=ADVANCED_FACE('',(#101),#1616,.T.);
#1695=ADVANCED_FACE('',(#102),#1617,.T.);
#1696=ADVANCED_FACE('',(#103),#1618,.T.);
#1697=ADVANCED_FACE('',(#104),#1619,.T.);
#1698=ADVANCED_FACE('',(#105),#1620,.T.);
#1699=ADVANCED_FACE('',(#106),#1621,.T.);
#1700=ADVANCED_FACE('',(#107),#1622,.T.);
#1701=ADVANCED_FACE('',(#108),#1623,.T.);
#1702=ADVANCED_FACE('',(#109),#1624,.T.);
#1703=ADVANCED_FACE('',(#110),#1625,.T.);
#1704=ADVANCED_FACE('',(#111),#1626,.T.);
#1705=ADVANCED_FACE('',(#112),#1627,.T.);
#1706=ADVANCED_FACE('',(#113),#1628,.T.);
#1707=ADVANCED_FACE('',(#114),#1629,.T.);
#1708=ADVANCED_FACE('',(#115),#1630,.T.);
#1709=ADVANCED_FACE('',(#116),#1631,.T.);
#1710=ADVANCED_FACE('',(#117,#35),#1632,.T.);
#1711=ADVANCED_FACE('',(#118,#36),#1633,.T.);
#1712=ADVANCED_FACE('',(#119,#37),#1634,.T.);
#1713=ADVANCED_FACE('',(#120,#38),#1635,.T.);
#1714=ADVANCED_FACE('',(#121),#1636,.T.);
#1715=ADVANCED_FACE('',(#122),#1637,.T.);
#1716=ADVANCED_FACE('',(#123),#1638,.T.);
#1717=ADVANCED_FACE('',(#124),#1639,.T.);
#1718=ADVANCED_FACE('',(#125),#21,.F.);
#1719=ADVANCED_FACE('',(#126),#22,.T.);
#1720=ADVANCED_FACE('',(#127),#23,.T.);
#1721=ADVANCED_FACE('',(#128),#1640,.T.);
#1722=ADVANCED_FACE('',(#129),#24,.T.);
#1723=ADVANCED_FACE('',(#130),#25,.F.);
#1724=ADVANCED_FACE('',(#131),#1641,.T.);
#1725=ADVANCED_FACE('',(#132,#39),#1642,.T.);
#1726=ADVANCED_FACE('',(#133),#1643,.T.);
#1727=ADVANCED_FACE('',(#134),#1644,.T.);
#1728=ADVANCED_FACE('',(#135),#1645,.T.);
#1729=ADVANCED_FACE('',(#136),#1646,.T.);
#1730=ADVANCED_FACE('',(#137),#1647,.F.);
#1731=ADVANCED_FACE('',(#138),#1648,.T.);
#1732=ADVANCED_FACE('',(#139),#1649,.T.);
#1733=ADVANCED_FACE('',(#140),#1650,.T.);
#1734=ADVANCED_FACE('',(#141),#1651,.T.);
#1735=ADVANCED_FACE('',(#142),#1652,.T.);
#1736=ADVANCED_FACE('',(#143),#1653,.T.);
#1737=ADVANCED_FACE('',(#144),#1654,.T.);
#1738=ADVANCED_FACE('',(#145),#1655,.T.);
#1739=ADVANCED_FACE('',(#146,#40),#1656,.F.);
#1740=ADVANCED_FACE('',(#147,#41),#1657,.T.);
#1741=ADVANCED_FACE('',(#148),#26,.F.);
#1742=ADVANCED_FACE('',(#149),#27,.F.);
#1743=ADVANCED_FACE('',(#150),#1658,.T.);
#1744=ADVANCED_FACE('',(#151),#1659,.T.);
#1745=ADVANCED_FACE('',(#152,#42,#43,#44),#1660,.T.);
#1746=ADVANCED_FACE('',(#153),#1661,.T.);
#1747=ADVANCED_FACE('',(#154,#45),#1662,.F.);
#1748=ADVANCED_FACE('',(#155),#28,.F.);
#1749=ADVANCED_FACE('',(#156),#29,.F.);
#1750=ADVANCED_FACE('',(#157),#1663,.T.);
#1751=ADVANCED_FACE('',(#158),#1664,.T.);
#1752=ADVANCED_FACE('',(#159),#1665,.T.);
#1753=ADVANCED_FACE('',(#160),#1666,.T.);
#1754=ADVANCED_FACE('',(#161,#46,#47),#1667,.T.);
#1755=ADVANCED_FACE('',(#162,#48,#49),#1668,.F.);
#1756=CLOSED_SHELL('',(#1669,#1670,#1671,#1672,#1673,#1674,#1675,#1676,
#1677,#1678,#1679,#1680,#1681,#1682,#1683,#1684,#1685,#1686,#1687,#1688,
#1689,#1690,#1691,#1692,#1693,#1694,#1695,#1696,#1697,#1698,#1699,#1700,
#1701,#1702,#1703,#1704,#1705,#1706,#1707,#1708,#1709,#1710,#1711,#1712,
#1713,#1714,#1715,#1716,#1717,#1718,#1719,#1720,#1721,#1722,#1723,#1724,
#1725,#1726,#1727,#1728,#1729,#1730,#1731,#1732,#1733,#1734,#1735,#1736,
#1737,#1738,#1739,#1740,#1741,#1742,#1743,#1744,#1745,#1746,#1747));
#1757=CLOSED_SHELL('',(#1748,#1749,#1750,#1751,#1752,#1753,#1754,#1755));
#1758=DERIVED_UNIT_ELEMENT(#1760,1.);
#1759=DERIVED_UNIT_ELEMENT(#2827,-3.);
#1760=(
MASS_UNIT()
NAMED_UNIT(*)
SI_UNIT(.KILO.,.GRAM.)
);
#1761=DERIVED_UNIT((#1758,#1759));
#1762=MEASURE_REPRESENTATION_ITEM('density measure',
POSITIVE_RATIO_MEASURE(7850.),#1761);
#1763=PROPERTY_DEFINITION_REPRESENTATION(#1768,#1765);
#1764=PROPERTY_DEFINITION_REPRESENTATION(#1769,#1766);
#1765=REPRESENTATION('material name',(#1767),#2824);
#1766=REPRESENTATION('density',(#1762),#2824);
#1767=DESCRIPTIVE_REPRESENTATION_ITEM('Steel','Steel');
#1768=PROPERTY_DEFINITION('material property','material name',#2834);
#1769=PROPERTY_DEFINITION('material property','density of part',#2834);
#1770=AXIS2_PLACEMENT_3D('',#2329,#1884,#1885);
#1771=AXIS2_PLACEMENT_3D('',#2330,#1886,#1887);
#1772=AXIS2_PLACEMENT_3D('',#2346,#1895,#1896);
#1773=AXIS2_PLACEMENT_3D('',#2347,#1897,#1898);
#1774=AXIS2_PLACEMENT_3D('',#2356,#1903,#1904);
#1775=AXIS2_PLACEMENT_3D('',#2365,#1909,#1910);
#1776=AXIS2_PLACEMENT_3D('',#2371,#1914,#1915);
#1777=AXIS2_PLACEMENT_3D('',#2377,#1919,#1920);
#1778=AXIS2_PLACEMENT_3D('',#2383,#1924,#1925);
#1779=AXIS2_PLACEMENT_3D('',#2387,#1928,#1929);
#1780=AXIS2_PLACEMENT_3D('',#2401,#1937,#1938);
#1781=AXIS2_PLACEMENT_3D('',#2413,#1945,#1946);
#1782=AXIS2_PLACEMENT_3D('',#2427,#1954,#1955);
#1783=AXIS2_PLACEMENT_3D('',#2446,#1965,#1966);
#1784=AXIS2_PLACEMENT_3D('',#2450,#1968,#1969);
#1785=AXIS2_PLACEMENT_3D('',#2459,#1975,#1976);
#1786=AXIS2_PLACEMENT_3D('',#2461,#1977,#1978);
#1787=AXIS2_PLACEMENT_3D('',#2463,#1979,#1980);
#1788=AXIS2_PLACEMENT_3D('',#2464,#1981,#1982);
#1789=AXIS2_PLACEMENT_3D('',#2466,#1983,#1984);
#1790=AXIS2_PLACEMENT_3D('',#2469,#1986,#1987);
#1791=AXIS2_PLACEMENT_3D('',#2470,#1988,#1989);
#1792=AXIS2_PLACEMENT_3D('',#2472,#1990,#1991);
#1793=AXIS2_PLACEMENT_3D('',#2475,#1993,#1994);
#1794=AXIS2_PLACEMENT_3D('',#2476,#1995,#1996);
#1795=AXIS2_PLACEMENT_3D('',#2478,#1997,#1998);
#1796=AXIS2_PLACEMENT_3D('',#2480,#2000,#2001);
#1797=AXIS2_PLACEMENT_3D('',#2489,#2006,#2007);
#1798=AXIS2_PLACEMENT_3D('',#2495,#2011,#2012);
#1799=AXIS2_PLACEMENT_3D('',#2501,#2016,#2017);
#1800=AXIS2_PLACEMENT_3D('',#2507,#2021,#2022);
#1801=AXIS2_PLACEMENT_3D('',#2513,#2026,#2027);
#1802=AXIS2_PLACEMENT_3D('',#2516,#2030,#2031);
#1803=AXIS2_PLACEMENT_3D('',#2521,#2033,#2034);
#1804=AXIS2_PLACEMENT_3D('',#2528,#2038,#2039);
#1805=AXIS2_PLACEMENT_3D('',#2529,#2040,#2041);
#1806=AXIS2_PLACEMENT_3D('',#2535,#2045,#2046);
#1807=AXIS2_PLACEMENT_3D('',#2539,#2049,#2050);
#1808=AXIS2_PLACEMENT_3D('',#2542,#2052,#2053);
#1809=AXIS2_PLACEMENT_3D('',#2543,#2054,#2055);
#1810=AXIS2_PLACEMENT_3D('',#2552,#2060,#2061);
#1811=AXIS2_PLACEMENT_3D('',#2558,#2065,#2066);
#1812=AXIS2_PLACEMENT_3D('',#2564,#2070,#2071);
#1813=AXIS2_PLACEMENT_3D('',#2566,#2073,#2074);
#1814=AXIS2_PLACEMENT_3D('',#2576,#2080,#2081);
#1815=AXIS2_PLACEMENT_3D('',#2585,#2086,#2087);
#1816=AXIS2_PLACEMENT_3D('',#2594,#2092,#2093);
#1817=AXIS2_PLACEMENT_3D('',#2597,#2096,#2097);
#1818=AXIS2_PLACEMENT_3D('',#2599,#2099,#2100);
#1819=AXIS2_PLACEMENT_3D('',#2606,#2105,#2106);
#1820=AXIS2_PLACEMENT_3D('',#2615,#2111,#2112);
#1821=AXIS2_PLACEMENT_3D('',#2624,#2117,#2118);
#1822=AXIS2_PLACEMENT_3D('',#2630,#2122,#2123);
#1823=AXIS2_PLACEMENT_3D('',#2636,#2127,#2128);
#1824=AXIS2_PLACEMENT_3D('',#2645,#2133,#2134);
#1825=AXIS2_PLACEMENT_3D('',#2651,#2138,#2139);
#1826=AXIS2_PLACEMENT_3D('',#2657,#2143,#2144);
#1827=AXIS2_PLACEMENT_3D('',#2665,#2149,#2150);
#1828=AXIS2_PLACEMENT_3D('',#2669,#2153,#2154);
#1829=AXIS2_PLACEMENT_3D('',#2677,#2159,#2160);
#1830=AXIS2_PLACEMENT_3D('',#2681,#2163,#2164);
#1831=AXIS2_PLACEMENT_3D('',#2683,#2166,#2167);
#1832=AXIS2_PLACEMENT_3D('',#2688,#2171,#2172);
#1833=AXIS2_PLACEMENT_3D('',#2692,#2175,#2176);
#1834=AXIS2_PLACEMENT_3D('',#2696,#2179,#2180);
#1835=AXIS2_PLACEMENT_3D('',#2698,#2181,#2182);
#1836=AXIS2_PLACEMENT_3D('',#2700,#2184,#2185);
#1837=AXIS2_PLACEMENT_3D('',#2703,#2187,#2188);
#1838=AXIS2_PLACEMENT_3D('',#2704,#2189,#2190);
#1839=AXIS2_PLACEMENT_3D('',#2708,#2192,#2193);
#1840=AXIS2_PLACEMENT_3D('',#2710,#2195,#2196);
#1841=AXIS2_PLACEMENT_3D('',#2714,#2199,#2200);
#1842=AXIS2_PLACEMENT_3D('',#2716,#2201,#2202);
#1843=AXIS2_PLACEMENT_3D('',#2718,#2204,#2205);
#1844=AXIS2_PLACEMENT_3D('',#2720,#2206,#2207);
#1845=AXIS2_PLACEMENT_3D('',#2722,#2209,#2210);
#1846=AXIS2_PLACEMENT_3D('',#2726,#2213,#2214);
#1847=AXIS2_PLACEMENT_3D('',#2727,#2215,#2216);
#1848=AXIS2_PLACEMENT_3D('',#2729,#2218,#2219);
#1849=AXIS2_PLACEMENT_3D('',#2732,#2222,#2223);
#1850=AXIS2_PLACEMENT_3D('',#2737,#2227,#2228);
#1851=AXIS2_PLACEMENT_3D('',#2740,#2231,#2232);
#1852=AXIS2_PLACEMENT_3D('',#2742,#2234,#2235);
#1853=AXIS2_PLACEMENT_3D('',#2746,#2238,#2239);
#1854=AXIS2_PLACEMENT_3D('',#2748,#2241,#2242);
#1855=AXIS2_PLACEMENT_3D('',#2752,#2245,#2246);
#1856=AXIS2_PLACEMENT_3D('',#2755,#2249,#2250);
#1857=AXIS2_PLACEMENT_3D('',#2758,#2253,#2254);
#1858=AXIS2_PLACEMENT_3D('',#2760,#2256,#2257);
#1859=AXIS2_PLACEMENT_3D('',#2762,#2259,#2260);
#1860=AXIS2_PLACEMENT_3D('',#2764,#2262,#2263);
#1861=AXIS2_PLACEMENT_3D('',#2766,#2264,#2265);
#1862=AXIS2_PLACEMENT_3D('',#2767,#2266,#2267);
#1863=AXIS2_PLACEMENT_3D('',#2770,#2269,#2270);
#1864=AXIS2_PLACEMENT_3D('',#2771,#2271,#2272);
#1865=AXIS2_PLACEMENT_3D('',#2773,#2273,#2274);
#1866=AXIS2_PLACEMENT_3D('',#2775,#2276,#2277);
#1867=AXIS2_PLACEMENT_3D('',#2777,#2279,#2280);
#1868=AXIS2_PLACEMENT_3D('',#2779,#2282,#2283);
#1869=AXIS2_PLACEMENT_3D('',#2780,#2284,#2285);
#1870=AXIS2_PLACEMENT_3D('',#2782,#2287,#2288);
#1871=AXIS2_PLACEMENT_3D('',#2783,#2289,#2290);
#1872=AXIS2_PLACEMENT_3D('',#2784,#2291,#2292);
#1873=AXIS2_PLACEMENT_3D('',#2786,#2293,#2294);
#1874=AXIS2_PLACEMENT_3D('',#2789,#2296,#2297);
#1875=AXIS2_PLACEMENT_3D('',#2790,#2298,#2299);
#1876=AXIS2_PLACEMENT_3D('',#2792,#2300,#2301);
#1877=AXIS2_PLACEMENT_3D('',#2795,#2303,#2304);
#1878=AXIS2_PLACEMENT_3D('',#2796,#2305,#2306);
#1879=AXIS2_PLACEMENT_3D('',#2805,#2311,#2312);
#1880=AXIS2_PLACEMENT_3D('',#2811,#2316,#2317);
#1881=AXIS2_PLACEMENT_3D('',#2817,#2321,#2322);
#1882=AXIS2_PLACEMENT_3D('',#2820,#2325,#2326);
#1883=AXIS2_PLACEMENT_3D('',#2821,#2327,#2328);
#1884=DIRECTION('axis',(0.,0.,1.));
#1885=DIRECTION('refdir',(1.,0.,0.));
#1886=DIRECTION('center_axis',(1.,0.,0.));
#1887=DIRECTION('ref_axis',(0.,0.,-1.));
#1888=DIRECTION('',(-1.13523447985576E-16,0.,-1.));
#1889=DIRECTION('',(0.,-1.,1.00929365875014E-16));
#1890=DIRECTION('',(0.,-1.11022302462516E-16,-1.));
#1891=DIRECTION('',(0.,-1.,0.));
#1892=DIRECTION('',(1.13523447985576E-16,0.,1.));
#1893=DIRECTION('',(1.01150132803507E-16,-0.453990499739548,0.891006524188367));
#1894=DIRECTION('',(2.16612950618133E-17,-0.981627183447657,0.190808995376581));
#1895=DIRECTION('center_axis',(-1.,0.,0.));
#1896=DIRECTION('ref_axis',(0.,0.,-1.));
#1897=DIRECTION('center_axis',(0.,-0.891006524188367,-0.453990499739548));
#1898=DIRECTION('ref_axis',(0.,0.453990499739548,-0.891006524188367));
#1899=DIRECTION('',(0.,0.453990499739548,-0.891006524188367));
#1900=DIRECTION('',(1.,0.,0.));
#1901=DIRECTION('',(0.,-0.453990499739548,0.891006524188367));
#1902=DIRECTION('',(1.,0.,0.));
#1903=DIRECTION('center_axis',(0.,-0.891006524188367,-0.453990499739548));
#1904=DIRECTION('ref_axis',(0.,0.453990499739548,-0.891006524188367));
#1905=DIRECTION('',(-1.92458890091997E-15,0.453990499739548,-0.891006524188367));
#1906=DIRECTION('',(1.,0.,0.));
#1907=DIRECTION('',(0.,0.453990499739548,-0.891006524188367));
#1908=DIRECTION('',(1.,0.,0.));
#1909=DIRECTION('center_axis',(0.,-0.891006524188367,-0.453990499739548));
#1910=DIRECTION('ref_axis',(0.,0.453990499739548,-0.891006524188367));
#1911=DIRECTION('',(1.,0.,0.));
#1912=DIRECTION('',(0.,0.453990499739548,-0.891006524188367));
#1913=DIRECTION('',(1.,0.,0.));
#1914=DIRECTION('center_axis',(0.,-0.190808995376581,-0.981627183447657));
#1915=DIRECTION('ref_axis',(0.,0.981627183447657,-0.190808995376581));
#1916=DIRECTION('',(0.,0.981627183447657,-0.190808995376581));
#1917=DIRECTION('',(1.,0.,0.));
#1918=DIRECTION('',(0.,-0.981627183447657,0.190808995376581));
#1919=DIRECTION('center_axis',(0.,-0.190808995376581,-0.981627183447657));
#1920=DIRECTION('ref_axis',(0.,0.981627183447657,-0.190808995376581));
#1921=DIRECTION('',(-4.12150601289898E-16,0.981627183447657,-0.190808995376581));
#1922=DIRECTION('',(1.,0.,0.));
#1923=DIRECTION('',(0.,0.981627183447657,-0.190808995376581));
#1924=DIRECTION('center_axis',(0.,-0.190808995376581,-0.981627183447657));
#1925=DIRECTION('ref_axis',(0.,0.981627183447657,-0.190808995376581));
#1926=DIRECTION('',(0.,0.981627183447657,-0.190808995376581));
#1927=DIRECTION('',(1.,0.,0.));
#1928=DIRECTION('center_axis',(0.,1.,0.));
#1929=DIRECTION('ref_axis',(0.,0.,1.));
#1930=DIRECTION('',(2.16001662016237E-15,0.,1.));
#1931=DIRECTION('',(1.,0.,0.));
#1932=DIRECTION('',(0.,0.,-1.));
#1933=DIRECTION('',(-1.,0.,0.));
#1934=DIRECTION('',(0.,0.,1.));
#1935=DIRECTION('',(1.,0.,0.));
#1936=DIRECTION('',(0.,0.,1.));
#1937=DIRECTION('center_axis',(0.,1.,0.));
#1938=DIRECTION('ref_axis',(0.,0.,1.));
#1939=DIRECTION('',(0.,0.,-1.));
#1940=DIRECTION('',(1.,0.,0.));
#1941=DIRECTION('',(0.,0.,-1.));
#1942=DIRECTION('',(-1.,0.,0.));
#1943=DIRECTION('',(0.,0.,1.));
#1944=DIRECTION('',(1.,0.,0.));
#1945=DIRECTION('center_axis',(0.,0.,1.));
#1946=DIRECTION('ref_axis',(0.,-1.,0.));
#1947=DIRECTION('',(0.,1.,0.));
#1948=DIRECTION('',(-1.,0.,4.45872700652673E-17));
#1949=DIRECTION('',(0.,1.,-1.00929365875014E-16));
#1950=DIRECTION('',(1.,0.,0.));
#1951=DIRECTION('',(0.,1.,0.));
#1952=DIRECTION('',(0.,1.,0.));
#1953=DIRECTION('',(1.,0.,0.));
#1954=DIRECTION('center_axis',(0.,-1.,0.));
#1955=DIRECTION('ref_axis',(0.,0.,-1.));
#1956=DIRECTION('',(0.,0.,1.));
#1957=DIRECTION('',(1.,0.,0.));
#1958=DIRECTION('',(0.,0.,-1.));
#1959=DIRECTION('',(0.,0.,1.));
#1960=DIRECTION('',(1.,0.,0.));
#1961=DIRECTION('',(-2.16001662016237E-15,0.,-1.));
#1962=DIRECTION('',(0.,0.,-1.));
#1963=DIRECTION('',(1.,0.,0.));
#1964=DIRECTION('',(0.,0.,-1.));
#1965=DIRECTION('center_axis',(0.,-1.,0.));
#1966=DIRECTION('ref_axis',(-0.955096070979825,0.,0.296296296296295));
#1967=DIRECTION('',(-1.,0.,-1.870009145397E-17));
#1968=DIRECTION('center_axis',(0.,-1.,0.));
#1969=DIRECTION('ref_axis',(-0.555555555555555,0.,0.831479419283098));
#1970=DIRECTION('',(0.,0.,1.));
#1971=DIRECTION('',(0.,0.,-1.));
#1972=DIRECTION('',(1.,0.,0.));
#1973=DIRECTION('',(0.,0.,-1.));
#1974=DIRECTION('',(1.,0.,0.));
#1975=DIRECTION('center_axis',(0.,1.,0.));
#1976=DIRECTION('ref_axis',(-1.,0.,0.));
#1977=DIRECTION('center_axis',(0.,1.,0.));
#1978=DIRECTION('ref_axis',(-1.,0.,0.));
#1979=DIRECTION('center_axis',(0.,1.,0.));
#1980=DIRECTION('ref_axis',(-1.,0.,0.));
#1981=DIRECTION('center_axis',(1.,0.,0.));
#1982=DIRECTION('ref_axis',(0.,0.,1.));
#1983=DIRECTION('center_axis',(1.,0.,0.));
#1984=DIRECTION('ref_axis',(0.,0.,1.));
#1985=DIRECTION('',(1.,0.,0.));
#1986=DIRECTION('center_axis',(-1.,0.,0.));
#1987=DIRECTION('ref_axis',(0.,0.,1.));
#1988=DIRECTION('center_axis',(1.,0.,0.));
#1989=DIRECTION('ref_axis',(0.,0.,1.));
#1990=DIRECTION('center_axis',(1.,0.,0.));
#1991=DIRECTION('ref_axis',(0.,0.,1.));
#1992=DIRECTION('',(1.,0.,0.));
#1993=DIRECTION('center_axis',(-1.,0.,0.));
#1994=DIRECTION('ref_axis',(0.,0.,1.));
#1995=DIRECTION('center_axis',(0.,-1.,0.));
#1996=DIRECTION('ref_axis',(-1.,0.,0.));
#1997=DIRECTION('center_axis',(0.,-1.,1.11022302462516E-16));
#1998=DIRECTION('ref_axis',(-1.,0.,0.));
#1999=DIRECTION('',(0.,-1.,0.));
#2000=DIRECTION('center_axis',(5.3876109747822E-16,0.,-1.));
#2001=DIRECTION('ref_axis',(-1.,0.,-5.3876109747822E-16));
#2002=DIRECTION('',(1.,5.98144975192638E-32,5.3876109747822E-16));
#2003=DIRECTION('',(0.,1.,0.));
#2004=DIRECTION('',(-1.,0.,-5.3876109747822E-16));
#2005=DIRECTION('',(0.,1.,0.));
#2006=DIRECTION('center_axis',(-0.866025403784421,0.,-0.50000000000003));
#2007=DIRECTION('ref_axis',(-0.50000000000003,0.,0.866025403784421));
#2008=DIRECTION('',(0.50000000000003,-9.61481343191763E-17,-0.866025403784421));
#2009=DIRECTION('',(-0.50000000000003,0.,0.866025403784421));
#2010=DIRECTION('',(0.,1.,0.));
#2011=DIRECTION('center_axis',(-0.866025403784438,0.,0.500000000000001));
#2012=DIRECTION('ref_axis',(0.500000000000001,0.,0.866025403784438));
#2013=DIRECTION('',(-0.500000000000001,-9.61481343191781E-17,-0.866025403784438));
#2014=DIRECTION('',(0.500000000000001,0.,0.866025403784438));
#2015=DIRECTION('',(0.,1.,0.));
#2016=DIRECTION('center_axis',(0.,0.,1.));
#2017=DIRECTION('ref_axis',(1.,0.,0.));
#2018=DIRECTION('',(-1.,0.,0.));
#2019=DIRECTION('',(1.,0.,0.));
#2020=DIRECTION('',(0.,1.,0.));
#2021=DIRECTION('center_axis',(0.86602540378444,0.,0.499999999999998));
#2022=DIRECTION('ref_axis',(0.499999999999998,0.,-0.86602540378444));
#2023=DIRECTION('',(-0.499999999999998,9.61481343191783E-17,0.86602540378444));
#2024=DIRECTION('',(0.499999999999998,0.,-0.86602540378444));
#2025=DIRECTION('',(0.,1.,0.));
#2026=DIRECTION('center_axis',(0.866025403784417,0.,-0.500000000000037));
#2027=DIRECTION('ref_axis',(-0.500000000000037,0.,-0.866025403784417));
#2028=DIRECTION('',(0.500000000000037,9.61481343191758E-17,0.866025403784417));
#2029=DIRECTION('',(-0.500000000000037,0.,-0.866025403784417));
#2030=DIRECTION('center_axis',(0.,1.,0.));
#2031=DIRECTION('ref_axis',(-1.,0.,0.));
#2032=DIRECTION('',(-1.,0.,0.));
#2033=DIRECTION('center_axis',(0.,1.,0.));
#2034=DIRECTION('ref_axis',(-1.,0.,0.));
#2035=DIRECTION('',(0.,0.,1.));
#2036=DIRECTION('',(1.,0.,4.66480262447545E-17));
#2037=DIRECTION('',(0.,0.,-1.));
#2038=DIRECTION('center_axis',(0.,1.,0.));
#2039=DIRECTION('ref_axis',(-1.,0.,0.));
#2040=DIRECTION('center_axis',(-4.66480262447545E-17,0.,1.));
#2041=DIRECTION('ref_axis',(1.,0.,4.66480262447545E-17));
#2042=DIRECTION('',(0.,-1.,0.));
#2043=DIRECTION('',(-1.,0.,-4.66480262447545E-17));
#2044=DIRECTION('',(0.,1.,0.));
#2045=DIRECTION('center_axis',(-1.,0.,0.));
#2046=DIRECTION('ref_axis',(0.,0.,1.));
#2047=DIRECTION('',(0.,1.,0.));
#2048=DIRECTION('',(0.,0.,-1.));
#2049=DIRECTION('center_axis',(0.,1.,0.));
#2050=DIRECTION('ref_axis',(-1.,0.,0.));
#2051=DIRECTION('',(0.,1.,0.));
#2052=DIRECTION('center_axis',(0.,-1.,0.));
#2053=DIRECTION('ref_axis',(-1.,0.,0.));
#2054=DIRECTION('center_axis',(0.,-6.50521303491303E-17,-1.));
#2055=DIRECTION('ref_axis',(-1.,0.,0.));
#2056=DIRECTION('',(1.,0.,0.));
#2057=DIRECTION('',(0.,-1.,6.50521303491303E-17));
#2058=DIRECTION('',(-1.,0.,0.));
#2059=DIRECTION('',(0.,1.,-6.50521303491303E-17));
#2060=DIRECTION('center_axis',(1.,0.,0.));
#2061=DIRECTION('ref_axis',(0.,0.,-1.));
#2062=DIRECTION('',(0.,1.11022302462516E-16,1.));
#2063=DIRECTION('',(0.,0.,-1.));
#2064=DIRECTION('',(0.,1.,-6.50521303491303E-17));
#2065=DIRECTION('center_axis',(4.62592926927149E-17,6.50521303491303E-17,
1.));
#2066=DIRECTION('ref_axis',(1.,0.,-4.62592926927149E-17));
#2067=DIRECTION('',(-1.,5.13581318503263E-33,4.62592926927149E-17));
#2068=DIRECTION('',(1.,0.,-4.62592926927149E-17));
#2069=DIRECTION('',(0.,1.,-6.50521303491303E-17));
#2070=DIRECTION('center_axis',(0.,1.,-6.50521303491303E-17));
#2071=DIRECTION('ref_axis',(0.,6.50521303491303E-17,1.));
#2072=DIRECTION('',(0.,-6.50521303491303E-17,-1.));
#2073=DIRECTION('center_axis',(1.,0.,0.));
#2074=DIRECTION('ref_axis',(0.,0.,-1.));
#2075=DIRECTION('',(0.,1.11022302462516E-16,1.));
#2076=DIRECTION('',(0.,1.,-1.00929365875014E-16));
#2077=DIRECTION('',(0.,0.,1.));
#2078=DIRECTION('',(0.,1.,-1.00929365875014E-16));
#2079=DIRECTION('',(0.,1.11022302462516E-16,1.));
#2080=DIRECTION('center_axis',(0.,6.50521303491303E-17,1.));
#2081=DIRECTION('ref_axis',(1.,0.,0.));
#2082=DIRECTION('',(-1.,0.,0.));
#2083=DIRECTION('',(0.,1.,-6.50521303491303E-17));
#2084=DIRECTION('',(1.,0.,0.));
#2085=DIRECTION('',(0.,1.,-6.50521303491303E-17));
#2086=DIRECTION('center_axis',(0.,-6.50521303491303E-17,-1.));
#2087=DIRECTION('ref_axis',(-1.,0.,0.));
#2088=DIRECTION('',(1.,0.,0.));
#2089=DIRECTION('',(0.,-1.,6.50521303491303E-17));
#2090=DIRECTION('',(-1.,0.,0.));
#2091=DIRECTION('',(0.,1.,-6.50521303491303E-17));
#2092=DIRECTION('center_axis',(1.,0.,0.));
#2093=DIRECTION('ref_axis',(0.,0.,-1.));
#2094=DIRECTION('',(0.,1.11022302462516E-16,1.));
#2095=DIRECTION('',(0.,0.,-1.));
#2096=DIRECTION('center_axis',(0.,1.,-6.50521303491303E-17));
#2097=DIRECTION('ref_axis',(0.,6.50521303491303E-17,1.));
#2098=DIRECTION('',(0.,-6.50521303491303E-17,-1.));
#2099=DIRECTION('center_axis',(0.,1.,-1.11022302462516E-16));
#2100=DIRECTION('ref_axis',(0.,1.11022302462516E-16,1.));
#2101=DIRECTION('',(0.,-1.11022302462516E-16,-1.));
#2102=DIRECTION('',(0.,-1.11022302462516E-16,-1.));
#2103=DIRECTION('',(-1.,0.,0.));
#2104=DIRECTION('',(0.,-1.11022302462516E-16,-1.));
#2105=DIRECTION('center_axis',(0.,1.,0.));
#2106=DIRECTION('ref_axis',(0.,0.,1.));
#2107=DIRECTION('',(-1.,0.,0.));
#2108=DIRECTION('',(0.,0.,-1.));
#2109=DIRECTION('',(1.,0.,0.));
#2110=DIRECTION('',(0.,0.,1.));
#2111=DIRECTION('center_axis',(0.,1.,-1.11022302462516E-16));
#2112=DIRECTION('ref_axis',(0.,1.11022302462516E-16,1.));
#2113=DIRECTION('',(1.,0.,0.));
#2114=DIRECTION('',(0.,1.11022302462516E-16,1.));
#2115=DIRECTION('',(1.,0.,0.));
#2116=DIRECTION('',(0.,1.11022302462516E-16,1.));
#2117=DIRECTION('center_axis',(0.,1.,-1.11022302462516E-16));
#2118=DIRECTION('ref_axis',(0.,1.11022302462516E-16,1.));
#2119=DIRECTION('',(1.,0.,0.));
#2120=DIRECTION('',(0.,1.11022302462516E-16,1.));
#2121=DIRECTION('',(-1.,0.,0.));
#2122=DIRECTION('center_axis',(1.,0.,0.));
#2123=DIRECTION('ref_axis',(0.,0.,-1.));
#2124=DIRECTION('',(0.,1.,-1.00929365875014E-16));
#2125=DIRECTION('',(0.,0.,1.));
#2126=DIRECTION('',(0.,1.,-1.00929365875014E-16));
#2127=DIRECTION('center_axis',(0.,1.,0.));
#2128=DIRECTION('ref_axis',(0.,0.,1.));
#2129=DIRECTION('',(0.,0.,-1.));
#2130=DIRECTION('',(1.,0.,0.));
#2131=DIRECTION('',(0.,0.,1.));
#2132=DIRECTION('',(-1.,0.,0.));
#2133=DIRECTION('center_axis',(0.,1.,-1.11022302462516E-16));
#2134=DIRECTION('ref_axis',(0.,1.11022302462516E-16,1.));
#2135=DIRECTION('',(1.,0.,0.));
#2136=DIRECTION('',(0.,-1.11022302462516E-16,-1.));
#2137=DIRECTION('',(1.,0.,0.));
#2138=DIRECTION('center_axis',(-1.,0.,0.));
#2139=DIRECTION('ref_axis',(0.,0.,1.));
#2140=DIRECTION('',(0.,1.,-1.00929365875014E-16));
#2141=DIRECTION('',(0.,0.,-1.));
#2142=DIRECTION('',(0.,1.,-1.00929365875014E-16));
#2143=DIRECTION('center_axis',(1.,0.,0.));
#2144=DIRECTION('ref_axis',(0.,0.,-1.));
#2145=DIRECTION('',(0.,1.,0.));
#2146=DIRECTION('',(0.,-0.453990499739548,0.891006524188367));
#2147=DIRECTION('',(0.,-0.981627183447657,0.190808995376581));
#2148=DIRECTION('',(0.,0.,-1.));
#2149=DIRECTION('center_axis',(-1.,0.,0.));
#2150=DIRECTION('ref_axis',(0.,0.,1.));
#2151=DIRECTION('',(0.,-1.,1.48029736616688E-15));
#2152=DIRECTION('',(0.,0.,-1.));
#2153=DIRECTION('center_axis',(-1.,0.,0.));
#2154=DIRECTION('ref_axis',(0.,0.,1.));
#2155=DIRECTION('',(0.,-1.,1.48029736616688E-15));
#2156=DIRECTION('',(0.,0.,-1.));
#2157=DIRECTION('',(0.,0.981627183447657,-0.190808995376581));
#2158=DIRECTION('',(0.,0.453990499739548,-0.891006524188367));
#2159=DIRECTION('center_axis',(1.,0.,0.));
#2160=DIRECTION('ref_axis',(0.,0.,-1.));
#2161=DIRECTION('',(0.,0.,-1.));
#2162=DIRECTION('',(0.,1.,-1.48029736616688E-15));
#2163=DIRECTION('center_axis',(0.,-0.891006524188367,-0.453990499739548));
#2164=DIRECTION('ref_axis',(0.,0.453990499739548,-0.891006524188367));
#2165=DIRECTION('',(1.,0.,0.));
#2166=DIRECTION('center_axis',(0.,-1.48029736616688E-15,-1.));
#2167=DIRECTION('ref_axis',(0.,1.,-1.48029736616688E-15));
#2168=DIRECTION('',(1.,0.,-2.22936350326337E-17));
#2169=DIRECTION('',(0.,1.,-1.00929365875014E-16));
#2170=DIRECTION('',(0.,1.,-1.48029736616688E-15));
#2171=DIRECTION('center_axis',(0.,-1.48029736616688E-15,-1.));
#2172=DIRECTION('ref_axis',(0.,1.,-1.48029736616688E-15));
#2173=DIRECTION('',(0.,1.,-1.00929365875014E-16));
#2174=DIRECTION('',(1.,0.,-2.22936350326337E-17));
#2175=DIRECTION('center_axis',(0.,0.,-1.));
#2176=DIRECTION('ref_axis',(-1.,0.,0.));
#2177=DIRECTION('',(0.,1.,0.));
#2178=DIRECTION('',(1.,0.,0.));
#2179=DIRECTION('center_axis',(0.,1.,0.));
#2180=DIRECTION('ref_axis',(-1.,0.,0.));
#2181=DIRECTION('center_axis',(0.,1.,0.));
#2182=DIRECTION('ref_axis',(-1.,0.,0.));
#2183=DIRECTION('',(0.,-1.,0.));
#2184=DIRECTION('center_axis',(0.,1.,0.));
#2185=DIRECTION('ref_axis',(-1.,0.,0.));
#2186=DIRECTION('',(0.,-1.,0.));
#2187=DIRECTION('center_axis',(0.,-1.,0.));
#2188=DIRECTION('ref_axis',(-1.,0.,0.));
#2189=DIRECTION('center_axis',(0.,1.,0.));
#2190=DIRECTION('ref_axis',(-1.,0.,0.));
#2191=DIRECTION('',(0.,-1.,0.));
#2192=DIRECTION('center_axis',(0.,-1.,0.));
#2193=DIRECTION('ref_axis',(-1.,0.,0.));
#2194=DIRECTION('',(0.,-1.,0.));
#2195=DIRECTION('center_axis',(0.,0.,1.));
#2196=DIRECTION('ref_axis',(1.,0.,0.));
#2197=DIRECTION('',(-1.,0.,0.));
#2198=DIRECTION('',(0.,-1.,0.));
#2199=DIRECTION('center_axis',(0.,1.,0.));
#2200=DIRECTION('ref_axis',(-1.,0.,0.));
#2201=DIRECTION('center_axis',(0.,-1.,0.));
#2202=DIRECTION('ref_axis',(-1.,0.,0.));
#2203=DIRECTION('',(0.,1.,0.));
#2204=DIRECTION('center_axis',(0.,1.,0.));
#2205=DIRECTION('ref_axis',(-1.,0.,0.));
#2206=DIRECTION('center_axis',(0.,1.,0.));
#2207=DIRECTION('ref_axis',(-1.,0.,0.));
#2208=DIRECTION('',(0.,-1.,0.));
#2209=DIRECTION('center_axis',(-1.,0.,0.));
#2210=DIRECTION('ref_axis',(0.,0.,1.));
#2211=DIRECTION('',(0.,-1.,0.));
#2212=DIRECTION('',(0.,0.,-1.));
#2213=DIRECTION('center_axis',(0.,1.,-1.11022302462516E-16));
#2214=DIRECTION('ref_axis',(0.,1.11022302462516E-16,1.));
#2215=DIRECTION('center_axis',(1.,0.,0.));
#2216=DIRECTION('ref_axis',(0.,0.,-1.));
#2217=DIRECTION('',(0.,0.,1.));
#2218=DIRECTION('center_axis',(-1.,0.,0.));
#2219=DIRECTION('ref_axis',(0.,0.,1.));
#2220=DIRECTION('',(0.,1.,-1.00929365875014E-16));
#2221=DIRECTION('',(0.,1.,-1.00929365875014E-16));
#2222=DIRECTION('center_axis',(0.,-1.00929365875014E-16,-1.));
#2223=DIRECTION('ref_axis',(-1.,0.,0.));
#2224=DIRECTION('',(0.,1.,-1.00929365875014E-16));
#2225=DIRECTION('',(0.,1.,-1.00929365875014E-16));
#2226=DIRECTION('',(1.,0.,0.));
#2227=DIRECTION('center_axis',(0.,1.00929365875014E-16,1.));
#2228=DIRECTION('ref_axis',(1.,0.,0.));
#2229=DIRECTION('',(-1.,0.,0.));
#2230=DIRECTION('',(0.,-1.,1.00929365875014E-16));
#2231=DIRECTION('center_axis',(1.,0.,0.));
#2232=DIRECTION('ref_axis',(0.,0.,-1.));
#2233=DIRECTION('',(0.,-1.,0.));
#2234=DIRECTION('center_axis',(-1.,0.,0.));
#2235=DIRECTION('ref_axis',(0.,0.,1.));
#2236=DIRECTION('',(0.,0.,-1.));
#2237=DIRECTION('',(0.,1.,-1.00929365875014E-16));
#2238=DIRECTION('center_axis',(1.,0.,0.));
#2239=DIRECTION('ref_axis',(0.,0.,-1.));
#2240=DIRECTION('',(0.,0.,1.));
#2241=DIRECTION('center_axis',(-1.,0.,0.));
#2242=DIRECTION('ref_axis',(0.,0.,1.));
#2243=DIRECTION('',(0.,0.,-1.));
#2244=DIRECTION('',(0.,1.,-1.00929365875014E-16));
#2245=DIRECTION('center_axis',(1.,0.,0.));
#2246=DIRECTION('ref_axis',(0.,0.,-1.));
#2247=DIRECTION('',(0.,1.,-1.00929365875014E-16));
#2248=DIRECTION('',(0.,1.,-1.00929365875014E-16));
#2249=DIRECTION('center_axis',(0.,1.00929365875014E-16,1.));
#2250=DIRECTION('ref_axis',(1.,0.,0.));
#2251=DIRECTION('',(0.,1.,-1.00929365875014E-16));
#2252=DIRECTION('',(-1.,0.,0.));
#2253=DIRECTION('center_axis',(0.,-1.00929365875014E-16,-1.));
#2254=DIRECTION('ref_axis',(-1.,0.,0.));
#2255=DIRECTION('',(1.,0.,0.));
#2256=DIRECTION('center_axis',(1.,0.,0.));
#2257=DIRECTION('ref_axis',(0.,0.,-1.));
#2258=DIRECTION('',(0.,0.,1.));
#2259=DIRECTION('center_axis',(0.,-1.48029736616688E-15,-1.));
#2260=DIRECTION('ref_axis',(0.,1.,-1.48029736616688E-15));
#2261=DIRECTION('',(1.,0.,-2.22936350326337E-17));
#2262=DIRECTION('center_axis',(1.,0.,0.));
#2263=DIRECTION('ref_axis',(0.,0.,-1.));
#2264=DIRECTION('center_axis',(1.,0.,0.));
#2265=DIRECTION('ref_axis',(0.,0.,-1.));
#2266=DIRECTION('center_axis',(1.,0.,0.));
#2267=DIRECTION('ref_axis',(0.,0.,-1.));
#2268=DIRECTION('',(0.,-1.,0.));
#2269=DIRECTION('center_axis',(-1.,0.,0.));
#2270=DIRECTION('ref_axis',(0.,0.,-1.));
#2271=DIRECTION('center_axis',(1.,0.,0.));
#2272=DIRECTION('ref_axis',(0.,0.,-1.));
#2273=DIRECTION('center_axis',(1.,0.,0.));
#2274=DIRECTION('ref_axis',(0.,0.,-1.));
#2275=DIRECTION('',(1.,0.,0.));
#2276=DIRECTION('center_axis',(1.,0.,0.));
#2277=DIRECTION('ref_axis',(0.,0.,-1.));
#2278=DIRECTION('',(1.,0.,0.));
#2279=DIRECTION('center_axis',(0.,0.,1.));
#2280=DIRECTION('ref_axis',(0.,-1.,0.));
#2281=DIRECTION('',(-1.,0.,4.45872700652673E-17));
#2282=DIRECTION('center_axis',(1.,0.,0.));
#2283=DIRECTION('ref_axis',(0.,0.,-1.));
#2284=DIRECTION('center_axis',(0.,1.,0.));
#2285=DIRECTION('ref_axis',(0.,0.,1.));
#2286=DIRECTION('',(1.,0.,0.));
#2287=DIRECTION('center_axis',(0.,-0.190808995376581,-0.981627183447657));
#2288=DIRECTION('ref_axis',(0.,0.981627183447657,-0.190808995376581));
#2289=DIRECTION('center_axis',(1.,0.,0.));
#2290=DIRECTION('ref_axis',(0.,0.,-1.));
#2291=DIRECTION('center_axis',(0.,1.,0.));
#2292=DIRECTION('ref_axis',(-1.,0.,0.));
#2293=DIRECTION('center_axis',(0.,-1.,0.));
#2294=DIRECTION('ref_axis',(-1.,0.,0.));
#2295=DIRECTION('',(0.,-1.,0.));
#2296=DIRECTION('center_axis',(0.,-1.,0.));
#2297=DIRECTION('ref_axis',(-1.,0.,0.));
#2298=DIRECTION('center_axis',(0.,1.,0.));
#2299=DIRECTION('ref_axis',(-1.,0.,0.));
#2300=DIRECTION('center_axis',(0.,-1.,0.));
#2301=DIRECTION('ref_axis',(-1.,0.,0.));
#2302=DIRECTION('',(0.,-1.,0.));
#2303=DIRECTION('center_axis',(0.,-1.,0.));
#2304=DIRECTION('ref_axis',(-1.,0.,0.));
#2305=DIRECTION('center_axis',(1.,0.,0.));
#2306=DIRECTION('ref_axis',(0.,0.,-1.));
#2307=DIRECTION('',(0.,0.,1.));
#2308=DIRECTION('',(0.,1.,0.));
#2309=DIRECTION('',(0.,0.,-1.));
#2310=DIRECTION('',(0.,1.,0.));
#2311=DIRECTION('center_axis',(0.,0.,1.));
#2312=DIRECTION('ref_axis',(1.,0.,0.));
#2313=DIRECTION('',(-1.,0.,0.));
#2314=DIRECTION('',(1.,0.,0.));
#2315=DIRECTION('',(0.,1.,0.));
#2316=DIRECTION('center_axis',(-1.,0.,0.));
#2317=DIRECTION('ref_axis',(0.,0.,1.));
#2318=DIRECTION('',(0.,0.,-1.));
#2319=DIRECTION('',(0.,0.,1.));
#2320=DIRECTION('',(0.,1.,0.));
#2321=DIRECTION('center_axis',(0.,0.,-1.));
#2322=DIRECTION('ref_axis',(-1.,0.,0.));
#2323=DIRECTION('',(1.,0.,0.));
#2324=DIRECTION('',(-1.,0.,0.));
#2325=DIRECTION('center_axis',(0.,1.,0.));
#2326=DIRECTION('ref_axis',(-1.,0.,0.));
#2327=DIRECTION('center_axis',(0.,1.,0.));
#2328=DIRECTION('ref_axis',(-1.,0.,0.));
#2329=CARTESIAN_POINT('',(0.,0.,0.));
#2330=CARTESIAN_POINT('Origin',(1.2,16.5466637955701,-15.1978569994736));
#2331=CARTESIAN_POINT('',(1.2,21.5466637955701,-6.99785699947356));
#2332=CARTESIAN_POINT('',(1.2,21.5466637955701,-22.1468787022915));
#2333=CARTESIAN_POINT('',(1.2,21.5466637955701,-15.4723678508825));
#2334=CARTESIAN_POINT('',(1.2,11.5466637955701,-6.99785699947356));
#2335=CARTESIAN_POINT('',(1.2,14.0466637955701,-6.99785699947356));
#2336=CARTESIAN_POINT('',(1.2,11.5466637955701,-8.79785699947356));
#2337=CARTESIAN_POINT('',(1.2,11.5466637955701,-11.9978569994736));
#2338=CARTESIAN_POINT('',(1.2,8.54666379557005,-8.79785699947356));
#2339=CARTESIAN_POINT('',(1.2,21.5466637955701,-8.79785699947356));
#2340=CARTESIAN_POINT('',(1.2,8.54666379557005,-13.1978569994736));
#2341=CARTESIAN_POINT('',(1.2,8.54666379557005,1.20214300052644));
#2342=CARTESIAN_POINT('',(1.2,12.1785877934864,-20.3259091929805));
#2343=CARTESIAN_POINT('',(1.2,8.99644303180707,-14.0805984536704));
#2344=CARTESIAN_POINT('',(1.2,15.6124679081461,-20.9933878712101));
#2345=CARTESIAN_POINT('',(1.2,16.5466637955701,-13.6978569994736));
#2346=CARTESIAN_POINT('Origin',(1.2,16.5466637955701,-15.1978569994736));
#2347=CARTESIAN_POINT('Origin',(0.,8.54666379557005,-13.1978569994736));
#2348=CARTESIAN_POINT('',(36.8,8.54666379557005,-13.1978569994736));
#2349=CARTESIAN_POINT('',(36.8,12.1785877934864,-20.3259091929805));
#2350=CARTESIAN_POINT('',(36.8,11.696339385772,-19.3794434017371));
#2351=CARTESIAN_POINT('',(38.,12.1785877934864,-20.3259091929805));
#2352=CARTESIAN_POINT('',(0.,12.1785877934864,-20.3259091929805));
#2353=CARTESIAN_POINT('',(38.,8.54666379557005,-13.1978569994736));
#2354=CARTESIAN_POINT('',(38.,8.99644303180707,-14.0805984536704));
#2355=CARTESIAN_POINT('',(0.,8.54666379557005,-13.1978569994736));
#2356=CARTESIAN_POINT('Origin',(0.,8.54666379557005,-13.1978569994736));
#2357=CARTESIAN_POINT('',(51.,8.54666379557005,-13.1978569994736));
#2358=CARTESIAN_POINT('',(51.,12.1785877934864,-20.3259091929805));
#2359=CARTESIAN_POINT('',(51.,11.696339385772,-19.3794434017371));
#2360=CARTESIAN_POINT('',(52.2,12.1785877934864,-20.3259091929805));
#2361=CARTESIAN_POINT('',(0.,12.1785877934864,-20.3259091929805));
#2362=CARTESIAN_POINT('',(52.2,8.54666379557005,-13.1978569994736));
#2363=CARTESIAN_POINT('',(52.2,8.54666379557005,-13.1978569994736));
#2364=CARTESIAN_POINT('',(0.,8.54666379557005,-13.1978569994736));
#2365=CARTESIAN_POINT('Origin',(0.,8.54666379557005,-13.1978569994736));
#2366=CARTESIAN_POINT('',(0.,8.54666379557005,-13.1978569994736));
#2367=CARTESIAN_POINT('',(0.,8.54666379557005,-13.1978569994736));
#2368=CARTESIAN_POINT('',(0.,12.1785877934864,-20.3259091929805));
#2369=CARTESIAN_POINT('',(0.,8.54666379557005,-13.1978569994736));
#2370=CARTESIAN_POINT('',(0.,12.1785877934864,-20.3259091929805));
#2371=CARTESIAN_POINT('Origin',(0.,12.1785877934864,-20.3259091929805));
#2372=CARTESIAN_POINT('',(36.8,21.5466637955701,-22.1468787022915));
#2373=CARTESIAN_POINT('',(36.8,16.8626257945282,-21.236393947636));
#2374=CARTESIAN_POINT('',(38.,21.5466637955701,-22.1468787022915));
#2375=CARTESIAN_POINT('',(0.,21.5466637955701,-22.1468787022915));
#2376=CARTESIAN_POINT('',(38.,15.6124679081461,-20.9933878712101));
#2377=CARTESIAN_POINT('Origin',(0.,12.1785877934864,-20.3259091929805));
#2378=CARTESIAN_POINT('',(51.,21.5466637955701,-22.1468787022915));
#2379=CARTESIAN_POINT('',(51.,16.8626257945283,-21.236393947636));
#2380=CARTESIAN_POINT('',(52.2,21.5466637955701,-22.1468787022915));
#2381=CARTESIAN_POINT('',(0.,21.5466637955701,-22.1468787022915));
#2382=CARTESIAN_POINT('',(52.2,12.1785877934864,-20.3259091929805));
#2383=CARTESIAN_POINT('Origin',(0.,12.1785877934864,-20.3259091929805));
#2384=CARTESIAN_POINT('',(0.,21.5466637955701,-22.1468787022915));
#2385=CARTESIAN_POINT('',(0.,12.1785877934864,-20.3259091929805));
#2386=CARTESIAN_POINT('',(0.,21.5466637955701,-22.1468787022915));
#2387=CARTESIAN_POINT('Origin',(0.,21.5466637955701,-22.1468787022915));
#2388=CARTESIAN_POINT('',(51.,21.5466637955701,-6.99785699947356));
#2389=CARTESIAN_POINT('',(51.,21.5466637955701,-22.1468787022916));
#2390=CARTESIAN_POINT('',(47.7,21.5466637955701,-6.99785699947356));
#2391=CARTESIAN_POINT('',(38.55,21.5466637955701,-6.99785699947356));
#2392=CARTESIAN_POINT('',(47.7,21.5466637955701,-5.79785699947356));
#2393=CARTESIAN_POINT('',(47.7,21.5466637955701,-2.89785699947356));
#2394=CARTESIAN_POINT('',(51.,21.5466637955701,-5.79785699947356));
#2395=CARTESIAN_POINT('',(36.9,21.5466637955701,-5.79785699947356));
#2396=CARTESIAN_POINT('',(51.,21.5466637955701,11.2021430005264));
#2397=CARTESIAN_POINT('',(51.,21.5466637955701,-6.07236785088255));
#2398=CARTESIAN_POINT('',(52.2,21.5466637955701,11.2021430005264));
#2399=CARTESIAN_POINT('',(0.,21.5466637955701,11.2021430005264));
#2400=CARTESIAN_POINT('',(52.2,21.5466637955701,-8.79785699947356));
#2401=CARTESIAN_POINT('Origin',(0.,21.5466637955701,-22.1468787022915));
#2402=CARTESIAN_POINT('',(0.,21.5466637955701,11.2021430005264));
#2403=CARTESIAN_POINT('',(0.,21.5466637955701,-8.79785699947356));
#2404=CARTESIAN_POINT('',(1.2,21.5466637955701,11.2021430005264));
#2405=CARTESIAN_POINT('',(0.,21.5466637955701,11.2021430005264));
#2406=CARTESIAN_POINT('',(1.2,21.5466637955701,-5.79785699947356));
#2407=CARTESIAN_POINT('',(1.2,21.5466637955701,-6.07236785088255));
#2408=CARTESIAN_POINT('',(4.5,21.5466637955701,-5.79785699947356));
#2409=CARTESIAN_POINT('',(13.65,21.5466637955701,-5.79785699947356));
#2410=CARTESIAN_POINT('',(4.5,21.5466637955701,-6.99785699947356));
#2411=CARTESIAN_POINT('',(4.5,21.5466637955701,-2.29785699947356));
#2412=CARTESIAN_POINT('',(15.3,21.5466637955701,-6.99785699947356));
#2413=CARTESIAN_POINT('Origin',(0.,21.5466637955701,11.2021430005264));
#2414=CARTESIAN_POINT('',(14.6,8.54666379557005,11.2021430005264));
#2415=CARTESIAN_POINT('',(14.6,21.5466637955701,11.2021430005264));
#2416=CARTESIAN_POINT('',(14.6,21.5466637955701,11.2021430005264));
#2417=CARTESIAN_POINT('',(13.4,21.5466637955701,11.2021430005264));
#2418=CARTESIAN_POINT('',(19.75,21.5466637955701,11.2021430005264));
#2419=CARTESIAN_POINT('',(13.4,11.5466637955701,11.2021430005264));
#2420=CARTESIAN_POINT('',(13.4,11.5466637955701,11.2021430005264));
#2421=CARTESIAN_POINT('',(1.2,11.5466637955701,11.2021430005264));
#2422=CARTESIAN_POINT('',(0.,11.5466637955701,11.2021430005264));
#2423=CARTESIAN_POINT('',(1.2,21.5466637955701,11.2021430005264));
#2424=CARTESIAN_POINT('',(0.,8.54666379557005,11.2021430005264));
#2425=CARTESIAN_POINT('',(0.,8.54666379557005,11.2021430005264));
#2426=CARTESIAN_POINT('',(0.,8.54666379557005,11.2021430005264));
#2427=CARTESIAN_POINT('Origin',(0.,8.54666379557005,11.2021430005264));
#2428=CARTESIAN_POINT('',(15.4,8.54666379557005,-13.1978569994736));
#2429=CARTESIAN_POINT('',(15.4,8.54666379557005,-8.79785699947356));
#2430=CARTESIAN_POINT('',(15.4,8.54666379557005,1.20214300052644));
#2431=CARTESIAN_POINT('',(36.8,8.54666379557005,-8.79785699947356));
#2432=CARTESIAN_POINT('',(18.4,8.54666379557005,-8.79785699947356));
#2433=CARTESIAN_POINT('',(36.8,8.54666379557005,-5.47236785088255));
#2434=CARTESIAN_POINT('',(38.,8.54666379557005,-8.79785699947356));
#2435=CARTESIAN_POINT('',(38.,8.54666379557005,1.20214300052644));
#2436=CARTESIAN_POINT('',(51.,8.54666379557005,-8.79785699947356));
#2437=CARTESIAN_POINT('',(25.5,8.54666379557005,-8.79785699947355));
#2438=CARTESIAN_POINT('',(51.,8.54666379557005,-5.47236785088261));
#2439=CARTESIAN_POINT('',(52.2,8.54666379557005,11.2021430005264));
#2440=CARTESIAN_POINT('',(52.2,8.54666379557005,11.2021430005264));
#2441=CARTESIAN_POINT('',(37.6,8.54666379557005,11.2021430005264));
#2442=CARTESIAN_POINT('',(0.,8.54666379557005,11.2021430005264));
#2443=CARTESIAN_POINT('',(37.6,8.54666379557005,3.44713743259081));
#2444=CARTESIAN_POINT('',(37.6,8.54666379557005,7.32464021655862));
#2445=CARTESIAN_POINT('',(33.5212406083545,8.54666379557005,2.00214300052644));
#2446=CARTESIAN_POINT('Origin',(36.1,8.54666379557005,1.20214300052645));
#2447=CARTESIAN_POINT('',(18.6787593916455,8.54666379557005,2.00214300052644));
#2448=CARTESIAN_POINT('',(9.33937969582276,8.54666379557005,2.00214300052644));
#2449=CARTESIAN_POINT('',(14.6,8.54666379557005,3.44713743259081));
#2450=CARTESIAN_POINT('Origin',(16.1,8.54666379557005,1.20214300052644));
#2451=CARTESIAN_POINT('',(14.6,8.54666379557005,11.2021430005264));
#2452=CARTESIAN_POINT('',(0.,8.54666379557005,11.2021430005264));
#2453=CARTESIAN_POINT('',(14.2,8.54666379557005,-8.79785699947356));
#2454=CARTESIAN_POINT('',(7.1,8.54666379557005,-8.79785699947355));
#2455=CARTESIAN_POINT('',(14.2,8.54666379557005,-13.1978569994736));
#2456=CARTESIAN_POINT('',(14.2,8.54666379557005,-5.47236785088255));
#2457=CARTESIAN_POINT('',(0.,8.54666379557005,-13.1978569994736));
#2458=CARTESIAN_POINT('',(27.6,8.54666379557005,-3.79785699947356));
#2459=CARTESIAN_POINT('Origin',(26.1,8.54666379557005,-3.79785699947356));
#2460=CARTESIAN_POINT('',(37.6,8.54666379557005,1.20214300052645));
#2461=CARTESIAN_POINT('Origin',(36.1,8.54666379557005,1.20214300052645));
#2462=CARTESIAN_POINT('',(17.6,8.54666379557005,1.20214300052644));
#2463=CARTESIAN_POINT('Origin',(16.1,8.54666379557005,1.20214300052644));
#2464=CARTESIAN_POINT('Origin',(0.,16.5466637955701,-15.1978569994736));
#2465=CARTESIAN_POINT('',(36.8,16.5466637955701,-16.6978569994736));
#2466=CARTESIAN_POINT('Origin',(36.8,16.5466637955701,-15.1978569994736));
#2467=CARTESIAN_POINT('',(38.,16.5466637955701,-16.6978569994736));
#2468=CARTESIAN_POINT('',(0.,16.5466637955701,-16.6978569994736));
#2469=CARTESIAN_POINT('Origin',(38.,16.5466637955701,-15.1978569994736));
#2470=CARTESIAN_POINT('Origin',(0.,16.5466637955701,-15.1978569994736));
#2471=CARTESIAN_POINT('',(14.2,16.5466637955701,-16.6978569994736));
#2472=CARTESIAN_POINT('Origin',(14.2,16.5466637955701,-15.1978569994736));
#2473=CARTESIAN_POINT('',(15.4,16.5466637955701,-16.6978569994736));
#2474=CARTESIAN_POINT('',(0.,16.5466637955701,-16.6978569994736));
#2475=CARTESIAN_POINT('Origin',(15.4,16.5466637955701,-15.1978569994736));
#2476=CARTESIAN_POINT('Origin',(26.1,11.5466637955701,-3.79785699947356));
#2477=CARTESIAN_POINT('',(27.6,11.5466637955701,-3.79785699947356));
#2478=CARTESIAN_POINT('Origin',(26.1,11.5466637955701,-3.79785699947356));
#2479=CARTESIAN_POINT('',(27.6,11.5466637955701,-3.79785699947356));
#2480=CARTESIAN_POINT('Origin',(27.7743157806498,11.5466637955701,-0.897856999473486));
#2481=CARTESIAN_POINT('',(24.4256842193504,11.5466637955701,-0.897856999473488));
#2482=CARTESIAN_POINT('',(27.7743157806498,11.5466637955701,-0.897856999473486));
#2483=CARTESIAN_POINT('',(13.8871578903249,11.5466637955701,-0.897856999473494));
#2484=CARTESIAN_POINT('',(24.4256842193504,14.3466637955701,-0.897856999473488));
#2485=CARTESIAN_POINT('',(24.4256842193504,11.5466637955701,-0.897856999473488));
#2486=CARTESIAN_POINT('',(27.7743157806498,14.3466637955701,-0.897856999473486));
#2487=CARTESIAN_POINT('',(27.7743157806498,14.3466637955701,-0.897856999473486));
#2488=CARTESIAN_POINT('',(27.7743157806498,11.5466637955701,-0.897856999473486));
#2489=CARTESIAN_POINT('Origin',(29.4486315612998,11.5466637955701,-3.79785699947346));
#2490=CARTESIAN_POINT('',(29.4486315612998,11.5466637955701,-3.79785699947346));
#2491=CARTESIAN_POINT('',(26.8500843708675,11.5466637955701,0.702958760220298));
#2492=CARTESIAN_POINT('',(29.4486315612998,14.3466637955701,-3.79785699947346));
#2493=CARTESIAN_POINT('',(29.4486315612998,14.3466637955701,-3.79785699947346));
#2494=CARTESIAN_POINT('',(29.4486315612998,11.5466637955701,-3.79785699947346));
#2495=CARTESIAN_POINT('Origin',(27.7743157806499,11.5466637955701,-6.69785699947349));
#2496=CARTESIAN_POINT('',(27.7743157806499,11.5466637955701,-6.69785699947349));
#2497=CARTESIAN_POINT('',(23.8478629710818,11.5466637955701,-13.498672759167));
#2498=CARTESIAN_POINT('',(27.7743157806499,14.3466637955701,-6.69785699947349));
#2499=CARTESIAN_POINT('',(27.7743157806499,14.3466637955701,-6.69785699947349));
#2500=CARTESIAN_POINT('',(27.7743157806499,11.5466637955701,-6.69785699947349));
#2501=CARTESIAN_POINT('Origin',(24.4256842193501,11.5466637955701,-6.69785699947349));
#2502=CARTESIAN_POINT('',(24.4256842193501,11.5466637955701,-6.69785699947349));
#2503=CARTESIAN_POINT('',(12.2128421096751,11.5466637955701,-6.69785699947349));
#2504=CARTESIAN_POINT('',(24.4256842193501,14.3466637955701,-6.69785699947349));
#2505=CARTESIAN_POINT('',(24.4256842193501,14.3466637955701,-6.69785699947349));
#2506=CARTESIAN_POINT('',(24.4256842193501,11.5466637955701,-6.69785699947349));
#2507=CARTESIAN_POINT('Origin',(22.7513684387003,11.5466637955701,-3.79785699947354));
#2508=CARTESIAN_POINT('',(22.7513684387003,11.5466637955701,-3.79785699947354));
#2509=CARTESIAN_POINT('',(20.9899791385933,11.5466637955701,-0.747041239780085));
#2510=CARTESIAN_POINT('',(22.7513684387003,14.3466637955701,-3.79785699947354));
#2511=CARTESIAN_POINT('',(22.7513684387003,14.3466637955701,-3.79785699947354));
#2512=CARTESIAN_POINT('',(22.7513684387003,11.5466637955701,-3.79785699947354));
#2513=CARTESIAN_POINT('Origin',(24.4256842193504,11.5466637955701,-0.897856999473488));
#2514=CARTESIAN_POINT('',(19.6620735194567,11.5466637955701,-9.14867275916715));
#2515=CARTESIAN_POINT('',(24.4256842193504,14.3466637955701,-0.897856999473488));
#2516=CARTESIAN_POINT('Origin',(26.1,14.3466637955701,-3.59785699947356));
#2517=CARTESIAN_POINT('',(33.5212406083545,14.3466637955701,0.402143000526442));
#2518=CARTESIAN_POINT('',(18.6787593916455,14.3466637955701,0.402143000526442));
#2519=CARTESIAN_POINT('',(29.8106203041772,14.3466637955701,0.402143000526442));
#2520=CARTESIAN_POINT('',(37.6,14.3466637955701,-1.04285143153793));
#2521=CARTESIAN_POINT('Origin',(36.1,14.3466637955701,1.20214300052644));
#2522=CARTESIAN_POINT('',(37.6,14.3466637955701,-7.59785699947356));
#2523=CARTESIAN_POINT('',(37.6,14.3466637955701,-6.19785699947356));
#2524=CARTESIAN_POINT('',(14.6,14.3466637955701,-7.59785699947356));
#2525=CARTESIAN_POINT('',(20.15,14.3466637955701,-7.59785699947356));
#2526=CARTESIAN_POINT('',(14.6,14.3466637955701,-1.04285143153792));
#2527=CARTESIAN_POINT('',(14.6,14.3466637955701,3.80214300052644));
#2528=CARTESIAN_POINT('Origin',(16.1,14.3466637955701,1.20214300052644));
#2529=CARTESIAN_POINT('Origin',(14.2,11.5466637955701,-7.59785699947356));
#2530=CARTESIAN_POINT('',(37.6,21.5466637955701,-7.59785699947356));
#2531=CARTESIAN_POINT('',(37.6,11.5466637955701,-7.59785699947356));
#2532=CARTESIAN_POINT('',(14.6,21.5466637955701,-7.59785699947356));
#2533=CARTESIAN_POINT('',(20.15,21.5466637955701,-7.59785699947356));
#2534=CARTESIAN_POINT('',(14.6,11.5466637955701,-7.59785699947356));
#2535=CARTESIAN_POINT('Origin',(37.6,11.5466637955701,-8.79785699947356));
#2536=CARTESIAN_POINT('',(37.6,21.5466637955701,-1.04285143153793));
#2537=CARTESIAN_POINT('',(37.6,11.5466637955701,-1.04285143153792));
#2538=CARTESIAN_POINT('',(37.6,21.5466637955701,-3.79785699947356));
#2539=CARTESIAN_POINT('Origin',(36.1,11.5466637955701,1.20214300052644));
#2540=CARTESIAN_POINT('',(33.5212406083545,21.5466637955701,0.402143000526442));
#2541=CARTESIAN_POINT('',(33.5212406083545,11.5466637955701,0.402143000526442));
#2542=CARTESIAN_POINT('Origin',(36.1,21.5466637955701,1.20214300052644));
#2543=CARTESIAN_POINT('Origin',(44.8,11.5466637955701,0.202143000526442));
#2544=CARTESIAN_POINT('',(38.8,11.5466637955701,0.202143000526442));
#2545=CARTESIAN_POINT('',(44.8,11.5466637955701,0.202143000526442));
#2546=CARTESIAN_POINT('',(22.4,11.5466637955701,0.202143000526442));
#2547=CARTESIAN_POINT('',(38.8,14.7466637955701,0.202143000526442));
#2548=CARTESIAN_POINT('',(38.8,11.5466637955701,0.202143000526442));
#2549=CARTESIAN_POINT('',(44.8,14.7466637955701,0.202143000526442));
#2550=CARTESIAN_POINT('',(38.8,14.7466637955701,0.202143000526442));
#2551=CARTESIAN_POINT('',(44.8,11.5466637955701,0.202143000526442));
#2552=CARTESIAN_POINT('Origin',(44.8,11.5466637955701,2.00214300052644));
#2553=CARTESIAN_POINT('',(44.8,11.5466637955701,2.00214300052644));
#2554=CARTESIAN_POINT('',(44.8,11.5466637955701,-3.39785699947356));
#2555=CARTESIAN_POINT('',(44.8,14.7466637955701,2.00214300052644));
#2556=CARTESIAN_POINT('',(44.8,14.7466637955701,0.202143000526442));
#2557=CARTESIAN_POINT('',(44.8,11.5466637955701,2.00214300052644));
#2558=CARTESIAN_POINT('Origin',(38.8,11.5466637955701,2.00214300052644));
#2559=CARTESIAN_POINT('',(38.8,11.5466637955701,2.00214300052644));
#2560=CARTESIAN_POINT('',(19.4,11.5466637955701,2.00214300052644));
#2561=CARTESIAN_POINT('',(38.8,14.7466637955701,2.00214300052644));
#2562=CARTESIAN_POINT('',(44.8,14.7466637955701,2.00214300052644));
#2563=CARTESIAN_POINT('',(38.8,11.5466637955701,2.00214300052644));
#2564=CARTESIAN_POINT('Origin',(41.8,14.7466637955701,1.10214300052644));
#2565=CARTESIAN_POINT('',(38.8,14.7466637955701,6.15214300052644));
#2566=CARTESIAN_POINT('Origin',(38.8,11.5466637955701,11.2021430005264));
#2567=CARTESIAN_POINT('',(38.8,11.5466637955701,-5.79785699947356));
#2568=CARTESIAN_POINT('',(38.8,11.5466637955701,1.20214300052644));
#2569=CARTESIAN_POINT('',(38.8,21.5466637955701,-5.79785699947356));
#2570=CARTESIAN_POINT('',(38.8,11.5466637955701,-5.79785699947356));
#2571=CARTESIAN_POINT('',(38.8,21.5466637955701,11.2021430005264));
#2572=CARTESIAN_POINT('',(38.8,21.5466637955701,6.20214300052644));
#2573=CARTESIAN_POINT('',(38.8,11.5466637955701,11.2021430005264));
#2574=CARTESIAN_POINT('',(38.8,11.5466637955701,11.2021430005264));
#2575=CARTESIAN_POINT('',(38.8,11.5466637955701,1.20214300052644));
#2576=CARTESIAN_POINT('Origin',(1.2,11.5466637955701,2.00214300052644));
#2577=CARTESIAN_POINT('',(7.2,11.5466637955701,2.00214300052644));
#2578=CARTESIAN_POINT('',(1.2,11.5466637955701,2.00214300052644));
#2579=CARTESIAN_POINT('',(0.6,11.5466637955701,2.00214300052644));
#2580=CARTESIAN_POINT('',(7.2,14.7466637955701,2.00214300052644));
#2581=CARTESIAN_POINT('',(7.2,11.5466637955701,2.00214300052644));
#2582=CARTESIAN_POINT('',(1.2,14.7466637955701,2.00214300052644));
#2583=CARTESIAN_POINT('',(7.2,14.7466637955701,2.00214300052644));
#2584=CARTESIAN_POINT('',(1.2,14.0466637955701,2.00214300052644));
#2585=CARTESIAN_POINT('Origin',(7.2,11.5466637955701,0.202143000526442));
#2586=CARTESIAN_POINT('',(1.2,11.5466637955701,0.202143000526442));
#2587=CARTESIAN_POINT('',(7.2,11.5466637955701,0.202143000526442));
#2588=CARTESIAN_POINT('',(3.6,11.5466637955701,0.202143000526442));
#2589=CARTESIAN_POINT('',(1.2,14.7466637955701,0.202143000526442));
#2590=CARTESIAN_POINT('',(1.2,14.0466637955701,0.202143000526442));
#2591=CARTESIAN_POINT('',(7.2,14.7466637955701,0.202143000526442));
#2592=CARTESIAN_POINT('',(1.2,14.7466637955701,0.202143000526442));
#2593=CARTESIAN_POINT('',(7.2,11.5466637955701,0.202143000526442));
#2594=CARTESIAN_POINT('Origin',(7.2,11.5466637955701,2.00214300052644));
#2595=CARTESIAN_POINT('',(7.2,11.5466637955701,-3.39785699947356));
#2596=CARTESIAN_POINT('',(7.2,14.7466637955701,0.202143000526442));
#2597=CARTESIAN_POINT('Origin',(4.2,14.7466637955701,1.10214300052644));
#2598=CARTESIAN_POINT('',(1.2,14.7466637955701,-7.04785699947356));
#2599=CARTESIAN_POINT('Origin',(0.,11.5466637955701,-8.79785699947356));
#2600=CARTESIAN_POINT('',(1.2,11.5466637955701,-11.9978569994736));
#2601=CARTESIAN_POINT('',(13.4,11.5466637955701,-5.79785699947356));
#2602=CARTESIAN_POINT('',(13.4,11.5466637955701,-7.29785699947356));
#2603=CARTESIAN_POINT('',(1.2,11.5466637955701,-5.79785699947356));
#2604=CARTESIAN_POINT('',(2.25,11.5466637955701,-5.79785699947356));
#2605=CARTESIAN_POINT('',(1.2,11.5466637955701,-11.9978569994736));
#2606=CARTESIAN_POINT('Origin',(44.9,13.5466637955701,-6.39785699947356));
#2607=CARTESIAN_POINT('',(47.7,13.5466637955701,-6.99785699947356));
#2608=CARTESIAN_POINT('',(42.1,13.5466637955701,-6.99785699947356));
#2609=CARTESIAN_POINT('',(51.,13.5466637955701,-6.99785699947356));
#2610=CARTESIAN_POINT('',(42.1,13.5466637955701,-5.79785699947356));
#2611=CARTESIAN_POINT('',(42.1,13.5466637955701,-6.09785699947356));
#2612=CARTESIAN_POINT('',(47.7,13.5466637955701,-5.79785699947356));
#2613=CARTESIAN_POINT('',(51.,13.5466637955701,-5.79785699947356));
#2614=CARTESIAN_POINT('',(47.7,13.5466637955701,-6.69785699947356));
#2615=CARTESIAN_POINT('Origin',(0.,11.5466637955701,-8.79785699947356));
#2616=CARTESIAN_POINT('',(38.8,11.5466637955701,-6.99785699947356));
#2617=CARTESIAN_POINT('',(51.,11.5466637955701,-6.99785699947356));
#2618=CARTESIAN_POINT('',(21.05,11.5466637955701,-6.99785699947356));
#2619=CARTESIAN_POINT('',(51.,11.5466637955701,-8.79785699947356));
#2620=CARTESIAN_POINT('',(51.,11.5466637955701,-11.9978569994736));
#2621=CARTESIAN_POINT('',(38.8,11.5466637955701,-8.79785699947356));
#2622=CARTESIAN_POINT('',(0.,11.5466637955701,-8.79785699947356));
#2623=CARTESIAN_POINT('',(38.8,11.5466637955701,-7.89785699947356));
#2624=CARTESIAN_POINT('Origin',(0.,11.5466637955701,-8.79785699947356));
#2625=CARTESIAN_POINT('',(51.,11.5466637955701,11.2021430005264));
#2626=CARTESIAN_POINT('',(0.,11.5466637955701,11.2021430005264));
#2627=CARTESIAN_POINT('',(51.,11.5466637955701,-5.79785699947356));
#2628=CARTESIAN_POINT('',(51.,11.5466637955701,-11.9978569994736));
#2629=CARTESIAN_POINT('',(21.05,11.5466637955701,-5.79785699947356));
#2630=CARTESIAN_POINT('Origin',(42.1,11.5466637955701,-5.79785699947356));
#2631=CARTESIAN_POINT('',(42.1,21.5466637955701,-6.99785699947356));
#2632=CARTESIAN_POINT('',(42.1,11.5466637955701,-6.99785699947356));
#2633=CARTESIAN_POINT('',(42.1,21.5466637955701,-5.79785699947356));
#2634=CARTESIAN_POINT('',(42.1,21.5466637955701,-2.29785699947356));
#2635=CARTESIAN_POINT('',(42.1,11.5466637955701,-5.79785699947356));
#2636=CARTESIAN_POINT('Origin',(7.3,13.5466637955701,-6.39785699947356));
#2637=CARTESIAN_POINT('',(4.5,13.5466637955701,-5.79785699947356));
#2638=CARTESIAN_POINT('',(4.5,13.5466637955701,-6.99785699947356));
#2639=CARTESIAN_POINT('',(4.5,13.5466637955701,-6.09785699947356));
#2640=CARTESIAN_POINT('',(10.1,13.5466637955701,-5.79785699947356));
#2641=CARTESIAN_POINT('',(1.2,13.5466637955701,-5.79785699947356));
#2642=CARTESIAN_POINT('',(10.1,13.5466637955701,-6.99785699947356));
#2643=CARTESIAN_POINT('',(10.1,13.5466637955701,-6.69785699947356));
#2644=CARTESIAN_POINT('',(1.2,13.5466637955701,-6.99785699947356));
#2645=CARTESIAN_POINT('Origin',(0.,11.5466637955701,-8.79785699947356));
#2646=CARTESIAN_POINT('',(13.4,11.5466637955701,-6.99785699947356));
#2647=CARTESIAN_POINT('',(5.05,11.5466637955701,-6.99785699947356));
#2648=CARTESIAN_POINT('',(13.4,11.5466637955701,-8.79785699947356));
#2649=CARTESIAN_POINT('',(13.4,11.5466637955701,-8.79785699947356));
#2650=CARTESIAN_POINT('',(0.,11.5466637955701,-8.79785699947356));
#2651=CARTESIAN_POINT('Origin',(10.1,11.5466637955701,-6.99785699947356));
#2652=CARTESIAN_POINT('',(10.1,21.5466637955701,-5.79785699947356));
#2653=CARTESIAN_POINT('',(10.1,11.5466637955701,-5.79785699947356));
#2654=CARTESIAN_POINT('',(10.1,21.5466637955701,-6.99785699947356));
#2655=CARTESIAN_POINT('',(10.1,21.5466637955701,-2.89785699947356));
#2656=CARTESIAN_POINT('',(10.1,11.5466637955701,-6.99785699947356));
#2657=CARTESIAN_POINT('Origin',(15.4,11.5466637955701,-8.79785699947356));
#2658=CARTESIAN_POINT('',(15.4,21.5466637955701,-8.79785699947356));
#2659=CARTESIAN_POINT('',(15.4,11.5466637955701,-8.79785699947356));
#2660=CARTESIAN_POINT('',(15.4,12.1785877934864,-20.3259091929805));
#2661=CARTESIAN_POINT('',(15.4,8.99644303180707,-14.0805984536704));
#2662=CARTESIAN_POINT('',(15.4,21.5466637955701,-22.1468787022915));
#2663=CARTESIAN_POINT('',(15.4,15.6124679081461,-20.9933878712101));
#2664=CARTESIAN_POINT('',(15.4,21.5466637955701,-15.4723678508825));
#2665=CARTESIAN_POINT('Origin',(36.8,11.5466637955701,-20.9244186683453));
#2666=CARTESIAN_POINT('',(36.8,21.5466637955701,-8.79785699947356));
#2667=CARTESIAN_POINT('',(36.8,10.0466637955701,-8.79785699947356));
#2668=CARTESIAN_POINT('',(36.8,21.5466637955701,-14.7177782511273));
#2669=CARTESIAN_POINT('Origin',(14.2,11.5466637955701,-20.9244186683453));
#2670=CARTESIAN_POINT('',(14.2,21.5466637955701,-8.79785699947356));
#2671=CARTESIAN_POINT('',(14.2,10.0466637955701,-8.79785699947356));
#2672=CARTESIAN_POINT('',(14.2,21.5466637955701,-22.1468787022915));
#2673=CARTESIAN_POINT('',(14.2,21.5466637955701,-14.7177782511273));
#2674=CARTESIAN_POINT('',(14.2,12.1785877934864,-20.3259091929805));
#2675=CARTESIAN_POINT('',(14.2,16.8626257945282,-21.236393947636));
#2676=CARTESIAN_POINT('',(14.2,11.696339385772,-19.3794434017371));
#2677=CARTESIAN_POINT('Origin',(38.,11.5466637955701,-7.59785699947356));
#2678=CARTESIAN_POINT('',(38.,21.5466637955701,-8.79785699947356));
#2679=CARTESIAN_POINT('',(38.,21.5466637955701,-15.4723678508825));
#2680=CARTESIAN_POINT('',(38.,10.0466637955701,-8.79785699947356));
#2681=CARTESIAN_POINT('Origin',(0.,8.54666379557005,-13.1978569994736));
#2682=CARTESIAN_POINT('',(0.,12.1785877934864,-20.3259091929805));
#2683=CARTESIAN_POINT('Origin',(0.,8.54666379557005,-8.79785699947355));
#2684=CARTESIAN_POINT('',(38.8,21.5466637955701,-8.79785699947356));
#2685=CARTESIAN_POINT('',(32.45,21.5466637955701,-8.79785699947356));
#2686=CARTESIAN_POINT('',(38.8,11.5466637955701,-8.79785699947356));
#2687=CARTESIAN_POINT('',(51.,12.5466637955701,-8.79785699947356));
#2688=CARTESIAN_POINT('Origin',(0.,8.54666379557005,-8.79785699947355));
#2689=CARTESIAN_POINT('',(13.4,21.5466637955701,-8.79785699947356));
#2690=CARTESIAN_POINT('',(13.4,11.5466637955701,-8.79785699947356));
#2691=CARTESIAN_POINT('',(20.35,21.5466637955701,-8.79785699947356));
#2692=CARTESIAN_POINT('Origin',(33.5212406083545,11.5466637955701,0.402143000526442));
#2693=CARTESIAN_POINT('',(18.6787593916455,21.5466637955701,0.402143000526442));
#2694=CARTESIAN_POINT('',(18.6787593916455,11.5466637955701,0.402143000526442));
#2695=CARTESIAN_POINT('',(29.8106203041772,21.5466637955701,0.402143000526441));
#2696=CARTESIAN_POINT('Origin',(36.1,11.5466637955701,1.20214300052644));
#2697=CARTESIAN_POINT('',(37.6,21.5466637955701,1.20214300052644));
#2698=CARTESIAN_POINT('Origin',(36.1,21.5466637955701,1.20214300052644));
#2699=CARTESIAN_POINT('',(37.6,11.5466637955701,1.20214300052644));
#2700=CARTESIAN_POINT('Origin',(16.1,11.5466637955701,1.20214300052644));
#2701=CARTESIAN_POINT('',(14.6,21.5466637955701,-1.04285143153792));
#2702=CARTESIAN_POINT('',(14.6,11.5466637955701,-1.04285143153792));
#2703=CARTESIAN_POINT('Origin',(16.1,21.5466637955701,1.20214300052644));
#2704=CARTESIAN_POINT('Origin',(36.1,11.5466637955701,1.20214300052644));
#2705=CARTESIAN_POINT('',(37.6,21.5466637955701,3.44713743259081));
#2706=CARTESIAN_POINT('',(37.6,11.5466637955701,3.44713743259081));
#2707=CARTESIAN_POINT('',(33.5212406083545,21.5466637955701,2.00214300052644));
#2708=CARTESIAN_POINT('Origin',(36.1,21.5466637955701,1.20214300052644));
#2709=CARTESIAN_POINT('',(33.5212406083545,21.5466637955701,2.00214300052644));
#2710=CARTESIAN_POINT('Origin',(18.6787593916455,11.5466637955701,2.00214300052644));
#2711=CARTESIAN_POINT('',(18.6787593916455,21.5466637955701,2.00214300052644));
#2712=CARTESIAN_POINT('',(22.3893796958228,21.5466637955701,2.00214300052644));
#2713=CARTESIAN_POINT('',(18.6787593916455,21.5466637955701,2.00214300052644));
#2714=CARTESIAN_POINT('Origin',(16.1,11.5466637955701,1.20214300052644));
#2715=CARTESIAN_POINT('',(14.6,21.5466637955701,3.44713743259081));
#2716=CARTESIAN_POINT('Origin',(16.1,21.5466637955701,1.20214300052644));
#2717=CARTESIAN_POINT('',(14.6,11.5466637955701,3.44713743259081));
#2718=CARTESIAN_POINT('Origin',(16.1,11.5466637955701,1.20214300052644));
#2719=CARTESIAN_POINT('',(17.6,21.5466637955701,1.20214300052644));
#2720=CARTESIAN_POINT('Origin',(16.1,21.5466637955701,1.20214300052644));
#2721=CARTESIAN_POINT('',(17.6,11.5466637955701,1.20214300052644));
#2722=CARTESIAN_POINT('Origin',(37.6,11.5466637955701,-8.79785699947356));
#2723=CARTESIAN_POINT('',(37.6,21.5466637955701,11.2021430005264));
#2724=CARTESIAN_POINT('',(37.6,21.5466637955701,11.2021430005264));
#2725=CARTESIAN_POINT('',(37.6,21.5466637955701,-3.79785699947356));
#2726=CARTESIAN_POINT('Origin',(0.,11.5466637955701,-8.79785699947356));
#2727=CARTESIAN_POINT('Origin',(14.6,11.5466637955701,11.2021430005264));
#2728=CARTESIAN_POINT('',(14.6,21.5466637955701,6.20214300052644));
#2729=CARTESIAN_POINT('Origin',(47.7,11.5466637955701,-6.99785699947356));
#2730=CARTESIAN_POINT('',(47.7,11.5466637955701,-5.79785699947356));
#2731=CARTESIAN_POINT('',(47.7,11.5466637955701,-6.99785699947356));
#2732=CARTESIAN_POINT('Origin',(51.,11.5466637955701,-6.99785699947356));
#2733=CARTESIAN_POINT('',(51.,14.0466637955701,-6.99785699947356));
#2734=CARTESIAN_POINT('',(38.8,21.5466637955701,-6.99785699947356));
#2735=CARTESIAN_POINT('',(38.8,11.5466637955701,-6.99785699947356));
#2736=CARTESIAN_POINT('',(34.1,21.5466637955701,-6.99785699947356));
#2737=CARTESIAN_POINT('Origin',(47.7,11.5466637955701,-5.79785699947356));
#2738=CARTESIAN_POINT('',(32.45,21.5466637955701,-5.79785699947356));
#2739=CARTESIAN_POINT('',(51.,14.0466637955701,-5.79785699947356));
#2740=CARTESIAN_POINT('Origin',(51.,16.5466637955701,-15.1978569994736));
#2741=CARTESIAN_POINT('',(51.,15.6466637955701,11.2021430005264));
#2742=CARTESIAN_POINT('Origin',(13.4,11.5466637955701,-8.79785699947356));
#2743=CARTESIAN_POINT('',(13.4,21.5466637955701,-6.99785699947356));
#2744=CARTESIAN_POINT('',(13.4,21.5466637955701,-3.79785699947356));
#2745=CARTESIAN_POINT('',(13.4,11.5466637955701,-6.99785699947356));
#2746=CARTESIAN_POINT('Origin',(14.6,11.5466637955701,11.2021430005264));
#2747=CARTESIAN_POINT('',(14.6,21.5466637955701,6.20214300052644));
#2748=CARTESIAN_POINT('Origin',(13.4,11.5466637955701,-5.79785699947356));
#2749=CARTESIAN_POINT('',(13.4,21.5466637955701,-5.79785699947356));
#2750=CARTESIAN_POINT('',(13.4,21.5466637955701,-2.29785699947356));
#2751=CARTESIAN_POINT('',(13.4,11.5466637955701,-5.79785699947356));
#2752=CARTESIAN_POINT('Origin',(4.5,11.5466637955701,-5.79785699947356));
#2753=CARTESIAN_POINT('',(4.5,11.5466637955701,-6.99785699947356));
#2754=CARTESIAN_POINT('',(4.5,11.5466637955701,-5.79785699947356));
#2755=CARTESIAN_POINT('Origin',(1.2,11.5466637955701,-5.79785699947356));
#2756=CARTESIAN_POINT('',(1.2,14.0466637955701,-5.79785699947356));
#2757=CARTESIAN_POINT('',(18.1,21.5466637955701,-5.79785699947356));
#2758=CARTESIAN_POINT('Origin',(4.5,11.5466637955701,-6.99785699947356));
#2759=CARTESIAN_POINT('',(19.75,21.5466637955701,-6.99785699947356));
#2760=CARTESIAN_POINT('Origin',(38.8,11.5466637955701,-6.99785699947356));
#2761=CARTESIAN_POINT('',(38.8,21.5466637955701,-2.89785699947356));
#2762=CARTESIAN_POINT('Origin',(0.,8.54666379557005,-8.79785699947355));
#2763=CARTESIAN_POINT('',(31.45,21.5466637955701,-8.79785699947356));
#2764=CARTESIAN_POINT('Origin',(51.,16.5466637955701,-15.1978569994736));
#2765=CARTESIAN_POINT('',(51.,16.5466637955701,-13.6978569994736));
#2766=CARTESIAN_POINT('Origin',(51.,16.5466637955701,-15.1978569994736));
#2767=CARTESIAN_POINT('Origin',(52.2,16.5466637955701,-15.1978569994736));
#2768=CARTESIAN_POINT('',(52.2,8.54666379557005,11.2021430005264));
#2769=CARTESIAN_POINT('',(52.2,16.5466637955701,-13.6978569994736));
#2770=CARTESIAN_POINT('Origin',(52.2,16.5466637955701,-15.1978569994736));
#2771=CARTESIAN_POINT('Origin',(0.,16.5466637955701,-15.1978569994736));
#2772=CARTESIAN_POINT('',(0.,16.5466637955701,-13.6978569994736));
#2773=CARTESIAN_POINT('Origin',(0.,16.5466637955701,-15.1978569994736));
#2774=CARTESIAN_POINT('',(0.,16.5466637955701,-13.6978569994736));
#2775=CARTESIAN_POINT('Origin',(0.,16.5466637955701,-15.1978569994736));
#2776=CARTESIAN_POINT('',(0.,16.5466637955701,-13.6978569994736));
#2777=CARTESIAN_POINT('Origin',(0.,21.5466637955701,11.2021430005264));
#2778=CARTESIAN_POINT('',(31.85,21.5466637955701,11.2021430005264));
#2779=CARTESIAN_POINT('Origin',(1.2,16.5466637955701,-15.1978569994736));
#2780=CARTESIAN_POINT('Origin',(0.,21.5466637955701,-22.1468787022915));
#2781=CARTESIAN_POINT('',(0.,21.5466637955701,-22.1468787022915));
#2782=CARTESIAN_POINT('Origin',(0.,12.1785877934864,-20.3259091929805));
#2783=CARTESIAN_POINT('Origin',(0.,16.5466637955701,-15.1978569994736));
#2784=CARTESIAN_POINT('Origin',(16.1,21.5466637955701,1.20214300052644));
#2785=CARTESIAN_POINT('',(17.6,23.1466637955701,1.20214300052644));
#2786=CARTESIAN_POINT('Origin',(16.1,23.1466637955701,1.20214300052644));
#2787=CARTESIAN_POINT('',(17.6,21.5466637955701,1.20214300052644));
#2788=CARTESIAN_POINT('',(17.6,21.5466637955701,1.20214300052644));
#2789=CARTESIAN_POINT('Origin',(16.1,21.5466637955701,1.20214300052644));
#2790=CARTESIAN_POINT('Origin',(36.1,21.5466637955701,1.20214300052644));
#2791=CARTESIAN_POINT('',(37.6,23.1466637955701,1.20214300052644));
#2792=CARTESIAN_POINT('Origin',(36.1,23.1466637955701,1.20214300052644));
#2793=CARTESIAN_POINT('',(37.6,21.5466637955701,1.20214300052644));
#2794=CARTESIAN_POINT('',(37.6,21.5466637955701,1.20214300052644));
#2795=CARTESIAN_POINT('Origin',(36.1,21.5466637955701,1.20214300052644));
#2796=CARTESIAN_POINT('Origin',(52.2,21.5466637955701,11.2021430005264));
#2797=CARTESIAN_POINT('',(52.2,21.5466637955701,-8.79785699947356));
#2798=CARTESIAN_POINT('',(52.2,21.5466637955701,11.2021430005264));
#2799=CARTESIAN_POINT('',(52.2,21.5466637955701,-8.79785699947356));
#2800=CARTESIAN_POINT('',(52.2,23.1466637955701,-8.79785699947356));
#2801=CARTESIAN_POINT('',(52.2,21.5466637955701,-8.79785699947356));
#2802=CARTESIAN_POINT('',(52.2,23.1466637955701,11.2021430005264));
#2803=CARTESIAN_POINT('',(52.2,23.1466637955701,-8.79785699947356));
#2804=CARTESIAN_POINT('',(52.2,21.5466637955701,11.2021430005264));
#2805=CARTESIAN_POINT('Origin',(0.,21.5466637955701,11.2021430005264));
#2806=CARTESIAN_POINT('',(0.,21.5466637955701,11.2021430005264));
#2807=CARTESIAN_POINT('',(52.2,21.5466637955701,11.2021430005264));
#2808=CARTESIAN_POINT('',(0.,23.1466637955701,11.2021430005264));
#2809=CARTESIAN_POINT('',(52.2,23.1466637955701,11.2021430005264));
#2810=CARTESIAN_POINT('',(0.,21.5466637955701,11.2021430005264));
#2811=CARTESIAN_POINT('Origin',(0.,21.5466637955701,-8.79785699947356));
#2812=CARTESIAN_POINT('',(0.,21.5466637955701,-8.79785699947356));
#2813=CARTESIAN_POINT('',(0.,21.5466637955701,11.2021430005264));
#2814=CARTESIAN_POINT('',(0.,23.1466637955701,-8.79785699947356));
#2815=CARTESIAN_POINT('',(0.,23.1466637955701,11.2021430005264));
#2816=CARTESIAN_POINT('',(0.,21.5466637955701,-8.79785699947356));
#2817=CARTESIAN_POINT('Origin',(52.2,21.5466637955701,-8.79785699947356));
#2818=CARTESIAN_POINT('',(0.,21.5466637955701,-8.79785699947356));
#2819=CARTESIAN_POINT('',(0.,23.1466637955701,-8.79785699947356));
#2820=CARTESIAN_POINT('Origin',(26.1,23.1466637955701,1.20214300052644));
#2821=CARTESIAN_POINT('Origin',(26.1,21.5466637955701,1.20214300052644));
#2822=UNCERTAINTY_MEASURE_WITH_UNIT(LENGTH_MEASURE(0.01),#2826,
'DISTANCE_ACCURACY_VALUE',
'Maximum model space distance between geometric entities at asserted c
onnectivities');
#2823=UNCERTAINTY_MEASURE_WITH_UNIT(LENGTH_MEASURE(0.01),#2826,
'DISTANCE_ACCURACY_VALUE',
'Maximum model space distance between geometric entities at asserted c
onnectivities');
#2824=(
GEOMETRIC_REPRESENTATION_CONTEXT(3)
GLOBAL_UNCERTAINTY_ASSIGNED_CONTEXT((#2822))
GLOBAL_UNIT_ASSIGNED_CONTEXT((#2826,#2828,#2829))
REPRESENTATION_CONTEXT('','3D')
);
#2825=(
GEOMETRIC_REPRESENTATION_CONTEXT(3)
GLOBAL_UNCERTAINTY_ASSIGNED_CONTEXT((#2823))
GLOBAL_UNIT_ASSIGNED_CONTEXT((#2826,#2828,#2829))
REPRESENTATION_CONTEXT('','3D')
);
#2826=(
LENGTH_UNIT()
NAMED_UNIT(*)
SI_UNIT(.MILLI.,.METRE.)
);
#2827=(
LENGTH_UNIT()
NAMED_UNIT(*)
SI_UNIT($,.METRE.)
);
#2828=(
NAMED_UNIT(*)
PLANE_ANGLE_UNIT()
SI_UNIT($,.RADIAN.)
);
#2829=(
NAMED_UNIT(*)
SI_UNIT($,.STERADIAN.)
SOLID_ANGLE_UNIT()
);
#2830=SHAPE_DEFINITION_REPRESENTATION(#2831,#2832);
#2831=PRODUCT_DEFINITION_SHAPE('',$,#2834);
#2832=SHAPE_REPRESENTATION('',(#1770),#2824);
#2833=PRODUCT_DEFINITION_CONTEXT('part definition',#2838,'design');
#2834=PRODUCT_DEFINITION('Sproket Guide','Sproket Guide v10',#2835,#2833);
#2835=PRODUCT_DEFINITION_FORMATION('',$,#2840);
#2836=PRODUCT_RELATED_PRODUCT_CATEGORY('Sproket Guide v10',
'Sproket Guide v10',(#2840));
#2837=APPLICATION_PROTOCOL_DEFINITION('international standard',
'automotive_design',2009,#2838);
#2838=APPLICATION_CONTEXT(
'Core Data for Automotive Mechanical Design Process');
#2839=PRODUCT_CONTEXT('part definition',#2838,'mechanical');
#2840=PRODUCT('Sproket Guide','Sproket Guide v10',$,(#2839));
#2841=PRESENTATION_STYLE_ASSIGNMENT((#2842));
#2842=SURFACE_STYLE_USAGE(.BOTH.,#2843);
#2843=SURFACE_SIDE_STYLE('',(#2844));
#2844=SURFACE_STYLE_FILL_AREA(#2845);
#2845=FILL_AREA_STYLE('Steel - Satin',(#2846));
#2846=FILL_AREA_STYLE_COLOUR('Steel - Satin',#2847);
#2847=COLOUR_RGB('Steel - Satin',0.627450980392157,0.627450980392157,0.627450980392157);
ENDSEC;
END-ISO-10303-21;
