ISO-10303-21;
HEADER;
/* Generated by software containing ST-Developer
 * from STEP Tools, Inc. (www.steptools.com) 
 */

FILE_DESCRIPTION(
/* description */ (''),
/* implementation_level */ '2;1');

FILE_NAME(
/* name */ 'Turret Combined.step',
/* time_stamp */ '2026-05-23T20:47:04+09:00',
/* author */ (''),
/* organization */ (''),
/* preprocessor_version */ 'ST-DEVELOPER v20.1',
/* originating_system */ 'Autodesk Translation Framework v15.8.0.0',
/* authorisation */ '');

FILE_SCHEMA (('AUTOMOTIVE_DESIGN { 1 0 10303 214 3 1 1 }'));
ENDSEC;

DATA;
#10=MECHANICAL_DESIGN_GEOMETRIC_PRESENTATION_REPRESENTATION('',(#17),#8702);
#11=ITEM_DEFINED_TRANSFORMATION($,$,#1670,#1821);
#12=(
REPRESENTATION_RELATIONSHIP($,$,#8713,#8712)
REPRESENTATION_RELATIONSHIP_WITH_TRANSFORMATION(#11)
SHAPE_REPRESENTATION_RELATIONSHIP()
);
#13=CONTEXT_DEPENDENT_SHAPE_REPRESENTATION(#12,#8711);
#14=NEXT_ASSEMBLY_USAGE_OCCURRENCE('Spur Gear 10 teeth:1',
'Spur Gear 10 teeth:1','Spur Gear 10 teeth:1',#8715,#8716,
'Spur Gear 10 teeth:1');
#15=SHAPE_REPRESENTATION_RELATIONSHIP('SRR','None',#8713,#16);
#16=ADVANCED_BREP_SHAPE_REPRESENTATION('',(#18),#8701);
#17=STYLED_ITEM('',(#8726),#18);
#18=MANIFOLD_SOLID_BREP('Body1',#1656);
#19=(
BOUNDED_CURVE()
B_SPLINE_CURVE(5,(#2695,#2696,#2697,#2698,#2699,#2700,#2701,#2702,#2703,
#2704,#2705,#2706,#2707,#2708,#2709,#2710,#2711,#2712,#2713,#2714,#2715,
#2716,#2717,#2718,#2719,#2720,#2721,#2722,#2723,#2724,#2725,#2726,#2727,
#2728,#2729,#2730,#2731,#2732,#2733,#2734,#2735,#2736,#2737,#2738,#2739,
#2740,#2741,#2742,#2743,#2744,#2745,#2746,#2747,#2748,#2749,#2750,#2751,
#2752,#2753,#2754,#2755,#2756,#2757,#2758,#2759,#2760,#2761,#2762,#2763,
#2764,#2765,#2766,#2767,#2768,#2769),.UNSPECIFIED.,.F.,.F.)
B_SPLINE_CURVE_WITH_KNOTS((6,1,1,1,1,1,1,1,1,1,1,1,1,1,1,1,1,1,1,1,1,1,
1,1,1,1,1,1,1,1,1,1,1,1,1,1,1,1,1,1,1,1,1,1,1,1,1,1,1,1,1,1,1,1,1,1,1,1,
1,1,1,1,1,1,1,1,1,1,1,1,6),(0.,0.0142857142857143,0.0285714285714286,0.0428571428571429,
0.0571428571428571,0.0714285714285714,0.0857142857142857,0.1,0.114285714285714,
0.128571428571429,0.142857142857143,0.157142857142857,0.171428571428571,
0.185714285714286,0.2,0.214285714285714,0.228571428571429,0.242857142857143,
0.257142857142857,0.271428571428571,0.285714285714286,0.3,0.314285714285714,
0.328571428571429,0.342857142857143,0.357142857142857,0.371428571428571,
0.385714285714286,0.4,0.414285714285714,0.428571428571429,0.442857142857143,
0.457142857142857,0.471428571428572,0.485714285714286,0.5,0.514285714285714,
0.528571428571429,0.542857142857143,0.557142857142857,0.571428571428571,
0.585714285714286,0.6,0.614285714285714,0.628571428571428,0.642857142857142,
0.657142857142857,0.671428571428571,0.685714285714285,0.699999999999999,
0.714285714285714,0.728571428571428,0.742857142857142,0.757142857142856,
0.771428571428571,0.785714285714285,0.799999999999999,0.814285714285713,
0.828571428571428,0.842857142857142,0.857142857142856,0.87142857142857,
0.885714285714284,0.899999999999999,0.914285714285713,0.928571428571427,
0.942857142857141,0.957142857142856,0.97142857142857,0.985714285714284,
1.),.UNSPECIFIED.)
CURVE()
GEOMETRIC_REPRESENTATION_ITEM()
RATIONAL_B_SPLINE_CURVE((1.,1.,1.,1.,1.,1.,1.,1.,1.,1.,1.,1.,1.,1.,1.,1.,
1.,1.,1.,1.,1.,1.,1.,1.,1.,1.,1.,1.,1.,1.,1.,1.,1.,1.,1.,1.,1.,1.,1.,1.,
1.,1.,1.,1.,1.,1.,1.,1.,1.,1.,1.,1.,1.,1.,1.,1.,1.,1.,1.,1.,1.,1.,1.,1.,
1.,1.,1.,1.,1.,1.,1.,1.,1.,1.,1.))
REPRESENTATION_ITEM('')
);
#20=(
BOUNDED_CURVE()
B_SPLINE_CURVE(5,(#2771,#2772,#2773,#2774,#2775,#2776,#2777,#2778,#2779,
#2780,#2781,#2782,#2783,#2784,#2785,#2786,#2787,#2788,#2789,#2790,#2791,
#2792,#2793,#2794,#2795,#2796,#2797,#2798,#2799,#2800,#2801,#2802,#2803,
#2804,#2805,#2806,#2807,#2808,#2809,#2810,#2811,#2812,#2813,#2814,#2815,
#2816,#2817,#2818,#2819,#2820,#2821,#2822,#2823,#2824,#2825,#2826,#2827,
#2828,#2829,#2830,#2831,#2832,#2833,#2834,#2835,#2836,#2837,#2838,#2839,
#2840,#2841,#2842,#2843,#2844,#2845),.UNSPECIFIED.,.F.,.F.)
B_SPLINE_CURVE_WITH_KNOTS((6,1,1,1,1,1,1,1,1,1,1,1,1,1,1,1,1,1,1,1,1,1,
1,1,1,1,1,1,1,1,1,1,1,1,1,1,1,1,1,1,1,1,1,1,1,1,1,1,1,1,1,1,1,1,1,1,1,1,
1,1,1,1,1,1,1,1,1,1,1,1,6),(-1.,-0.985714285714284,-0.97142857142857,-0.957142857142856,
-0.942857142857141,-0.928571428571427,-0.914285714285713,-0.899999999999999,
-0.885714285714284,-0.87142857142857,-0.857142857142856,-0.842857142857142,
-0.828571428571428,-0.814285714285713,-0.799999999999999,-0.785714285714285,
-0.771428571428571,-0.757142857142856,-0.742857142857142,-0.728571428571428,
-0.714285714285714,-0.699999999999999,-0.685714285714285,-0.671428571428571,
-0.657142857142857,-0.642857142857142,-0.628571428571428,-0.614285714285714,
-0.6,-0.585714285714286,-0.571428571428571,-0.557142857142857,-0.542857142857143,
-0.528571428571429,-0.514285714285714,-0.5,-0.485714285714286,-0.471428571428572,
-0.457142857142857,-0.442857142857143,-0.428571428571429,-0.414285714285714,
-0.4,-0.385714285714286,-0.371428571428571,-0.357142857142857,-0.342857142857143,
-0.328571428571429,-0.314285714285714,-0.3,-0.285714285714286,-0.271428571428571,
-0.257142857142857,-0.242857142857143,-0.228571428571429,-0.214285714285714,
-0.2,-0.185714285714286,-0.171428571428571,-0.157142857142857,-0.142857142857143,
-0.128571428571429,-0.114285714285714,-0.1,-0.0857142857142857,-0.0714285714285714,
-0.0571428571428571,-0.0428571428571429,-0.0285714285714286,-0.0142857142857143,
0.),.UNSPECIFIED.)
CURVE()
GEOMETRIC_REPRESENTATION_ITEM()
RATIONAL_B_SPLINE_CURVE((1.,1.,1.,1.,1.,1.,1.,1.,1.,1.,1.,1.,1.,1.,1.,1.,
1.,1.,1.,1.,1.,1.,1.,1.,1.,1.,1.,1.,1.,1.,1.,1.,1.,1.,1.,1.,1.,1.,1.,1.,
1.,1.,1.,1.,1.,1.,1.,1.,1.,1.,1.,1.,1.,1.,1.,1.,1.,1.,1.,1.,1.,1.,1.,1.,
1.,1.,1.,1.,1.,1.,1.,1.,1.,1.,1.))
REPRESENTATION_ITEM('')
);
#21=(
BOUNDED_CURVE()
B_SPLINE_CURVE(5,(#3003,#3004,#3005,#3006,#3007,#3008,#3009,#3010,#3011,
#3012,#3013,#3014,#3015,#3016,#3017,#3018,#3019,#3020,#3021,#3022,#3023,
#3024,#3025,#3026,#3027,#3028,#3029,#3030,#3031,#3032,#3033,#3034,#3035,
#3036,#3037,#3038,#3039,#3040,#3041,#3042,#3043,#3044,#3045,#3046,#3047,
#3048,#3049,#3050,#3051,#3052,#3053,#3054,#3055,#3056,#3057,#3058,#3059,
#3060,#3061,#3062,#3063,#3064,#3065,#3066,#3067,#3068,#3069,#3070,#3071,
#3072,#3073,#3074,#3075,#3076,#3077),.UNSPECIFIED.,.F.,.F.)
B_SPLINE_CURVE_WITH_KNOTS((6,1,1,1,1,1,1,1,1,1,1,1,1,1,1,1,1,1,1,1,1,1,
1,1,1,1,1,1,1,1,1,1,1,1,1,1,1,1,1,1,1,1,1,1,1,1,1,1,1,1,1,1,1,1,1,1,1,1,
1,1,1,1,1,1,1,1,1,1,1,1,6),(0.,0.0142857142857143,0.0285714285714286,0.0428571428571429,
0.0571428571428571,0.0714285714285714,0.0857142857142857,0.1,0.114285714285714,
0.128571428571429,0.142857142857143,0.157142857142857,0.171428571428571,
0.185714285714286,0.2,0.214285714285714,0.228571428571429,0.242857142857143,
0.257142857142857,0.271428571428571,0.285714285714286,0.3,0.314285714285714,
0.328571428571429,0.342857142857143,0.357142857142857,0.371428571428571,
0.385714285714286,0.4,0.414285714285714,0.428571428571429,0.442857142857143,
0.457142857142857,0.471428571428572,0.485714285714286,0.5,0.514285714285714,
0.528571428571429,0.542857142857143,0.557142857142857,0.571428571428571,
0.585714285714286,0.6,0.614285714285714,0.628571428571428,0.642857142857142,
0.657142857142857,0.671428571428571,0.685714285714285,0.699999999999999,
0.714285714285714,0.728571428571428,0.742857142857142,0.757142857142856,
0.771428571428571,0.785714285714285,0.799999999999999,0.814285714285713,
0.828571428571428,0.842857142857142,0.857142857142856,0.87142857142857,
0.885714285714284,0.899999999999999,0.914285714285713,0.928571428571427,
0.942857142857141,0.957142857142856,0.97142857142857,0.985714285714284,
1.),.UNSPECIFIED.)
CURVE()
GEOMETRIC_REPRESENTATION_ITEM()
RATIONAL_B_SPLINE_CURVE((1.,1.,1.,1.,1.,1.,1.,1.,1.,1.,1.,1.,1.,1.,1.,1.,
1.,1.,1.,1.,1.,1.,1.,1.,1.,1.,1.,1.,1.,1.,1.,1.,1.,1.,1.,1.,1.,1.,1.,1.,
1.,1.,1.,1.,1.,1.,1.,1.,1.,1.,1.,1.,1.,1.,1.,1.,1.,1.,1.,1.,1.,1.,1.,1.,
1.,1.,1.,1.,1.,1.,1.,1.,1.,1.,1.))
REPRESENTATION_ITEM('')
);
#22=(
BOUNDED_CURVE()
B_SPLINE_CURVE(5,(#3078,#3079,#3080,#3081,#3082,#3083,#3084,#3085,#3086,
#3087,#3088,#3089,#3090,#3091,#3092,#3093,#3094,#3095,#3096,#3097,#3098,
#3099,#3100,#3101,#3102,#3103,#3104,#3105,#3106,#3107,#3108,#3109,#3110,
#3111,#3112,#3113,#3114,#3115,#3116,#3117,#3118,#3119,#3120,#3121,#3122,
#3123,#3124,#3125,#3126,#3127,#3128,#3129,#3130,#3131,#3132,#3133,#3134,
#3135,#3136,#3137,#3138,#3139,#3140,#3141,#3142,#3143,#3144,#3145,#3146,
#3147,#3148,#3149,#3150,#3151,#3152),.UNSPECIFIED.,.F.,.F.)
B_SPLINE_CURVE_WITH_KNOTS((6,1,1,1,1,1,1,1,1,1,1,1,1,1,1,1,1,1,1,1,1,1,
1,1,1,1,1,1,1,1,1,1,1,1,1,1,1,1,1,1,1,1,1,1,1,1,1,1,1,1,1,1,1,1,1,1,1,1,
1,1,1,1,1,1,1,1,1,1,1,1,6),(0.,0.0142857142857143,0.0285714285714286,0.0428571428571429,
0.0571428571428571,0.0714285714285714,0.0857142857142857,0.1,0.114285714285714,
0.128571428571429,0.142857142857143,0.157142857142857,0.171428571428571,
0.185714285714286,0.2,0.214285714285714,0.228571428571429,0.242857142857143,
0.257142857142857,0.271428571428571,0.285714285714286,0.3,0.314285714285714,
0.328571428571429,0.342857142857143,0.357142857142857,0.371428571428571,
0.385714285714286,0.4,0.414285714285714,0.428571428571429,0.442857142857143,
0.457142857142857,0.471428571428572,0.485714285714286,0.5,0.514285714285714,
0.528571428571429,0.542857142857143,0.557142857142857,0.571428571428571,
0.585714285714286,0.6,0.614285714285714,0.628571428571428,0.642857142857142,
0.657142857142857,0.671428571428571,0.685714285714285,0.699999999999999,
0.714285714285714,0.728571428571428,0.742857142857142,0.757142857142856,
0.771428571428571,0.785714285714285,0.799999999999999,0.814285714285713,
0.828571428571428,0.842857142857142,0.857142857142856,0.87142857142857,
0.885714285714284,0.899999999999999,0.914285714285713,0.928571428571427,
0.942857142857141,0.957142857142856,0.97142857142857,0.985714285714284,
1.),.UNSPECIFIED.)
CURVE()
GEOMETRIC_REPRESENTATION_ITEM()
RATIONAL_B_SPLINE_CURVE((1.,1.,1.,1.,1.,1.,1.,1.,1.,1.,1.,1.,1.,1.,1.,1.,
1.,1.,1.,1.,1.,1.,1.,1.,1.,1.,1.,1.,1.,1.,1.,1.,1.,1.,1.,1.,1.,1.,1.,1.,
1.,1.,1.,1.,1.,1.,1.,1.,1.,1.,1.,1.,1.,1.,1.,1.,1.,1.,1.,1.,1.,1.,1.,1.,
1.,1.,1.,1.,1.,1.,1.,1.,1.,1.,1.))
REPRESENTATION_ITEM('')
);
#23=(
BOUNDED_CURVE()
B_SPLINE_CURVE(5,(#3304,#3305,#3306,#3307,#3308,#3309,#3310,#3311,#3312,
#3313,#3314,#3315,#3316,#3317,#3318,#3319,#3320,#3321,#3322,#3323,#3324,
#3325,#3326,#3327,#3328,#3329,#3330,#3331,#3332,#3333,#3334,#3335,#3336,
#3337,#3338,#3339,#3340,#3341,#3342,#3343,#3344,#3345,#3346,#3347,#3348,
#3349,#3350,#3351,#3352,#3353,#3354,#3355,#3356,#3357,#3358,#3359,#3360,
#3361,#3362,#3363,#3364,#3365,#3366,#3367,#3368,#3369,#3370,#3371,#3372,
#3373,#3374,#3375,#3376,#3377,#3378),.UNSPECIFIED.,.F.,.F.)
B_SPLINE_CURVE_WITH_KNOTS((6,1,1,1,1,1,1,1,1,1,1,1,1,1,1,1,1,1,1,1,1,1,
1,1,1,1,1,1,1,1,1,1,1,1,1,1,1,1,1,1,1,1,1,1,1,1,1,1,1,1,1,1,1,1,1,1,1,1,
1,1,1,1,1,1,1,1,1,1,1,1,6),(0.,0.0142857142857143,0.0285714285714286,0.0428571428571429,
0.0571428571428571,0.0714285714285714,0.0857142857142857,0.1,0.114285714285714,
0.128571428571429,0.142857142857143,0.157142857142857,0.171428571428571,
0.185714285714286,0.2,0.214285714285714,0.228571428571429,0.242857142857143,
0.257142857142857,0.271428571428571,0.285714285714286,0.3,0.314285714285714,
0.328571428571429,0.342857142857143,0.357142857142857,0.371428571428571,
0.385714285714286,0.4,0.414285714285714,0.428571428571429,0.442857142857143,
0.457142857142857,0.471428571428572,0.485714285714286,0.5,0.514285714285714,
0.528571428571429,0.542857142857143,0.557142857142857,0.571428571428571,
0.585714285714286,0.6,0.614285714285714,0.628571428571428,0.642857142857142,
0.657142857142857,0.671428571428571,0.685714285714285,0.699999999999999,
0.714285714285714,0.728571428571428,0.742857142857142,0.757142857142856,
0.771428571428571,0.785714285714285,0.799999999999999,0.814285714285713,
0.828571428571428,0.842857142857142,0.857142857142856,0.87142857142857,
0.885714285714284,0.899999999999999,0.914285714285713,0.928571428571427,
0.942857142857141,0.957142857142856,0.97142857142857,0.985714285714284,
1.),.UNSPECIFIED.)
CURVE()
GEOMETRIC_REPRESENTATION_ITEM()
RATIONAL_B_SPLINE_CURVE((1.,1.,1.,1.,1.,1.,1.,1.,1.,1.,1.,1.,1.,1.,1.,1.,
1.,1.,1.,1.,1.,1.,1.,1.,1.,1.,1.,1.,1.,1.,1.,1.,1.,1.,1.,1.,1.,1.,1.,1.,
1.,1.,1.,1.,1.,1.,1.,1.,1.,1.,1.,1.,1.,1.,1.,1.,1.,1.,1.,1.,1.,1.,1.,1.,
1.,1.,1.,1.,1.,1.,1.,1.,1.,1.,1.))
REPRESENTATION_ITEM('')
);
#24=(
BOUNDED_CURVE()
B_SPLINE_CURVE(5,(#3380,#3381,#3382,#3383,#3384,#3385,#3386,#3387,#3388,
#3389,#3390,#3391,#3392,#3393,#3394,#3395,#3396,#3397,#3398,#3399,#3400,
#3401,#3402,#3403,#3404,#3405,#3406,#3407,#3408,#3409,#3410,#3411,#3412,
#3413,#3414,#3415,#3416,#3417,#3418,#3419,#3420,#3421,#3422,#3423,#3424,
#3425,#3426,#3427,#3428,#3429,#3430,#3431,#3432,#3433,#3434,#3435,#3436,
#3437,#3438,#3439,#3440,#3441,#3442,#3443,#3444,#3445,#3446,#3447,#3448,
#3449,#3450,#3451,#3452,#3453,#3454),.UNSPECIFIED.,.F.,.F.)
B_SPLINE_CURVE_WITH_KNOTS((6,1,1,1,1,1,1,1,1,1,1,1,1,1,1,1,1,1,1,1,1,1,
1,1,1,1,1,1,1,1,1,1,1,1,1,1,1,1,1,1,1,1,1,1,1,1,1,1,1,1,1,1,1,1,1,1,1,1,
1,1,1,1,1,1,1,1,1,1,1,1,6),(-1.,-0.985714285714284,-0.97142857142857,-0.957142857142856,
-0.942857142857141,-0.928571428571427,-0.914285714285713,-0.899999999999999,
-0.885714285714284,-0.87142857142857,-0.857142857142856,-0.842857142857142,
-0.828571428571428,-0.814285714285713,-0.799999999999999,-0.785714285714285,
-0.771428571428571,-0.757142857142856,-0.742857142857142,-0.728571428571428,
-0.714285714285714,-0.699999999999999,-0.685714285714285,-0.671428571428571,
-0.657142857142857,-0.642857142857142,-0.628571428571428,-0.614285714285714,
-0.6,-0.585714285714286,-0.571428571428571,-0.557142857142857,-0.542857142857143,
-0.528571428571429,-0.514285714285714,-0.5,-0.485714285714286,-0.471428571428572,
-0.457142857142857,-0.442857142857143,-0.428571428571429,-0.414285714285714,
-0.4,-0.385714285714286,-0.371428571428571,-0.357142857142857,-0.342857142857143,
-0.328571428571429,-0.314285714285714,-0.3,-0.285714285714286,-0.271428571428571,
-0.257142857142857,-0.242857142857143,-0.228571428571429,-0.214285714285714,
-0.2,-0.185714285714286,-0.171428571428571,-0.157142857142857,-0.142857142857143,
-0.128571428571429,-0.114285714285714,-0.1,-0.0857142857142857,-0.0714285714285714,
-0.0571428571428571,-0.0428571428571429,-0.0285714285714286,-0.0142857142857143,
0.),.UNSPECIFIED.)
CURVE()
GEOMETRIC_REPRESENTATION_ITEM()
RATIONAL_B_SPLINE_CURVE((1.,1.,1.,1.,1.,1.,1.,1.,1.,1.,1.,1.,1.,1.,1.,1.,
1.,1.,1.,1.,1.,1.,1.,1.,1.,1.,1.,1.,1.,1.,1.,1.,1.,1.,1.,1.,1.,1.,1.,1.,
1.,1.,1.,1.,1.,1.,1.,1.,1.,1.,1.,1.,1.,1.,1.,1.,1.,1.,1.,1.,1.,1.,1.,1.,
1.,1.,1.,1.,1.,1.,1.,1.,1.,1.,1.))
REPRESENTATION_ITEM('')
);
#25=(
BOUNDED_CURVE()
B_SPLINE_CURVE(5,(#3612,#3613,#3614,#3615,#3616,#3617,#3618,#3619,#3620,
#3621,#3622,#3623,#3624,#3625,#3626,#3627,#3628,#3629,#3630,#3631,#3632,
#3633,#3634,#3635,#3636,#3637,#3638,#3639,#3640,#3641,#3642,#3643,#3644,
#3645,#3646,#3647,#3648,#3649,#3650,#3651,#3652,#3653,#3654,#3655,#3656,
#3657,#3658,#3659,#3660,#3661,#3662,#3663,#3664,#3665,#3666,#3667,#3668,
#3669,#3670,#3671,#3672,#3673,#3674,#3675,#3676,#3677,#3678,#3679,#3680,
#3681,#3682,#3683,#3684,#3685,#3686),.UNSPECIFIED.,.F.,.F.)
B_SPLINE_CURVE_WITH_KNOTS((6,1,1,1,1,1,1,1,1,1,1,1,1,1,1,1,1,1,1,1,1,1,
1,1,1,1,1,1,1,1,1,1,1,1,1,1,1,1,1,1,1,1,1,1,1,1,1,1,1,1,1,1,1,1,1,1,1,1,
1,1,1,1,1,1,1,1,1,1,1,1,6),(0.,0.0142857142857143,0.0285714285714286,0.0428571428571429,
0.0571428571428571,0.0714285714285714,0.0857142857142857,0.1,0.114285714285714,
0.128571428571429,0.142857142857143,0.157142857142857,0.171428571428571,
0.185714285714286,0.2,0.214285714285714,0.228571428571429,0.242857142857143,
0.257142857142857,0.271428571428571,0.285714285714286,0.3,0.314285714285714,
0.328571428571429,0.342857142857143,0.357142857142857,0.371428571428571,
0.385714285714286,0.4,0.414285714285714,0.428571428571429,0.442857142857143,
0.457142857142857,0.471428571428572,0.485714285714286,0.5,0.514285714285714,
0.528571428571429,0.542857142857143,0.557142857142857,0.571428571428571,
0.585714285714286,0.6,0.614285714285714,0.628571428571428,0.642857142857142,
0.657142857142857,0.671428571428571,0.685714285714285,0.699999999999999,
0.714285714285714,0.728571428571428,0.742857142857142,0.757142857142856,
0.771428571428571,0.785714285714285,0.799999999999999,0.814285714285713,
0.828571428571428,0.842857142857142,0.857142857142856,0.87142857142857,
0.885714285714284,0.899999999999999,0.914285714285713,0.928571428571427,
0.942857142857141,0.957142857142856,0.97142857142857,0.985714285714284,
1.),.UNSPECIFIED.)
CURVE()
GEOMETRIC_REPRESENTATION_ITEM()
RATIONAL_B_SPLINE_CURVE((1.,1.,1.,1.,1.,1.,1.,1.,1.,1.,1.,1.,1.,1.,1.,1.,
1.,1.,1.,1.,1.,1.,1.,1.,1.,1.,1.,1.,1.,1.,1.,1.,1.,1.,1.,1.,1.,1.,1.,1.,
1.,1.,1.,1.,1.,1.,1.,1.,1.,1.,1.,1.,1.,1.,1.,1.,1.,1.,1.,1.,1.,1.,1.,1.,
1.,1.,1.,1.,1.,1.,1.,1.,1.,1.,1.))
REPRESENTATION_ITEM('')
);
#26=(
BOUNDED_CURVE()
B_SPLINE_CURVE(5,(#3687,#3688,#3689,#3690,#3691,#3692,#3693,#3694,#3695,
#3696,#3697,#3698,#3699,#3700,#3701,#3702,#3703,#3704,#3705,#3706,#3707,
#3708,#3709,#3710,#3711,#3712,#3713,#3714,#3715,#3716,#3717,#3718,#3719,
#3720,#3721,#3722,#3723,#3724,#3725,#3726,#3727,#3728,#3729,#3730,#3731,
#3732,#3733,#3734,#3735,#3736,#3737,#3738,#3739,#3740,#3741,#3742,#3743,
#3744,#3745,#3746,#3747,#3748,#3749,#3750,#3751,#3752,#3753,#3754,#3755,
#3756,#3757,#3758,#3759,#3760,#3761),.UNSPECIFIED.,.F.,.F.)
B_SPLINE_CURVE_WITH_KNOTS((6,1,1,1,1,1,1,1,1,1,1,1,1,1,1,1,1,1,1,1,1,1,
1,1,1,1,1,1,1,1,1,1,1,1,1,1,1,1,1,1,1,1,1,1,1,1,1,1,1,1,1,1,1,1,1,1,1,1,
1,1,1,1,1,1,1,1,1,1,1,1,6),(0.,0.0142857142857143,0.0285714285714286,0.0428571428571429,
0.0571428571428571,0.0714285714285714,0.0857142857142857,0.1,0.114285714285714,
0.128571428571429,0.142857142857143,0.157142857142857,0.171428571428571,
0.185714285714286,0.2,0.214285714285714,0.228571428571429,0.242857142857143,
0.257142857142857,0.271428571428571,0.285714285714286,0.3,0.314285714285714,
0.328571428571429,0.342857142857143,0.357142857142857,0.371428571428571,
0.385714285714286,0.4,0.414285714285714,0.428571428571429,0.442857142857143,
0.457142857142857,0.471428571428572,0.485714285714286,0.5,0.514285714285714,
0.528571428571429,0.542857142857143,0.557142857142857,0.571428571428571,
0.585714285714286,0.6,0.614285714285714,0.628571428571428,0.642857142857142,
0.657142857142857,0.671428571428571,0.685714285714285,0.699999999999999,
0.714285714285714,0.728571428571428,0.742857142857142,0.757142857142856,
0.771428571428571,0.785714285714285,0.799999999999999,0.814285714285713,
0.828571428571428,0.842857142857142,0.857142857142856,0.87142857142857,
0.885714285714284,0.899999999999999,0.914285714285713,0.928571428571427,
0.942857142857141,0.957142857142856,0.97142857142857,0.985714285714284,
1.),.UNSPECIFIED.)
CURVE()
GEOMETRIC_REPRESENTATION_ITEM()
RATIONAL_B_SPLINE_CURVE((1.,1.,1.,1.,1.,1.,1.,1.,1.,1.,1.,1.,1.,1.,1.,1.,
1.,1.,1.,1.,1.,1.,1.,1.,1.,1.,1.,1.,1.,1.,1.,1.,1.,1.,1.,1.,1.,1.,1.,1.,
1.,1.,1.,1.,1.,1.,1.,1.,1.,1.,1.,1.,1.,1.,1.,1.,1.,1.,1.,1.,1.,1.,1.,1.,
1.,1.,1.,1.,1.,1.,1.,1.,1.,1.,1.))
REPRESENTATION_ITEM('')
);
#27=(
BOUNDED_CURVE()
B_SPLINE_CURVE(5,(#3913,#3914,#3915,#3916,#3917,#3918,#3919,#3920,#3921,
#3922,#3923,#3924,#3925,#3926,#3927,#3928,#3929,#3930,#3931,#3932,#3933,
#3934,#3935,#3936,#3937,#3938,#3939,#3940,#3941,#3942,#3943,#3944,#3945,
#3946,#3947,#3948,#3949,#3950,#3951,#3952,#3953,#3954,#3955,#3956,#3957,
#3958,#3959,#3960,#3961,#3962,#3963,#3964,#3965,#3966,#3967,#3968,#3969,
#3970,#3971,#3972,#3973,#3974,#3975,#3976,#3977,#3978,#3979,#3980,#3981,
#3982,#3983,#3984,#3985,#3986,#3987),.UNSPECIFIED.,.F.,.F.)
B_SPLINE_CURVE_WITH_KNOTS((6,1,1,1,1,1,1,1,1,1,1,1,1,1,1,1,1,1,1,1,1,1,
1,1,1,1,1,1,1,1,1,1,1,1,1,1,1,1,1,1,1,1,1,1,1,1,1,1,1,1,1,1,1,1,1,1,1,1,
1,1,1,1,1,1,1,1,1,1,1,1,6),(0.,0.0142857142857143,0.0285714285714286,0.0428571428571429,
0.0571428571428571,0.0714285714285714,0.0857142857142857,0.1,0.114285714285714,
0.128571428571429,0.142857142857143,0.157142857142857,0.171428571428571,
0.185714285714286,0.2,0.214285714285714,0.228571428571429,0.242857142857143,
0.257142857142857,0.271428571428571,0.285714285714286,0.3,0.314285714285714,
0.328571428571429,0.342857142857143,0.357142857142857,0.371428571428571,
0.385714285714286,0.4,0.414285714285714,0.428571428571429,0.442857142857143,
0.457142857142857,0.471428571428572,0.485714285714286,0.5,0.514285714285714,
0.528571428571429,0.542857142857143,0.557142857142857,0.571428571428571,
0.585714285714286,0.6,0.614285714285714,0.628571428571428,0.642857142857142,
0.657142857142857,0.671428571428571,0.685714285714285,0.699999999999999,
0.714285714285714,0.728571428571428,0.742857142857142,0.757142857142856,
0.771428571428571,0.785714285714285,0.799999999999999,0.814285714285713,
0.828571428571428,0.842857142857142,0.857142857142856,0.87142857142857,
0.885714285714284,0.899999999999999,0.914285714285713,0.928571428571427,
0.942857142857141,0.957142857142856,0.97142857142857,0.985714285714284,
1.),.UNSPECIFIED.)
CURVE()
GEOMETRIC_REPRESENTATION_ITEM()
RATIONAL_B_SPLINE_CURVE((1.,1.,1.,1.,1.,1.,1.,1.,1.,1.,1.,1.,1.,1.,1.,1.,
1.,1.,1.,1.,1.,1.,1.,1.,1.,1.,1.,1.,1.,1.,1.,1.,1.,1.,1.,1.,1.,1.,1.,1.,
1.,1.,1.,1.,1.,1.,1.,1.,1.,1.,1.,1.,1.,1.,1.,1.,1.,1.,1.,1.,1.,1.,1.,1.,
1.,1.,1.,1.,1.,1.,1.,1.,1.,1.,1.))
REPRESENTATION_ITEM('')
);
#28=(
BOUNDED_CURVE()
B_SPLINE_CURVE(5,(#3989,#3990,#3991,#3992,#3993,#3994,#3995,#3996,#3997,
#3998,#3999,#4000,#4001,#4002,#4003,#4004,#4005,#4006,#4007,#4008,#4009,
#4010,#4011,#4012,#4013,#4014,#4015,#4016,#4017,#4018,#4019,#4020,#4021,
#4022,#4023,#4024,#4025,#4026,#4027,#4028,#4029,#4030,#4031,#4032,#4033,
#4034,#4035,#4036,#4037,#4038,#4039,#4040,#4041,#4042,#4043,#4044,#4045,
#4046,#4047,#4048,#4049,#4050,#4051,#4052,#4053,#4054,#4055,#4056,#4057,
#4058,#4059,#4060,#4061,#4062,#4063),.UNSPECIFIED.,.F.,.F.)
B_SPLINE_CURVE_WITH_KNOTS((6,1,1,1,1,1,1,1,1,1,1,1,1,1,1,1,1,1,1,1,1,1,
1,1,1,1,1,1,1,1,1,1,1,1,1,1,1,1,1,1,1,1,1,1,1,1,1,1,1,1,1,1,1,1,1,1,1,1,
1,1,1,1,1,1,1,1,1,1,1,1,6),(-1.,-0.985714285714284,-0.97142857142857,-0.957142857142856,
-0.942857142857141,-0.928571428571427,-0.914285714285713,-0.899999999999999,
-0.885714285714284,-0.87142857142857,-0.857142857142856,-0.842857142857142,
-0.828571428571428,-0.814285714285713,-0.799999999999999,-0.785714285714285,
-0.771428571428571,-0.757142857142856,-0.742857142857142,-0.728571428571428,
-0.714285714285714,-0.699999999999999,-0.685714285714285,-0.671428571428571,
-0.657142857142857,-0.642857142857142,-0.628571428571428,-0.614285714285714,
-0.6,-0.585714285714286,-0.571428571428571,-0.557142857142857,-0.542857142857143,
-0.528571428571429,-0.514285714285714,-0.5,-0.485714285714286,-0.471428571428572,
-0.457142857142857,-0.442857142857143,-0.428571428571429,-0.414285714285714,
-0.4,-0.385714285714286,-0.371428571428571,-0.357142857142857,-0.342857142857143,
-0.328571428571429,-0.314285714285714,-0.3,-0.285714285714286,-0.271428571428571,
-0.257142857142857,-0.242857142857143,-0.228571428571429,-0.214285714285714,
-0.2,-0.185714285714286,-0.171428571428571,-0.157142857142857,-0.142857142857143,
-0.128571428571429,-0.114285714285714,-0.1,-0.0857142857142857,-0.0714285714285714,
-0.0571428571428571,-0.0428571428571429,-0.0285714285714286,-0.0142857142857143,
0.),.UNSPECIFIED.)
CURVE()
GEOMETRIC_REPRESENTATION_ITEM()
RATIONAL_B_SPLINE_CURVE((1.,1.,1.,1.,1.,1.,1.,1.,1.,1.,1.,1.,1.,1.,1.,1.,
1.,1.,1.,1.,1.,1.,1.,1.,1.,1.,1.,1.,1.,1.,1.,1.,1.,1.,1.,1.,1.,1.,1.,1.,
1.,1.,1.,1.,1.,1.,1.,1.,1.,1.,1.,1.,1.,1.,1.,1.,1.,1.,1.,1.,1.,1.,1.,1.,
1.,1.,1.,1.,1.,1.,1.,1.,1.,1.,1.))
REPRESENTATION_ITEM('')
);
#29=(
BOUNDED_CURVE()
B_SPLINE_CURVE(5,(#4221,#4222,#4223,#4224,#4225,#4226,#4227,#4228,#4229,
#4230,#4231,#4232,#4233,#4234,#4235,#4236,#4237,#4238,#4239,#4240,#4241,
#4242,#4243,#4244,#4245,#4246,#4247,#4248,#4249,#4250,#4251,#4252,#4253,
#4254,#4255,#4256,#4257,#4258,#4259,#4260,#4261,#4262,#4263,#4264,#4265,
#4266,#4267,#4268,#4269,#4270,#4271,#4272,#4273,#4274,#4275,#4276,#4277,
#4278,#4279,#4280,#4281,#4282,#4283,#4284,#4285,#4286,#4287,#4288,#4289,
#4290,#4291,#4292,#4293,#4294,#4295),.UNSPECIFIED.,.F.,.F.)
B_SPLINE_CURVE_WITH_KNOTS((6,1,1,1,1,1,1,1,1,1,1,1,1,1,1,1,1,1,1,1,1,1,
1,1,1,1,1,1,1,1,1,1,1,1,1,1,1,1,1,1,1,1,1,1,1,1,1,1,1,1,1,1,1,1,1,1,1,1,
1,1,1,1,1,1,1,1,1,1,1,1,6),(0.,0.0142857142857143,0.0285714285714286,0.0428571428571429,
0.0571428571428571,0.0714285714285714,0.0857142857142857,0.1,0.114285714285714,
0.128571428571429,0.142857142857143,0.157142857142857,0.171428571428571,
0.185714285714286,0.2,0.214285714285714,0.228571428571429,0.242857142857143,
0.257142857142857,0.271428571428571,0.285714285714286,0.3,0.314285714285714,
0.328571428571429,0.342857142857143,0.357142857142857,0.371428571428571,
0.385714285714286,0.4,0.414285714285714,0.428571428571429,0.442857142857143,
0.457142857142857,0.471428571428572,0.485714285714286,0.5,0.514285714285714,
0.528571428571429,0.542857142857143,0.557142857142857,0.571428571428571,
0.585714285714286,0.6,0.614285714285714,0.628571428571428,0.642857142857142,
0.657142857142857,0.671428571428571,0.685714285714285,0.699999999999999,
0.714285714285714,0.728571428571428,0.742857142857142,0.757142857142856,
0.771428571428571,0.785714285714285,0.799999999999999,0.814285714285713,
0.828571428571428,0.842857142857142,0.857142857142856,0.87142857142857,
0.885714285714284,0.899999999999999,0.914285714285713,0.928571428571427,
0.942857142857141,0.957142857142856,0.97142857142857,0.985714285714284,
1.),.UNSPECIFIED.)
CURVE()
GEOMETRIC_REPRESENTATION_ITEM()
RATIONAL_B_SPLINE_CURVE((1.,1.,1.,1.,1.,1.,1.,1.,1.,1.,1.,1.,1.,1.,1.,1.,
1.,1.,1.,1.,1.,1.,1.,1.,1.,1.,1.,1.,1.,1.,1.,1.,1.,1.,1.,1.,1.,1.,1.,1.,
1.,1.,1.,1.,1.,1.,1.,1.,1.,1.,1.,1.,1.,1.,1.,1.,1.,1.,1.,1.,1.,1.,1.,1.,
1.,1.,1.,1.,1.,1.,1.,1.,1.,1.,1.))
REPRESENTATION_ITEM('')
);
#30=(
BOUNDED_CURVE()
B_SPLINE_CURVE(5,(#4296,#4297,#4298,#4299,#4300,#4301,#4302,#4303,#4304,
#4305,#4306,#4307,#4308,#4309,#4310,#4311,#4312,#4313,#4314,#4315,#4316,
#4317,#4318,#4319,#4320,#4321,#4322,#4323,#4324,#4325,#4326,#4327,#4328,
#4329,#4330,#4331,#4332,#4333,#4334,#4335,#4336,#4337,#4338,#4339,#4340,
#4341,#4342,#4343,#4344,#4345,#4346,#4347,#4348,#4349,#4350,#4351,#4352,
#4353,#4354,#4355,#4356,#4357,#4358,#4359,#4360,#4361,#4362,#4363,#4364,
#4365,#4366,#4367,#4368,#4369,#4370),.UNSPECIFIED.,.F.,.F.)
B_SPLINE_CURVE_WITH_KNOTS((6,1,1,1,1,1,1,1,1,1,1,1,1,1,1,1,1,1,1,1,1,1,
1,1,1,1,1,1,1,1,1,1,1,1,1,1,1,1,1,1,1,1,1,1,1,1,1,1,1,1,1,1,1,1,1,1,1,1,
1,1,1,1,1,1,1,1,1,1,1,1,6),(0.,0.0142857142857143,0.0285714285714286,0.0428571428571429,
0.0571428571428571,0.0714285714285714,0.0857142857142857,0.1,0.114285714285714,
0.128571428571429,0.142857142857143,0.157142857142857,0.171428571428571,
0.185714285714286,0.2,0.214285714285714,0.228571428571429,0.242857142857143,
0.257142857142857,0.271428571428571,0.285714285714286,0.3,0.314285714285714,
0.328571428571429,0.342857142857143,0.357142857142857,0.371428571428571,
0.385714285714286,0.4,0.414285714285714,0.428571428571429,0.442857142857143,
0.457142857142857,0.471428571428572,0.485714285714286,0.5,0.514285714285714,
0.528571428571429,0.542857142857143,0.557142857142857,0.571428571428571,
0.585714285714286,0.6,0.614285714285714,0.628571428571428,0.642857142857142,
0.657142857142857,0.671428571428571,0.685714285714285,0.699999999999999,
0.714285714285714,0.728571428571428,0.742857142857142,0.757142857142856,
0.771428571428571,0.785714285714285,0.799999999999999,0.814285714285713,
0.828571428571428,0.842857142857142,0.857142857142856,0.87142857142857,
0.885714285714284,0.899999999999999,0.914285714285713,0.928571428571427,
0.942857142857141,0.957142857142856,0.97142857142857,0.985714285714284,
1.),.UNSPECIFIED.)
CURVE()
GEOMETRIC_REPRESENTATION_ITEM()
RATIONAL_B_SPLINE_CURVE((1.,1.,1.,1.,1.,1.,1.,1.,1.,1.,1.,1.,1.,1.,1.,1.,
1.,1.,1.,1.,1.,1.,1.,1.,1.,1.,1.,1.,1.,1.,1.,1.,1.,1.,1.,1.,1.,1.,1.,1.,
1.,1.,1.,1.,1.,1.,1.,1.,1.,1.,1.,1.,1.,1.,1.,1.,1.,1.,1.,1.,1.,1.,1.,1.,
1.,1.,1.,1.,1.,1.,1.,1.,1.,1.,1.))
REPRESENTATION_ITEM('')
);
#31=(
BOUNDED_CURVE()
B_SPLINE_CURVE(5,(#4522,#4523,#4524,#4525,#4526,#4527,#4528,#4529,#4530,
#4531,#4532,#4533,#4534,#4535,#4536,#4537,#4538,#4539,#4540,#4541,#4542,
#4543,#4544,#4545,#4546,#4547,#4548,#4549,#4550,#4551,#4552,#4553,#4554,
#4555,#4556,#4557,#4558,#4559,#4560,#4561,#4562,#4563,#4564,#4565,#4566,
#4567,#4568,#4569,#4570,#4571,#4572,#4573,#4574,#4575,#4576,#4577,#4578,
#4579,#4580,#4581,#4582,#4583,#4584,#4585,#4586,#4587,#4588,#4589,#4590,
#4591,#4592,#4593,#4594,#4595,#4596),.UNSPECIFIED.,.F.,.F.)
B_SPLINE_CURVE_WITH_KNOTS((6,1,1,1,1,1,1,1,1,1,1,1,1,1,1,1,1,1,1,1,1,1,
1,1,1,1,1,1,1,1,1,1,1,1,1,1,1,1,1,1,1,1,1,1,1,1,1,1,1,1,1,1,1,1,1,1,1,1,
1,1,1,1,1,1,1,1,1,1,1,1,6),(0.,0.0142857142857143,0.0285714285714286,0.0428571428571429,
0.0571428571428571,0.0714285714285714,0.0857142857142857,0.1,0.114285714285714,
0.128571428571429,0.142857142857143,0.157142857142857,0.171428571428571,
0.185714285714286,0.2,0.214285714285714,0.228571428571429,0.242857142857143,
0.257142857142857,0.271428571428571,0.285714285714286,0.3,0.314285714285714,
0.328571428571429,0.342857142857143,0.357142857142857,0.371428571428571,
0.385714285714286,0.4,0.414285714285714,0.428571428571429,0.442857142857143,
0.457142857142857,0.471428571428572,0.485714285714286,0.5,0.514285714285714,
0.528571428571429,0.542857142857143,0.557142857142857,0.571428571428571,
0.585714285714286,0.6,0.614285714285714,0.628571428571428,0.642857142857142,
0.657142857142857,0.671428571428571,0.685714285714285,0.699999999999999,
0.714285714285714,0.728571428571428,0.742857142857142,0.757142857142856,
0.771428571428571,0.785714285714285,0.799999999999999,0.814285714285713,
0.828571428571428,0.842857142857142,0.857142857142856,0.87142857142857,
0.885714285714284,0.899999999999999,0.914285714285713,0.928571428571427,
0.942857142857141,0.957142857142856,0.97142857142857,0.985714285714284,
1.),.UNSPECIFIED.)
CURVE()
GEOMETRIC_REPRESENTATION_ITEM()
RATIONAL_B_SPLINE_CURVE((1.,1.,1.,1.,1.,1.,1.,1.,1.,1.,1.,1.,1.,1.,1.,1.,
1.,1.,1.,1.,1.,1.,1.,1.,1.,1.,1.,1.,1.,1.,1.,1.,1.,1.,1.,1.,1.,1.,1.,1.,
1.,1.,1.,1.,1.,1.,1.,1.,1.,1.,1.,1.,1.,1.,1.,1.,1.,1.,1.,1.,1.,1.,1.,1.,
1.,1.,1.,1.,1.,1.,1.,1.,1.,1.,1.))
REPRESENTATION_ITEM('')
);
#32=(
BOUNDED_CURVE()
B_SPLINE_CURVE(5,(#4598,#4599,#4600,#4601,#4602,#4603,#4604,#4605,#4606,
#4607,#4608,#4609,#4610,#4611,#4612,#4613,#4614,#4615,#4616,#4617,#4618,
#4619,#4620,#4621,#4622,#4623,#4624,#4625,#4626,#4627,#4628,#4629,#4630,
#4631,#4632,#4633,#4634,#4635,#4636,#4637,#4638,#4639,#4640,#4641,#4642,
#4643,#4644,#4645,#4646,#4647,#4648,#4649,#4650,#4651,#4652,#4653,#4654,
#4655,#4656,#4657,#4658,#4659,#4660,#4661,#4662,#4663,#4664,#4665,#4666,
#4667,#4668,#4669,#4670,#4671,#4672),.UNSPECIFIED.,.F.,.F.)
B_SPLINE_CURVE_WITH_KNOTS((6,1,1,1,1,1,1,1,1,1,1,1,1,1,1,1,1,1,1,1,1,1,
1,1,1,1,1,1,1,1,1,1,1,1,1,1,1,1,1,1,1,1,1,1,1,1,1,1,1,1,1,1,1,1,1,1,1,1,
1,1,1,1,1,1,1,1,1,1,1,1,6),(-1.,-0.985714285714284,-0.97142857142857,-0.957142857142856,
-0.942857142857141,-0.928571428571427,-0.914285714285713,-0.899999999999999,
-0.885714285714284,-0.87142857142857,-0.857142857142856,-0.842857142857142,
-0.828571428571428,-0.814285714285713,-0.799999999999999,-0.785714285714285,
-0.771428571428571,-0.757142857142856,-0.742857142857142,-0.728571428571428,
-0.714285714285714,-0.699999999999999,-0.685714285714285,-0.671428571428571,
-0.657142857142857,-0.642857142857142,-0.628571428571428,-0.614285714285714,
-0.6,-0.585714285714286,-0.571428571428571,-0.557142857142857,-0.542857142857143,
-0.528571428571429,-0.514285714285714,-0.5,-0.485714285714286,-0.471428571428572,
-0.457142857142857,-0.442857142857143,-0.428571428571429,-0.414285714285714,
-0.4,-0.385714285714286,-0.371428571428571,-0.357142857142857,-0.342857142857143,
-0.328571428571429,-0.314285714285714,-0.3,-0.285714285714286,-0.271428571428571,
-0.257142857142857,-0.242857142857143,-0.228571428571429,-0.214285714285714,
-0.2,-0.185714285714286,-0.171428571428571,-0.157142857142857,-0.142857142857143,
-0.128571428571429,-0.114285714285714,-0.1,-0.0857142857142857,-0.0714285714285714,
-0.0571428571428571,-0.0428571428571429,-0.0285714285714286,-0.0142857142857143,
0.),.UNSPECIFIED.)
CURVE()
GEOMETRIC_REPRESENTATION_ITEM()
RATIONAL_B_SPLINE_CURVE((1.,1.,1.,1.,1.,1.,1.,1.,1.,1.,1.,1.,1.,1.,1.,1.,
1.,1.,1.,1.,1.,1.,1.,1.,1.,1.,1.,1.,1.,1.,1.,1.,1.,1.,1.,1.,1.,1.,1.,1.,
1.,1.,1.,1.,1.,1.,1.,1.,1.,1.,1.,1.,1.,1.,1.,1.,1.,1.,1.,1.,1.,1.,1.,1.,
1.,1.,1.,1.,1.,1.,1.,1.,1.,1.,1.))
REPRESENTATION_ITEM('')
);
#33=(
BOUNDED_CURVE()
B_SPLINE_CURVE(5,(#4830,#4831,#4832,#4833,#4834,#4835,#4836,#4837,#4838,
#4839,#4840,#4841,#4842,#4843,#4844,#4845,#4846,#4847,#4848,#4849,#4850,
#4851,#4852,#4853,#4854,#4855,#4856,#4857,#4858,#4859,#4860,#4861,#4862,
#4863,#4864,#4865,#4866,#4867,#4868,#4869,#4870,#4871,#4872,#4873,#4874,
#4875,#4876,#4877,#4878,#4879,#4880,#4881,#4882,#4883,#4884,#4885,#4886,
#4887,#4888,#4889,#4890,#4891,#4892,#4893,#4894,#4895,#4896,#4897,#4898,
#4899,#4900,#4901,#4902,#4903,#4904),.UNSPECIFIED.,.F.,.F.)
B_SPLINE_CURVE_WITH_KNOTS((6,1,1,1,1,1,1,1,1,1,1,1,1,1,1,1,1,1,1,1,1,1,
1,1,1,1,1,1,1,1,1,1,1,1,1,1,1,1,1,1,1,1,1,1,1,1,1,1,1,1,1,1,1,1,1,1,1,1,
1,1,1,1,1,1,1,1,1,1,1,1,6),(0.,0.0142857142857143,0.0285714285714286,0.0428571428571429,
0.0571428571428571,0.0714285714285714,0.0857142857142857,0.1,0.114285714285714,
0.128571428571429,0.142857142857143,0.157142857142857,0.171428571428571,
0.185714285714286,0.2,0.214285714285714,0.228571428571429,0.242857142857143,
0.257142857142857,0.271428571428571,0.285714285714286,0.3,0.314285714285714,
0.328571428571429,0.342857142857143,0.357142857142857,0.371428571428571,
0.385714285714286,0.4,0.414285714285714,0.428571428571429,0.442857142857143,
0.457142857142857,0.471428571428572,0.485714285714286,0.5,0.514285714285714,
0.528571428571429,0.542857142857143,0.557142857142857,0.571428571428571,
0.585714285714286,0.6,0.614285714285714,0.628571428571428,0.642857142857142,
0.657142857142857,0.671428571428571,0.685714285714285,0.699999999999999,
0.714285714285714,0.728571428571428,0.742857142857142,0.757142857142856,
0.771428571428571,0.785714285714285,0.799999999999999,0.814285714285713,
0.828571428571428,0.842857142857142,0.857142857142856,0.87142857142857,
0.885714285714284,0.899999999999999,0.914285714285713,0.928571428571427,
0.942857142857141,0.957142857142856,0.97142857142857,0.985714285714284,
1.),.UNSPECIFIED.)
CURVE()
GEOMETRIC_REPRESENTATION_ITEM()
RATIONAL_B_SPLINE_CURVE((1.,1.,1.,1.,1.,1.,1.,1.,1.,1.,1.,1.,1.,1.,1.,1.,
1.,1.,1.,1.,1.,1.,1.,1.,1.,1.,1.,1.,1.,1.,1.,1.,1.,1.,1.,1.,1.,1.,1.,1.,
1.,1.,1.,1.,1.,1.,1.,1.,1.,1.,1.,1.,1.,1.,1.,1.,1.,1.,1.,1.,1.,1.,1.,1.,
1.,1.,1.,1.,1.,1.,1.,1.,1.,1.,1.))
REPRESENTATION_ITEM('')
);
#34=(
BOUNDED_CURVE()
B_SPLINE_CURVE(5,(#4905,#4906,#4907,#4908,#4909,#4910,#4911,#4912,#4913,
#4914,#4915,#4916,#4917,#4918,#4919,#4920,#4921,#4922,#4923,#4924,#4925,
#4926,#4927,#4928,#4929,#4930,#4931,#4932,#4933,#4934,#4935,#4936,#4937,
#4938,#4939,#4940,#4941,#4942,#4943,#4944,#4945,#4946,#4947,#4948,#4949,
#4950,#4951,#4952,#4953,#4954,#4955,#4956,#4957,#4958,#4959,#4960,#4961,
#4962,#4963,#4964,#4965,#4966,#4967,#4968,#4969,#4970,#4971,#4972,#4973,
#4974,#4975,#4976,#4977,#4978,#4979),.UNSPECIFIED.,.F.,.F.)
B_SPLINE_CURVE_WITH_KNOTS((6,1,1,1,1,1,1,1,1,1,1,1,1,1,1,1,1,1,1,1,1,1,
1,1,1,1,1,1,1,1,1,1,1,1,1,1,1,1,1,1,1,1,1,1,1,1,1,1,1,1,1,1,1,1,1,1,1,1,
1,1,1,1,1,1,1,1,1,1,1,1,6),(0.,0.0142857142857143,0.0285714285714286,0.0428571428571429,
0.0571428571428571,0.0714285714285714,0.0857142857142857,0.1,0.114285714285714,
0.128571428571429,0.142857142857143,0.157142857142857,0.171428571428571,
0.185714285714286,0.2,0.214285714285714,0.228571428571429,0.242857142857143,
0.257142857142857,0.271428571428571,0.285714285714286,0.3,0.314285714285714,
0.328571428571429,0.342857142857143,0.357142857142857,0.371428571428571,
0.385714285714286,0.4,0.414285714285714,0.428571428571429,0.442857142857143,
0.457142857142857,0.471428571428572,0.485714285714286,0.5,0.514285714285714,
0.528571428571429,0.542857142857143,0.557142857142857,0.571428571428571,
0.585714285714286,0.6,0.614285714285714,0.628571428571428,0.642857142857142,
0.657142857142857,0.671428571428571,0.685714285714285,0.699999999999999,
0.714285714285714,0.728571428571428,0.742857142857142,0.757142857142856,
0.771428571428571,0.785714285714285,0.799999999999999,0.814285714285713,
0.828571428571428,0.842857142857142,0.857142857142856,0.87142857142857,
0.885714285714284,0.899999999999999,0.914285714285713,0.928571428571427,
0.942857142857141,0.957142857142856,0.97142857142857,0.985714285714284,
1.),.UNSPECIFIED.)
CURVE()
GEOMETRIC_REPRESENTATION_ITEM()
RATIONAL_B_SPLINE_CURVE((1.,1.,1.,1.,1.,1.,1.,1.,1.,1.,1.,1.,1.,1.,1.,1.,
1.,1.,1.,1.,1.,1.,1.,1.,1.,1.,1.,1.,1.,1.,1.,1.,1.,1.,1.,1.,1.,1.,1.,1.,
1.,1.,1.,1.,1.,1.,1.,1.,1.,1.,1.,1.,1.,1.,1.,1.,1.,1.,1.,1.,1.,1.,1.,1.,
1.,1.,1.,1.,1.,1.,1.,1.,1.,1.,1.))
REPRESENTATION_ITEM('')
);
#35=(
BOUNDED_CURVE()
B_SPLINE_CURVE(5,(#5131,#5132,#5133,#5134,#5135,#5136,#5137,#5138,#5139,
#5140,#5141,#5142,#5143,#5144,#5145,#5146,#5147,#5148,#5149,#5150,#5151,
#5152,#5153,#5154,#5155,#5156,#5157,#5158,#5159,#5160,#5161,#5162,#5163,
#5164,#5165,#5166,#5167,#5168,#5169,#5170,#5171,#5172,#5173,#5174,#5175,
#5176,#5177,#5178,#5179,#5180,#5181,#5182,#5183,#5184,#5185,#5186,#5187,
#5188,#5189,#5190,#5191,#5192,#5193,#5194,#5195,#5196,#5197,#5198,#5199,
#5200,#5201,#5202,#5203,#5204,#5205),.UNSPECIFIED.,.F.,.F.)
B_SPLINE_CURVE_WITH_KNOTS((6,1,1,1,1,1,1,1,1,1,1,1,1,1,1,1,1,1,1,1,1,1,
1,1,1,1,1,1,1,1,1,1,1,1,1,1,1,1,1,1,1,1,1,1,1,1,1,1,1,1,1,1,1,1,1,1,1,1,
1,1,1,1,1,1,1,1,1,1,1,1,6),(0.,0.0142857142857143,0.0285714285714286,0.0428571428571429,
0.0571428571428571,0.0714285714285714,0.0857142857142857,0.1,0.114285714285714,
0.128571428571429,0.142857142857143,0.157142857142857,0.171428571428571,
0.185714285714286,0.2,0.214285714285714,0.228571428571429,0.242857142857143,
0.257142857142857,0.271428571428571,0.285714285714286,0.3,0.314285714285714,
0.328571428571429,0.342857142857143,0.357142857142857,0.371428571428571,
0.385714285714286,0.4,0.414285714285714,0.428571428571429,0.442857142857143,
0.457142857142857,0.471428571428572,0.485714285714286,0.5,0.514285714285714,
0.528571428571429,0.542857142857143,0.557142857142857,0.571428571428571,
0.585714285714286,0.6,0.614285714285714,0.628571428571428,0.642857142857142,
0.657142857142857,0.671428571428571,0.685714285714285,0.699999999999999,
0.714285714285714,0.728571428571428,0.742857142857142,0.757142857142856,
0.771428571428571,0.785714285714285,0.799999999999999,0.814285714285713,
0.828571428571428,0.842857142857142,0.857142857142856,0.87142857142857,
0.885714285714284,0.899999999999999,0.914285714285713,0.928571428571427,
0.942857142857141,0.957142857142856,0.97142857142857,0.985714285714284,
1.),.UNSPECIFIED.)
CURVE()
GEOMETRIC_REPRESENTATION_ITEM()
RATIONAL_B_SPLINE_CURVE((1.,1.,1.,1.,1.,1.,1.,1.,1.,1.,1.,1.,1.,1.,1.,1.,
1.,1.,1.,1.,1.,1.,1.,1.,1.,1.,1.,1.,1.,1.,1.,1.,1.,1.,1.,1.,1.,1.,1.,1.,
1.,1.,1.,1.,1.,1.,1.,1.,1.,1.,1.,1.,1.,1.,1.,1.,1.,1.,1.,1.,1.,1.,1.,1.,
1.,1.,1.,1.,1.,1.,1.,1.,1.,1.,1.))
REPRESENTATION_ITEM('')
);
#36=(
BOUNDED_CURVE()
B_SPLINE_CURVE(5,(#5207,#5208,#5209,#5210,#5211,#5212,#5213,#5214,#5215,
#5216,#5217,#5218,#5219,#5220,#5221,#5222,#5223,#5224,#5225,#5226,#5227,
#5228,#5229,#5230,#5231,#5232,#5233,#5234,#5235,#5236,#5237,#5238,#5239,
#5240,#5241,#5242,#5243,#5244,#5245,#5246,#5247,#5248,#5249,#5250,#5251,
#5252,#5253,#5254,#5255,#5256,#5257,#5258,#5259,#5260,#5261,#5262,#5263,
#5264,#5265,#5266,#5267,#5268,#5269,#5270,#5271,#5272,#5273,#5274,#5275,
#5276,#5277,#5278,#5279,#5280,#5281),.UNSPECIFIED.,.F.,.F.)
B_SPLINE_CURVE_WITH_KNOTS((6,1,1,1,1,1,1,1,1,1,1,1,1,1,1,1,1,1,1,1,1,1,
1,1,1,1,1,1,1,1,1,1,1,1,1,1,1,1,1,1,1,1,1,1,1,1,1,1,1,1,1,1,1,1,1,1,1,1,
1,1,1,1,1,1,1,1,1,1,1,1,6),(-1.,-0.985714285714284,-0.97142857142857,-0.957142857142856,
-0.942857142857141,-0.928571428571427,-0.914285714285713,-0.899999999999999,
-0.885714285714284,-0.87142857142857,-0.857142857142856,-0.842857142857142,
-0.828571428571428,-0.814285714285713,-0.799999999999999,-0.785714285714285,
-0.771428571428571,-0.757142857142856,-0.742857142857142,-0.728571428571428,
-0.714285714285714,-0.699999999999999,-0.685714285714285,-0.671428571428571,
-0.657142857142857,-0.642857142857142,-0.628571428571428,-0.614285714285714,
-0.6,-0.585714285714286,-0.571428571428571,-0.557142857142857,-0.542857142857143,
-0.528571428571429,-0.514285714285714,-0.5,-0.485714285714286,-0.471428571428572,
-0.457142857142857,-0.442857142857143,-0.428571428571429,-0.414285714285714,
-0.4,-0.385714285714286,-0.371428571428571,-0.357142857142857,-0.342857142857143,
-0.328571428571429,-0.314285714285714,-0.3,-0.285714285714286,-0.271428571428571,
-0.257142857142857,-0.242857142857143,-0.228571428571429,-0.214285714285714,
-0.2,-0.185714285714286,-0.171428571428571,-0.157142857142857,-0.142857142857143,
-0.128571428571429,-0.114285714285714,-0.1,-0.0857142857142857,-0.0714285714285714,
-0.0571428571428571,-0.0428571428571429,-0.0285714285714286,-0.0142857142857143,
0.),.UNSPECIFIED.)
CURVE()
GEOMETRIC_REPRESENTATION_ITEM()
RATIONAL_B_SPLINE_CURVE((1.,1.,1.,1.,1.,1.,1.,1.,1.,1.,1.,1.,1.,1.,1.,1.,
1.,1.,1.,1.,1.,1.,1.,1.,1.,1.,1.,1.,1.,1.,1.,1.,1.,1.,1.,1.,1.,1.,1.,1.,
1.,1.,1.,1.,1.,1.,1.,1.,1.,1.,1.,1.,1.,1.,1.,1.,1.,1.,1.,1.,1.,1.,1.,1.,
1.,1.,1.,1.,1.,1.,1.,1.,1.,1.,1.))
REPRESENTATION_ITEM('')
);
#37=(
BOUNDED_CURVE()
B_SPLINE_CURVE(5,(#5439,#5440,#5441,#5442,#5443,#5444,#5445,#5446,#5447,
#5448,#5449,#5450,#5451,#5452,#5453,#5454,#5455,#5456,#5457,#5458,#5459,
#5460,#5461,#5462,#5463,#5464,#5465,#5466,#5467,#5468,#5469,#5470,#5471,
#5472,#5473,#5474,#5475,#5476,#5477,#5478,#5479,#5480,#5481,#5482,#5483,
#5484,#5485,#5486,#5487,#5488,#5489,#5490,#5491,#5492,#5493,#5494,#5495,
#5496,#5497,#5498,#5499,#5500,#5501,#5502,#5503,#5504,#5505,#5506,#5507,
#5508,#5509,#5510,#5511,#5512,#5513),.UNSPECIFIED.,.F.,.F.)
B_SPLINE_CURVE_WITH_KNOTS((6,1,1,1,1,1,1,1,1,1,1,1,1,1,1,1,1,1,1,1,1,1,
1,1,1,1,1,1,1,1,1,1,1,1,1,1,1,1,1,1,1,1,1,1,1,1,1,1,1,1,1,1,1,1,1,1,1,1,
1,1,1,1,1,1,1,1,1,1,1,1,6),(0.,0.0142857142857143,0.0285714285714286,0.0428571428571429,
0.0571428571428571,0.0714285714285714,0.0857142857142857,0.1,0.114285714285714,
0.128571428571429,0.142857142857143,0.157142857142857,0.171428571428571,
0.185714285714286,0.2,0.214285714285714,0.228571428571429,0.242857142857143,
0.257142857142857,0.271428571428571,0.285714285714286,0.3,0.314285714285714,
0.328571428571429,0.342857142857143,0.357142857142857,0.371428571428571,
0.385714285714286,0.4,0.414285714285714,0.428571428571429,0.442857142857143,
0.457142857142857,0.471428571428572,0.485714285714286,0.5,0.514285714285714,
0.528571428571429,0.542857142857143,0.557142857142857,0.571428571428571,
0.585714285714286,0.6,0.614285714285714,0.628571428571428,0.642857142857142,
0.657142857142857,0.671428571428571,0.685714285714285,0.699999999999999,
0.714285714285714,0.728571428571428,0.742857142857142,0.757142857142856,
0.771428571428571,0.785714285714285,0.799999999999999,0.814285714285713,
0.828571428571428,0.842857142857142,0.857142857142856,0.87142857142857,
0.885714285714284,0.899999999999999,0.914285714285713,0.928571428571427,
0.942857142857141,0.957142857142856,0.97142857142857,0.985714285714284,
1.),.UNSPECIFIED.)
CURVE()
GEOMETRIC_REPRESENTATION_ITEM()
RATIONAL_B_SPLINE_CURVE((1.,1.,1.,1.,1.,1.,1.,1.,1.,1.,1.,1.,1.,1.,1.,1.,
1.,1.,1.,1.,1.,1.,1.,1.,1.,1.,1.,1.,1.,1.,1.,1.,1.,1.,1.,1.,1.,1.,1.,1.,
1.,1.,1.,1.,1.,1.,1.,1.,1.,1.,1.,1.,1.,1.,1.,1.,1.,1.,1.,1.,1.,1.,1.,1.,
1.,1.,1.,1.,1.,1.,1.,1.,1.,1.,1.))
REPRESENTATION_ITEM('')
);
#38=(
BOUNDED_CURVE()
B_SPLINE_CURVE(5,(#5514,#5515,#5516,#5517,#5518,#5519,#5520,#5521,#5522,
#5523,#5524,#5525,#5526,#5527,#5528,#5529,#5530,#5531,#5532,#5533,#5534,
#5535,#5536,#5537,#5538,#5539,#5540,#5541,#5542,#5543,#5544,#5545,#5546,
#5547,#5548,#5549,#5550,#5551,#5552,#5553,#5554,#5555,#5556,#5557,#5558,
#5559,#5560,#5561,#5562,#5563,#5564,#5565,#5566,#5567,#5568,#5569,#5570,
#5571,#5572,#5573,#5574,#5575,#5576,#5577,#5578,#5579,#5580,#5581,#5582,
#5583,#5584,#5585,#5586,#5587,#5588),.UNSPECIFIED.,.F.,.F.)
B_SPLINE_CURVE_WITH_KNOTS((6,1,1,1,1,1,1,1,1,1,1,1,1,1,1,1,1,1,1,1,1,1,
1,1,1,1,1,1,1,1,1,1,1,1,1,1,1,1,1,1,1,1,1,1,1,1,1,1,1,1,1,1,1,1,1,1,1,1,
1,1,1,1,1,1,1,1,1,1,1,1,6),(0.,0.0142857142857143,0.0285714285714286,0.0428571428571429,
0.0571428571428571,0.0714285714285714,0.0857142857142857,0.1,0.114285714285714,
0.128571428571429,0.142857142857143,0.157142857142857,0.171428571428571,
0.185714285714286,0.2,0.214285714285714,0.228571428571429,0.242857142857143,
0.257142857142857,0.271428571428571,0.285714285714286,0.3,0.314285714285714,
0.328571428571429,0.342857142857143,0.357142857142857,0.371428571428571,
0.385714285714286,0.4,0.414285714285714,0.428571428571429,0.442857142857143,
0.457142857142857,0.471428571428572,0.485714285714286,0.5,0.514285714285714,
0.528571428571429,0.542857142857143,0.557142857142857,0.571428571428571,
0.585714285714286,0.6,0.614285714285714,0.628571428571428,0.642857142857142,
0.657142857142857,0.671428571428571,0.685714285714285,0.699999999999999,
0.714285714285714,0.728571428571428,0.742857142857142,0.757142857142856,
0.771428571428571,0.785714285714285,0.799999999999999,0.814285714285713,
0.828571428571428,0.842857142857142,0.857142857142856,0.87142857142857,
0.885714285714284,0.899999999999999,0.914285714285713,0.928571428571427,
0.942857142857141,0.957142857142856,0.97142857142857,0.985714285714284,
1.),.UNSPECIFIED.)
CURVE()
GEOMETRIC_REPRESENTATION_ITEM()
RATIONAL_B_SPLINE_CURVE((1.,1.,1.,1.,1.,1.,1.,1.,1.,1.,1.,1.,1.,1.,1.,1.,
1.,1.,1.,1.,1.,1.,1.,1.,1.,1.,1.,1.,1.,1.,1.,1.,1.,1.,1.,1.,1.,1.,1.,1.,
1.,1.,1.,1.,1.,1.,1.,1.,1.,1.,1.,1.,1.,1.,1.,1.,1.,1.,1.,1.,1.,1.,1.,1.,
1.,1.,1.,1.,1.,1.,1.,1.,1.,1.,1.))
REPRESENTATION_ITEM('')
);
#39=(
BOUNDED_CURVE()
B_SPLINE_CURVE(5,(#5740,#5741,#5742,#5743,#5744,#5745,#5746,#5747,#5748,
#5749,#5750,#5751,#5752,#5753,#5754,#5755,#5756,#5757,#5758,#5759,#5760,
#5761,#5762,#5763,#5764,#5765,#5766,#5767,#5768,#5769,#5770,#5771,#5772,
#5773,#5774,#5775,#5776,#5777,#5778,#5779,#5780,#5781,#5782,#5783,#5784,
#5785,#5786,#5787,#5788,#5789,#5790,#5791,#5792,#5793,#5794,#5795,#5796,
#5797,#5798,#5799,#5800,#5801,#5802,#5803,#5804,#5805,#5806,#5807,#5808,
#5809,#5810,#5811,#5812,#5813,#5814),.UNSPECIFIED.,.F.,.F.)
B_SPLINE_CURVE_WITH_KNOTS((6,1,1,1,1,1,1,1,1,1,1,1,1,1,1,1,1,1,1,1,1,1,
1,1,1,1,1,1,1,1,1,1,1,1,1,1,1,1,1,1,1,1,1,1,1,1,1,1,1,1,1,1,1,1,1,1,1,1,
1,1,1,1,1,1,1,1,1,1,1,1,6),(0.,0.0142857142857143,0.0285714285714286,0.0428571428571429,
0.0571428571428571,0.0714285714285714,0.0857142857142857,0.1,0.114285714285714,
0.128571428571429,0.142857142857143,0.157142857142857,0.171428571428571,
0.185714285714286,0.2,0.214285714285714,0.228571428571429,0.242857142857143,
0.257142857142857,0.271428571428571,0.285714285714286,0.3,0.314285714285714,
0.328571428571429,0.342857142857143,0.357142857142857,0.371428571428571,
0.385714285714286,0.4,0.414285714285714,0.428571428571429,0.442857142857143,
0.457142857142857,0.471428571428572,0.485714285714286,0.5,0.514285714285714,
0.528571428571429,0.542857142857143,0.557142857142857,0.571428571428571,
0.585714285714286,0.6,0.614285714285714,0.628571428571428,0.642857142857142,
0.657142857142857,0.671428571428571,0.685714285714285,0.699999999999999,
0.714285714285714,0.728571428571428,0.742857142857142,0.757142857142856,
0.771428571428571,0.785714285714285,0.799999999999999,0.814285714285713,
0.828571428571428,0.842857142857142,0.857142857142856,0.87142857142857,
0.885714285714284,0.899999999999999,0.914285714285713,0.928571428571427,
0.942857142857141,0.957142857142856,0.97142857142857,0.985714285714284,
1.),.UNSPECIFIED.)
CURVE()
GEOMETRIC_REPRESENTATION_ITEM()
RATIONAL_B_SPLINE_CURVE((1.,1.,1.,1.,1.,1.,1.,1.,1.,1.,1.,1.,1.,1.,1.,1.,
1.,1.,1.,1.,1.,1.,1.,1.,1.,1.,1.,1.,1.,1.,1.,1.,1.,1.,1.,1.,1.,1.,1.,1.,
1.,1.,1.,1.,1.,1.,1.,1.,1.,1.,1.,1.,1.,1.,1.,1.,1.,1.,1.,1.,1.,1.,1.,1.,
1.,1.,1.,1.,1.,1.,1.,1.,1.,1.,1.))
REPRESENTATION_ITEM('')
);
#40=(
BOUNDED_CURVE()
B_SPLINE_CURVE(5,(#5816,#5817,#5818,#5819,#5820,#5821,#5822,#5823,#5824,
#5825,#5826,#5827,#5828,#5829,#5830,#5831,#5832,#5833,#5834,#5835,#5836,
#5837,#5838,#5839,#5840,#5841,#5842,#5843,#5844,#5845,#5846,#5847,#5848,
#5849,#5850,#5851,#5852,#5853,#5854,#5855,#5856,#5857,#5858,#5859,#5860,
#5861,#5862,#5863,#5864,#5865,#5866,#5867,#5868,#5869,#5870,#5871,#5872,
#5873,#5874,#5875,#5876,#5877,#5878,#5879,#5880,#5881,#5882,#5883,#5884,
#5885,#5886,#5887,#5888,#5889,#5890),.UNSPECIFIED.,.F.,.F.)
B_SPLINE_CURVE_WITH_KNOTS((6,1,1,1,1,1,1,1,1,1,1,1,1,1,1,1,1,1,1,1,1,1,
1,1,1,1,1,1,1,1,1,1,1,1,1,1,1,1,1,1,1,1,1,1,1,1,1,1,1,1,1,1,1,1,1,1,1,1,
1,1,1,1,1,1,1,1,1,1,1,1,6),(-1.,-0.985714285714284,-0.97142857142857,-0.957142857142856,
-0.942857142857141,-0.928571428571427,-0.914285714285713,-0.899999999999999,
-0.885714285714284,-0.87142857142857,-0.857142857142856,-0.842857142857142,
-0.828571428571428,-0.814285714285713,-0.799999999999999,-0.785714285714285,
-0.771428571428571,-0.757142857142856,-0.742857142857142,-0.728571428571428,
-0.714285714285714,-0.699999999999999,-0.685714285714285,-0.671428571428571,
-0.657142857142857,-0.642857142857142,-0.628571428571428,-0.614285714285714,
-0.6,-0.585714285714286,-0.571428571428571,-0.557142857142857,-0.542857142857143,
-0.528571428571429,-0.514285714285714,-0.5,-0.485714285714286,-0.471428571428572,
-0.457142857142857,-0.442857142857143,-0.428571428571429,-0.414285714285714,
-0.4,-0.385714285714286,-0.371428571428571,-0.357142857142857,-0.342857142857143,
-0.328571428571429,-0.314285714285714,-0.3,-0.285714285714286,-0.271428571428571,
-0.257142857142857,-0.242857142857143,-0.228571428571429,-0.214285714285714,
-0.2,-0.185714285714286,-0.171428571428571,-0.157142857142857,-0.142857142857143,
-0.128571428571429,-0.114285714285714,-0.1,-0.0857142857142857,-0.0714285714285714,
-0.0571428571428571,-0.0428571428571429,-0.0285714285714286,-0.0142857142857143,
0.),.UNSPECIFIED.)
CURVE()
GEOMETRIC_REPRESENTATION_ITEM()
RATIONAL_B_SPLINE_CURVE((1.,1.,1.,1.,1.,1.,1.,1.,1.,1.,1.,1.,1.,1.,1.,1.,
1.,1.,1.,1.,1.,1.,1.,1.,1.,1.,1.,1.,1.,1.,1.,1.,1.,1.,1.,1.,1.,1.,1.,1.,
1.,1.,1.,1.,1.,1.,1.,1.,1.,1.,1.,1.,1.,1.,1.,1.,1.,1.,1.,1.,1.,1.,1.,1.,
1.,1.,1.,1.,1.,1.,1.,1.,1.,1.,1.))
REPRESENTATION_ITEM('')
);
#41=(
BOUNDED_CURVE()
B_SPLINE_CURVE(5,(#6048,#6049,#6050,#6051,#6052,#6053,#6054,#6055,#6056,
#6057,#6058,#6059,#6060,#6061,#6062,#6063,#6064,#6065,#6066,#6067,#6068,
#6069,#6070,#6071,#6072,#6073,#6074,#6075,#6076,#6077,#6078,#6079,#6080,
#6081,#6082,#6083,#6084,#6085,#6086,#6087,#6088,#6089,#6090,#6091,#6092,
#6093,#6094,#6095,#6096,#6097,#6098,#6099,#6100,#6101,#6102,#6103,#6104,
#6105,#6106,#6107,#6108,#6109,#6110,#6111,#6112,#6113,#6114,#6115,#6116,
#6117,#6118,#6119,#6120,#6121,#6122),.UNSPECIFIED.,.F.,.F.)
B_SPLINE_CURVE_WITH_KNOTS((6,1,1,1,1,1,1,1,1,1,1,1,1,1,1,1,1,1,1,1,1,1,
1,1,1,1,1,1,1,1,1,1,1,1,1,1,1,1,1,1,1,1,1,1,1,1,1,1,1,1,1,1,1,1,1,1,1,1,
1,1,1,1,1,1,1,1,1,1,1,1,6),(0.,0.0142857142857143,0.0285714285714286,0.0428571428571429,
0.0571428571428571,0.0714285714285714,0.0857142857142857,0.1,0.114285714285714,
0.128571428571429,0.142857142857143,0.157142857142857,0.171428571428571,
0.185714285714286,0.2,0.214285714285714,0.228571428571429,0.242857142857143,
0.257142857142857,0.271428571428571,0.285714285714286,0.3,0.314285714285714,
0.328571428571429,0.342857142857143,0.357142857142857,0.371428571428571,
0.385714285714286,0.4,0.414285714285714,0.428571428571429,0.442857142857143,
0.457142857142857,0.471428571428572,0.485714285714286,0.5,0.514285714285714,
0.528571428571429,0.542857142857143,0.557142857142857,0.571428571428571,
0.585714285714286,0.6,0.614285714285714,0.628571428571428,0.642857142857142,
0.657142857142857,0.671428571428571,0.685714285714285,0.699999999999999,
0.714285714285714,0.728571428571428,0.742857142857142,0.757142857142856,
0.771428571428571,0.785714285714285,0.799999999999999,0.814285714285713,
0.828571428571428,0.842857142857142,0.857142857142856,0.87142857142857,
0.885714285714284,0.899999999999999,0.914285714285713,0.928571428571427,
0.942857142857141,0.957142857142856,0.97142857142857,0.985714285714284,
1.),.UNSPECIFIED.)
CURVE()
GEOMETRIC_REPRESENTATION_ITEM()
RATIONAL_B_SPLINE_CURVE((1.,1.,1.,1.,1.,1.,1.,1.,1.,1.,1.,1.,1.,1.,1.,1.,
1.,1.,1.,1.,1.,1.,1.,1.,1.,1.,1.,1.,1.,1.,1.,1.,1.,1.,1.,1.,1.,1.,1.,1.,
1.,1.,1.,1.,1.,1.,1.,1.,1.,1.,1.,1.,1.,1.,1.,1.,1.,1.,1.,1.,1.,1.,1.,1.,
1.,1.,1.,1.,1.,1.,1.,1.,1.,1.,1.))
REPRESENTATION_ITEM('')
);
#42=(
BOUNDED_CURVE()
B_SPLINE_CURVE(5,(#6123,#6124,#6125,#6126,#6127,#6128,#6129,#6130,#6131,
#6132,#6133,#6134,#6135,#6136,#6137,#6138,#6139,#6140,#6141,#6142,#6143,
#6144,#6145,#6146,#6147,#6148,#6149,#6150,#6151,#6152,#6153,#6154,#6155,
#6156,#6157,#6158,#6159,#6160,#6161,#6162,#6163,#6164,#6165,#6166,#6167,
#6168,#6169,#6170,#6171,#6172,#6173,#6174,#6175,#6176,#6177,#6178,#6179,
#6180,#6181,#6182,#6183,#6184,#6185,#6186,#6187,#6188,#6189,#6190,#6191,
#6192,#6193,#6194,#6195,#6196,#6197),.UNSPECIFIED.,.F.,.F.)
B_SPLINE_CURVE_WITH_KNOTS((6,1,1,1,1,1,1,1,1,1,1,1,1,1,1,1,1,1,1,1,1,1,
1,1,1,1,1,1,1,1,1,1,1,1,1,1,1,1,1,1,1,1,1,1,1,1,1,1,1,1,1,1,1,1,1,1,1,1,
1,1,1,1,1,1,1,1,1,1,1,1,6),(0.,0.0142857142857143,0.0285714285714286,0.0428571428571429,
0.0571428571428571,0.0714285714285714,0.0857142857142857,0.1,0.114285714285714,
0.128571428571429,0.142857142857143,0.157142857142857,0.171428571428571,
0.185714285714286,0.2,0.214285714285714,0.228571428571429,0.242857142857143,
0.257142857142857,0.271428571428571,0.285714285714286,0.3,0.314285714285714,
0.328571428571429,0.342857142857143,0.357142857142857,0.371428571428571,
0.385714285714286,0.4,0.414285714285714,0.428571428571429,0.442857142857143,
0.457142857142857,0.471428571428572,0.485714285714286,0.5,0.514285714285714,
0.528571428571429,0.542857142857143,0.557142857142857,0.571428571428571,
0.585714285714286,0.6,0.614285714285714,0.628571428571428,0.642857142857142,
0.657142857142857,0.671428571428571,0.685714285714285,0.699999999999999,
0.714285714285714,0.728571428571428,0.742857142857142,0.757142857142856,
0.771428571428571,0.785714285714285,0.799999999999999,0.814285714285713,
0.828571428571428,0.842857142857142,0.857142857142856,0.87142857142857,
0.885714285714284,0.899999999999999,0.914285714285713,0.928571428571427,
0.942857142857141,0.957142857142856,0.97142857142857,0.985714285714284,
1.),.UNSPECIFIED.)
CURVE()
GEOMETRIC_REPRESENTATION_ITEM()
RATIONAL_B_SPLINE_CURVE((1.,1.,1.,1.,1.,1.,1.,1.,1.,1.,1.,1.,1.,1.,1.,1.,
1.,1.,1.,1.,1.,1.,1.,1.,1.,1.,1.,1.,1.,1.,1.,1.,1.,1.,1.,1.,1.,1.,1.,1.,
1.,1.,1.,1.,1.,1.,1.,1.,1.,1.,1.,1.,1.,1.,1.,1.,1.,1.,1.,1.,1.,1.,1.,1.,
1.,1.,1.,1.,1.,1.,1.,1.,1.,1.,1.))
REPRESENTATION_ITEM('')
);
#43=(
BOUNDED_CURVE()
B_SPLINE_CURVE(5,(#6349,#6350,#6351,#6352,#6353,#6354,#6355,#6356,#6357,
#6358,#6359,#6360,#6361,#6362,#6363,#6364,#6365,#6366,#6367,#6368,#6369,
#6370,#6371,#6372,#6373,#6374,#6375,#6376,#6377,#6378,#6379,#6380,#6381,
#6382,#6383,#6384,#6385,#6386,#6387,#6388,#6389,#6390,#6391,#6392,#6393,
#6394,#6395,#6396,#6397,#6398,#6399,#6400,#6401,#6402,#6403,#6404,#6405,
#6406,#6407,#6408,#6409,#6410,#6411,#6412,#6413,#6414,#6415,#6416,#6417,
#6418,#6419,#6420,#6421,#6422,#6423),.UNSPECIFIED.,.F.,.F.)
B_SPLINE_CURVE_WITH_KNOTS((6,1,1,1,1,1,1,1,1,1,1,1,1,1,1,1,1,1,1,1,1,1,
1,1,1,1,1,1,1,1,1,1,1,1,1,1,1,1,1,1,1,1,1,1,1,1,1,1,1,1,1,1,1,1,1,1,1,1,
1,1,1,1,1,1,1,1,1,1,1,1,6),(0.,0.0142857142857143,0.0285714285714286,0.0428571428571429,
0.0571428571428571,0.0714285714285714,0.0857142857142857,0.1,0.114285714285714,
0.128571428571429,0.142857142857143,0.157142857142857,0.171428571428571,
0.185714285714286,0.2,0.214285714285714,0.228571428571429,0.242857142857143,
0.257142857142857,0.271428571428571,0.285714285714286,0.3,0.314285714285714,
0.328571428571429,0.342857142857143,0.357142857142857,0.371428571428571,
0.385714285714286,0.4,0.414285714285714,0.428571428571429,0.442857142857143,
0.457142857142857,0.471428571428572,0.485714285714286,0.5,0.514285714285714,
0.528571428571429,0.542857142857143,0.557142857142857,0.571428571428571,
0.585714285714286,0.6,0.614285714285714,0.628571428571428,0.642857142857142,
0.657142857142857,0.671428571428571,0.685714285714285,0.699999999999999,
0.714285714285714,0.728571428571428,0.742857142857142,0.757142857142856,
0.771428571428571,0.785714285714285,0.799999999999999,0.814285714285713,
0.828571428571428,0.842857142857142,0.857142857142856,0.87142857142857,
0.885714285714284,0.899999999999999,0.914285714285713,0.928571428571427,
0.942857142857141,0.957142857142856,0.97142857142857,0.985714285714284,
1.),.UNSPECIFIED.)
CURVE()
GEOMETRIC_REPRESENTATION_ITEM()
RATIONAL_B_SPLINE_CURVE((1.,1.,1.,1.,1.,1.,1.,1.,1.,1.,1.,1.,1.,1.,1.,1.,
1.,1.,1.,1.,1.,1.,1.,1.,1.,1.,1.,1.,1.,1.,1.,1.,1.,1.,1.,1.,1.,1.,1.,1.,
1.,1.,1.,1.,1.,1.,1.,1.,1.,1.,1.,1.,1.,1.,1.,1.,1.,1.,1.,1.,1.,1.,1.,1.,
1.,1.,1.,1.,1.,1.,1.,1.,1.,1.,1.))
REPRESENTATION_ITEM('')
);
#44=(
BOUNDED_CURVE()
B_SPLINE_CURVE(5,(#6425,#6426,#6427,#6428,#6429,#6430,#6431,#6432,#6433,
#6434,#6435,#6436,#6437,#6438,#6439,#6440,#6441,#6442,#6443,#6444,#6445,
#6446,#6447,#6448,#6449,#6450,#6451,#6452,#6453,#6454,#6455,#6456,#6457,
#6458,#6459,#6460,#6461,#6462,#6463,#6464,#6465,#6466,#6467,#6468,#6469,
#6470,#6471,#6472,#6473,#6474,#6475,#6476,#6477,#6478,#6479,#6480,#6481,
#6482,#6483,#6484,#6485,#6486,#6487,#6488,#6489,#6490,#6491,#6492,#6493,
#6494,#6495,#6496,#6497,#6498,#6499),.UNSPECIFIED.,.F.,.F.)
B_SPLINE_CURVE_WITH_KNOTS((6,1,1,1,1,1,1,1,1,1,1,1,1,1,1,1,1,1,1,1,1,1,
1,1,1,1,1,1,1,1,1,1,1,1,1,1,1,1,1,1,1,1,1,1,1,1,1,1,1,1,1,1,1,1,1,1,1,1,
1,1,1,1,1,1,1,1,1,1,1,1,6),(-1.,-0.985714285714284,-0.97142857142857,-0.957142857142856,
-0.942857142857141,-0.928571428571427,-0.914285714285713,-0.899999999999999,
-0.885714285714284,-0.87142857142857,-0.857142857142856,-0.842857142857142,
-0.828571428571428,-0.814285714285713,-0.799999999999999,-0.785714285714285,
-0.771428571428571,-0.757142857142856,-0.742857142857142,-0.728571428571428,
-0.714285714285714,-0.699999999999999,-0.685714285714285,-0.671428571428571,
-0.657142857142857,-0.642857142857142,-0.628571428571428,-0.614285714285714,
-0.6,-0.585714285714286,-0.571428571428571,-0.557142857142857,-0.542857142857143,
-0.528571428571429,-0.514285714285714,-0.5,-0.485714285714286,-0.471428571428572,
-0.457142857142857,-0.442857142857143,-0.428571428571429,-0.414285714285714,
-0.4,-0.385714285714286,-0.371428571428571,-0.357142857142857,-0.342857142857143,
-0.328571428571429,-0.314285714285714,-0.3,-0.285714285714286,-0.271428571428571,
-0.257142857142857,-0.242857142857143,-0.228571428571429,-0.214285714285714,
-0.2,-0.185714285714286,-0.171428571428571,-0.157142857142857,-0.142857142857143,
-0.128571428571429,-0.114285714285714,-0.1,-0.0857142857142857,-0.0714285714285714,
-0.0571428571428571,-0.0428571428571429,-0.0285714285714286,-0.0142857142857143,
0.),.UNSPECIFIED.)
CURVE()
GEOMETRIC_REPRESENTATION_ITEM()
RATIONAL_B_SPLINE_CURVE((1.,1.,1.,1.,1.,1.,1.,1.,1.,1.,1.,1.,1.,1.,1.,1.,
1.,1.,1.,1.,1.,1.,1.,1.,1.,1.,1.,1.,1.,1.,1.,1.,1.,1.,1.,1.,1.,1.,1.,1.,
1.,1.,1.,1.,1.,1.,1.,1.,1.,1.,1.,1.,1.,1.,1.,1.,1.,1.,1.,1.,1.,1.,1.,1.,
1.,1.,1.,1.,1.,1.,1.,1.,1.,1.,1.))
REPRESENTATION_ITEM('')
);
#45=(
BOUNDED_CURVE()
B_SPLINE_CURVE(5,(#6657,#6658,#6659,#6660,#6661,#6662,#6663,#6664,#6665,
#6666,#6667,#6668,#6669,#6670,#6671,#6672,#6673,#6674,#6675,#6676,#6677,
#6678,#6679,#6680,#6681,#6682,#6683,#6684,#6685,#6686,#6687,#6688,#6689,
#6690,#6691,#6692,#6693,#6694,#6695,#6696,#6697,#6698,#6699,#6700,#6701,
#6702,#6703,#6704,#6705,#6706,#6707,#6708,#6709,#6710,#6711,#6712,#6713,
#6714,#6715,#6716,#6717,#6718,#6719,#6720,#6721,#6722,#6723,#6724,#6725,
#6726,#6727,#6728,#6729,#6730,#6731),.UNSPECIFIED.,.F.,.F.)
B_SPLINE_CURVE_WITH_KNOTS((6,1,1,1,1,1,1,1,1,1,1,1,1,1,1,1,1,1,1,1,1,1,
1,1,1,1,1,1,1,1,1,1,1,1,1,1,1,1,1,1,1,1,1,1,1,1,1,1,1,1,1,1,1,1,1,1,1,1,
1,1,1,1,1,1,1,1,1,1,1,1,6),(0.,0.0142857142857143,0.0285714285714286,0.0428571428571429,
0.0571428571428571,0.0714285714285714,0.0857142857142857,0.1,0.114285714285714,
0.128571428571429,0.142857142857143,0.157142857142857,0.171428571428571,
0.185714285714286,0.2,0.214285714285714,0.228571428571429,0.242857142857143,
0.257142857142857,0.271428571428571,0.285714285714286,0.3,0.314285714285714,
0.328571428571429,0.342857142857143,0.357142857142857,0.371428571428571,
0.385714285714286,0.4,0.414285714285714,0.428571428571429,0.442857142857143,
0.457142857142857,0.471428571428572,0.485714285714286,0.5,0.514285714285714,
0.528571428571429,0.542857142857143,0.557142857142857,0.571428571428571,
0.585714285714286,0.6,0.614285714285714,0.628571428571428,0.642857142857142,
0.657142857142857,0.671428571428571,0.685714285714285,0.699999999999999,
0.714285714285714,0.728571428571428,0.742857142857142,0.757142857142856,
0.771428571428571,0.785714285714285,0.799999999999999,0.814285714285713,
0.828571428571428,0.842857142857142,0.857142857142856,0.87142857142857,
0.885714285714284,0.899999999999999,0.914285714285713,0.928571428571427,
0.942857142857141,0.957142857142856,0.97142857142857,0.985714285714284,
1.),.UNSPECIFIED.)
CURVE()
GEOMETRIC_REPRESENTATION_ITEM()
RATIONAL_B_SPLINE_CURVE((1.,1.,1.,1.,1.,1.,1.,1.,1.,1.,1.,1.,1.,1.,1.,1.,
1.,1.,1.,1.,1.,1.,1.,1.,1.,1.,1.,1.,1.,1.,1.,1.,1.,1.,1.,1.,1.,1.,1.,1.,
1.,1.,1.,1.,1.,1.,1.,1.,1.,1.,1.,1.,1.,1.,1.,1.,1.,1.,1.,1.,1.,1.,1.,1.,
1.,1.,1.,1.,1.,1.,1.,1.,1.,1.,1.))
REPRESENTATION_ITEM('')
);
#46=(
BOUNDED_CURVE()
B_SPLINE_CURVE(5,(#6732,#6733,#6734,#6735,#6736,#6737,#6738,#6739,#6740,
#6741,#6742,#6743,#6744,#6745,#6746,#6747,#6748,#6749,#6750,#6751,#6752,
#6753,#6754,#6755,#6756,#6757,#6758,#6759,#6760,#6761,#6762,#6763,#6764,
#6765,#6766,#6767,#6768,#6769,#6770,#6771,#6772,#6773,#6774,#6775,#6776,
#6777,#6778,#6779,#6780,#6781,#6782,#6783,#6784,#6785,#6786,#6787,#6788,
#6789,#6790,#6791,#6792,#6793,#6794,#6795,#6796,#6797,#6798,#6799,#6800,
#6801,#6802,#6803,#6804,#6805,#6806),.UNSPECIFIED.,.F.,.F.)
B_SPLINE_CURVE_WITH_KNOTS((6,1,1,1,1,1,1,1,1,1,1,1,1,1,1,1,1,1,1,1,1,1,
1,1,1,1,1,1,1,1,1,1,1,1,1,1,1,1,1,1,1,1,1,1,1,1,1,1,1,1,1,1,1,1,1,1,1,1,
1,1,1,1,1,1,1,1,1,1,1,1,6),(0.,0.0142857142857143,0.0285714285714286,0.0428571428571429,
0.0571428571428571,0.0714285714285714,0.0857142857142857,0.1,0.114285714285714,
0.128571428571429,0.142857142857143,0.157142857142857,0.171428571428571,
0.185714285714286,0.2,0.214285714285714,0.228571428571429,0.242857142857143,
0.257142857142857,0.271428571428571,0.285714285714286,0.3,0.314285714285714,
0.328571428571429,0.342857142857143,0.357142857142857,0.371428571428571,
0.385714285714286,0.4,0.414285714285714,0.428571428571429,0.442857142857143,
0.457142857142857,0.471428571428572,0.485714285714286,0.5,0.514285714285714,
0.528571428571429,0.542857142857143,0.557142857142857,0.571428571428571,
0.585714285714286,0.6,0.614285714285714,0.628571428571428,0.642857142857142,
0.657142857142857,0.671428571428571,0.685714285714285,0.699999999999999,
0.714285714285714,0.728571428571428,0.742857142857142,0.757142857142856,
0.771428571428571,0.785714285714285,0.799999999999999,0.814285714285713,
0.828571428571428,0.842857142857142,0.857142857142856,0.87142857142857,
0.885714285714284,0.899999999999999,0.914285714285713,0.928571428571427,
0.942857142857141,0.957142857142856,0.97142857142857,0.985714285714284,
1.),.UNSPECIFIED.)
CURVE()
GEOMETRIC_REPRESENTATION_ITEM()
RATIONAL_B_SPLINE_CURVE((1.,1.,1.,1.,1.,1.,1.,1.,1.,1.,1.,1.,1.,1.,1.,1.,
1.,1.,1.,1.,1.,1.,1.,1.,1.,1.,1.,1.,1.,1.,1.,1.,1.,1.,1.,1.,1.,1.,1.,1.,
1.,1.,1.,1.,1.,1.,1.,1.,1.,1.,1.,1.,1.,1.,1.,1.,1.,1.,1.,1.,1.,1.,1.,1.,
1.,1.,1.,1.,1.,1.,1.,1.,1.,1.,1.))
REPRESENTATION_ITEM('')
);
#47=(
BOUNDED_CURVE()
B_SPLINE_CURVE(5,(#6958,#6959,#6960,#6961,#6962,#6963,#6964,#6965,#6966,
#6967,#6968,#6969,#6970,#6971,#6972,#6973,#6974,#6975,#6976,#6977,#6978,
#6979,#6980,#6981,#6982,#6983,#6984,#6985,#6986,#6987,#6988,#6989,#6990,
#6991,#6992,#6993,#6994,#6995,#6996,#6997,#6998,#6999,#7000,#7001,#7002,
#7003,#7004,#7005,#7006,#7007,#7008,#7009,#7010,#7011,#7012,#7013,#7014,
#7015,#7016,#7017,#7018,#7019,#7020,#7021,#7022,#7023,#7024,#7025,#7026,
#7027,#7028,#7029,#7030,#7031,#7032),.UNSPECIFIED.,.F.,.F.)
B_SPLINE_CURVE_WITH_KNOTS((6,1,1,1,1,1,1,1,1,1,1,1,1,1,1,1,1,1,1,1,1,1,
1,1,1,1,1,1,1,1,1,1,1,1,1,1,1,1,1,1,1,1,1,1,1,1,1,1,1,1,1,1,1,1,1,1,1,1,
1,1,1,1,1,1,1,1,1,1,1,1,6),(0.,0.0142857142857143,0.0285714285714286,0.0428571428571429,
0.0571428571428571,0.0714285714285714,0.0857142857142857,0.1,0.114285714285714,
0.128571428571429,0.142857142857143,0.157142857142857,0.171428571428571,
0.185714285714286,0.2,0.214285714285714,0.228571428571429,0.242857142857143,
0.257142857142857,0.271428571428571,0.285714285714286,0.3,0.314285714285714,
0.328571428571429,0.342857142857143,0.357142857142857,0.371428571428571,
0.385714285714286,0.4,0.414285714285714,0.428571428571429,0.442857142857143,
0.457142857142857,0.471428571428572,0.485714285714286,0.5,0.514285714285714,
0.528571428571429,0.542857142857143,0.557142857142857,0.571428571428571,
0.585714285714286,0.6,0.614285714285714,0.628571428571428,0.642857142857142,
0.657142857142857,0.671428571428571,0.685714285714285,0.699999999999999,
0.714285714285714,0.728571428571428,0.742857142857142,0.757142857142856,
0.771428571428571,0.785714285714285,0.799999999999999,0.814285714285713,
0.828571428571428,0.842857142857142,0.857142857142856,0.87142857142857,
0.885714285714284,0.899999999999999,0.914285714285713,0.928571428571427,
0.942857142857141,0.957142857142856,0.97142857142857,0.985714285714284,
1.),.UNSPECIFIED.)
CURVE()
GEOMETRIC_REPRESENTATION_ITEM()
RATIONAL_B_SPLINE_CURVE((1.,1.,1.,1.,1.,1.,1.,1.,1.,1.,1.,1.,1.,1.,1.,1.,
1.,1.,1.,1.,1.,1.,1.,1.,1.,1.,1.,1.,1.,1.,1.,1.,1.,1.,1.,1.,1.,1.,1.,1.,
1.,1.,1.,1.,1.,1.,1.,1.,1.,1.,1.,1.,1.,1.,1.,1.,1.,1.,1.,1.,1.,1.,1.,1.,
1.,1.,1.,1.,1.,1.,1.,1.,1.,1.,1.))
REPRESENTATION_ITEM('')
);
#48=(
BOUNDED_CURVE()
B_SPLINE_CURVE(5,(#7034,#7035,#7036,#7037,#7038,#7039,#7040,#7041,#7042,
#7043,#7044,#7045,#7046,#7047,#7048,#7049,#7050,#7051,#7052,#7053,#7054,
#7055,#7056,#7057,#7058,#7059,#7060,#7061,#7062,#7063,#7064,#7065,#7066,
#7067,#7068,#7069,#7070,#7071,#7072,#7073,#7074,#7075,#7076,#7077,#7078,
#7079,#7080,#7081,#7082,#7083,#7084,#7085,#7086,#7087,#7088,#7089,#7090,
#7091,#7092,#7093,#7094,#7095,#7096,#7097,#7098,#7099,#7100,#7101,#7102,
#7103,#7104,#7105,#7106,#7107,#7108),.UNSPECIFIED.,.F.,.F.)
B_SPLINE_CURVE_WITH_KNOTS((6,1,1,1,1,1,1,1,1,1,1,1,1,1,1,1,1,1,1,1,1,1,
1,1,1,1,1,1,1,1,1,1,1,1,1,1,1,1,1,1,1,1,1,1,1,1,1,1,1,1,1,1,1,1,1,1,1,1,
1,1,1,1,1,1,1,1,1,1,1,1,6),(-1.,-0.985714285714284,-0.97142857142857,-0.957142857142856,
-0.942857142857141,-0.928571428571427,-0.914285714285713,-0.899999999999999,
-0.885714285714284,-0.87142857142857,-0.857142857142856,-0.842857142857142,
-0.828571428571428,-0.814285714285713,-0.799999999999999,-0.785714285714285,
-0.771428571428571,-0.757142857142856,-0.742857142857142,-0.728571428571428,
-0.714285714285714,-0.699999999999999,-0.685714285714285,-0.671428571428571,
-0.657142857142857,-0.642857142857142,-0.628571428571428,-0.614285714285714,
-0.6,-0.585714285714286,-0.571428571428571,-0.557142857142857,-0.542857142857143,
-0.528571428571429,-0.514285714285714,-0.5,-0.485714285714286,-0.471428571428572,
-0.457142857142857,-0.442857142857143,-0.428571428571429,-0.414285714285714,
-0.4,-0.385714285714286,-0.371428571428571,-0.357142857142857,-0.342857142857143,
-0.328571428571429,-0.314285714285714,-0.3,-0.285714285714286,-0.271428571428571,
-0.257142857142857,-0.242857142857143,-0.228571428571429,-0.214285714285714,
-0.2,-0.185714285714286,-0.171428571428571,-0.157142857142857,-0.142857142857143,
-0.128571428571429,-0.114285714285714,-0.1,-0.0857142857142857,-0.0714285714285714,
-0.0571428571428571,-0.0428571428571429,-0.0285714285714286,-0.0142857142857143,
0.),.UNSPECIFIED.)
CURVE()
GEOMETRIC_REPRESENTATION_ITEM()
RATIONAL_B_SPLINE_CURVE((1.,1.,1.,1.,1.,1.,1.,1.,1.,1.,1.,1.,1.,1.,1.,1.,
1.,1.,1.,1.,1.,1.,1.,1.,1.,1.,1.,1.,1.,1.,1.,1.,1.,1.,1.,1.,1.,1.,1.,1.,
1.,1.,1.,1.,1.,1.,1.,1.,1.,1.,1.,1.,1.,1.,1.,1.,1.,1.,1.,1.,1.,1.,1.,1.,
1.,1.,1.,1.,1.,1.,1.,1.,1.,1.,1.))
REPRESENTATION_ITEM('')
);
#49=(
BOUNDED_CURVE()
B_SPLINE_CURVE(5,(#7266,#7267,#7268,#7269,#7270,#7271,#7272,#7273,#7274,
#7275,#7276,#7277,#7278,#7279,#7280,#7281,#7282,#7283,#7284,#7285,#7286,
#7287,#7288,#7289,#7290,#7291,#7292,#7293,#7294,#7295,#7296,#7297,#7298,
#7299,#7300,#7301,#7302,#7303,#7304,#7305,#7306,#7307,#7308,#7309,#7310,
#7311,#7312,#7313,#7314,#7315,#7316,#7317,#7318,#7319,#7320,#7321,#7322,
#7323,#7324,#7325,#7326,#7327,#7328,#7329,#7330,#7331,#7332,#7333,#7334,
#7335,#7336,#7337,#7338,#7339,#7340),.UNSPECIFIED.,.F.,.F.)
B_SPLINE_CURVE_WITH_KNOTS((6,1,1,1,1,1,1,1,1,1,1,1,1,1,1,1,1,1,1,1,1,1,
1,1,1,1,1,1,1,1,1,1,1,1,1,1,1,1,1,1,1,1,1,1,1,1,1,1,1,1,1,1,1,1,1,1,1,1,
1,1,1,1,1,1,1,1,1,1,1,1,6),(0.,0.0142857142857143,0.0285714285714286,0.0428571428571429,
0.0571428571428571,0.0714285714285714,0.0857142857142857,0.1,0.114285714285714,
0.128571428571429,0.142857142857143,0.157142857142857,0.171428571428571,
0.185714285714286,0.2,0.214285714285714,0.228571428571429,0.242857142857143,
0.257142857142857,0.271428571428571,0.285714285714286,0.3,0.314285714285714,
0.328571428571429,0.342857142857143,0.357142857142857,0.371428571428571,
0.385714285714286,0.4,0.414285714285714,0.428571428571429,0.442857142857143,
0.457142857142857,0.471428571428572,0.485714285714286,0.5,0.514285714285714,
0.528571428571429,0.542857142857143,0.557142857142857,0.571428571428571,
0.585714285714286,0.6,0.614285714285714,0.628571428571428,0.642857142857142,
0.657142857142857,0.671428571428571,0.685714285714285,0.699999999999999,
0.714285714285714,0.728571428571428,0.742857142857142,0.757142857142856,
0.771428571428571,0.785714285714285,0.799999999999999,0.814285714285713,
0.828571428571428,0.842857142857142,0.857142857142856,0.87142857142857,
0.885714285714284,0.899999999999999,0.914285714285713,0.928571428571427,
0.942857142857141,0.957142857142856,0.97142857142857,0.985714285714284,
1.),.UNSPECIFIED.)
CURVE()
GEOMETRIC_REPRESENTATION_ITEM()
RATIONAL_B_SPLINE_CURVE((1.,1.,1.,1.,1.,1.,1.,1.,1.,1.,1.,1.,1.,1.,1.,1.,
1.,1.,1.,1.,1.,1.,1.,1.,1.,1.,1.,1.,1.,1.,1.,1.,1.,1.,1.,1.,1.,1.,1.,1.,
1.,1.,1.,1.,1.,1.,1.,1.,1.,1.,1.,1.,1.,1.,1.,1.,1.,1.,1.,1.,1.,1.,1.,1.,
1.,1.,1.,1.,1.,1.,1.,1.,1.,1.,1.))
REPRESENTATION_ITEM('')
);
#50=(
BOUNDED_CURVE()
B_SPLINE_CURVE(5,(#7341,#7342,#7343,#7344,#7345,#7346,#7347,#7348,#7349,
#7350,#7351,#7352,#7353,#7354,#7355,#7356,#7357,#7358,#7359,#7360,#7361,
#7362,#7363,#7364,#7365,#7366,#7367,#7368,#7369,#7370,#7371,#7372,#7373,
#7374,#7375,#7376,#7377,#7378,#7379,#7380,#7381,#7382,#7383,#7384,#7385,
#7386,#7387,#7388,#7389,#7390,#7391,#7392,#7393,#7394,#7395,#7396,#7397,
#7398,#7399,#7400,#7401,#7402,#7403,#7404,#7405,#7406,#7407,#7408,#7409,
#7410,#7411,#7412,#7413,#7414,#7415),.UNSPECIFIED.,.F.,.F.)
B_SPLINE_CURVE_WITH_KNOTS((6,1,1,1,1,1,1,1,1,1,1,1,1,1,1,1,1,1,1,1,1,1,
1,1,1,1,1,1,1,1,1,1,1,1,1,1,1,1,1,1,1,1,1,1,1,1,1,1,1,1,1,1,1,1,1,1,1,1,
1,1,1,1,1,1,1,1,1,1,1,1,6),(0.,0.0142857142857143,0.0285714285714286,0.0428571428571429,
0.0571428571428571,0.0714285714285714,0.0857142857142857,0.1,0.114285714285714,
0.128571428571429,0.142857142857143,0.157142857142857,0.171428571428571,
0.185714285714286,0.2,0.214285714285714,0.228571428571429,0.242857142857143,
0.257142857142857,0.271428571428571,0.285714285714286,0.3,0.314285714285714,
0.328571428571429,0.342857142857143,0.357142857142857,0.371428571428571,
0.385714285714286,0.4,0.414285714285714,0.428571428571429,0.442857142857143,
0.457142857142857,0.471428571428572,0.485714285714286,0.5,0.514285714285714,
0.528571428571429,0.542857142857143,0.557142857142857,0.571428571428571,
0.585714285714286,0.6,0.614285714285714,0.628571428571428,0.642857142857142,
0.657142857142857,0.671428571428571,0.685714285714285,0.699999999999999,
0.714285714285714,0.728571428571428,0.742857142857142,0.757142857142856,
0.771428571428571,0.785714285714285,0.799999999999999,0.814285714285713,
0.828571428571428,0.842857142857142,0.857142857142856,0.87142857142857,
0.885714285714284,0.899999999999999,0.914285714285713,0.928571428571427,
0.942857142857141,0.957142857142856,0.97142857142857,0.985714285714284,
1.),.UNSPECIFIED.)
CURVE()
GEOMETRIC_REPRESENTATION_ITEM()
RATIONAL_B_SPLINE_CURVE((1.,1.,1.,1.,1.,1.,1.,1.,1.,1.,1.,1.,1.,1.,1.,1.,
1.,1.,1.,1.,1.,1.,1.,1.,1.,1.,1.,1.,1.,1.,1.,1.,1.,1.,1.,1.,1.,1.,1.,1.,
1.,1.,1.,1.,1.,1.,1.,1.,1.,1.,1.,1.,1.,1.,1.,1.,1.,1.,1.,1.,1.,1.,1.,1.,
1.,1.,1.,1.,1.,1.,1.,1.,1.,1.,1.))
REPRESENTATION_ITEM('')
);
#51=(
BOUNDED_CURVE()
B_SPLINE_CURVE(5,(#7567,#7568,#7569,#7570,#7571,#7572,#7573,#7574,#7575,
#7576,#7577,#7578,#7579,#7580,#7581,#7582,#7583,#7584,#7585,#7586,#7587,
#7588,#7589,#7590,#7591,#7592,#7593,#7594,#7595,#7596,#7597,#7598,#7599,
#7600,#7601,#7602,#7603,#7604,#7605,#7606,#7607,#7608,#7609,#7610,#7611,
#7612,#7613,#7614,#7615,#7616,#7617,#7618,#7619,#7620,#7621,#7622,#7623,
#7624,#7625,#7626,#7627,#7628,#7629,#7630,#7631,#7632,#7633,#7634,#7635,
#7636,#7637,#7638,#7639,#7640,#7641),.UNSPECIFIED.,.F.,.F.)
B_SPLINE_CURVE_WITH_KNOTS((6,1,1,1,1,1,1,1,1,1,1,1,1,1,1,1,1,1,1,1,1,1,
1,1,1,1,1,1,1,1,1,1,1,1,1,1,1,1,1,1,1,1,1,1,1,1,1,1,1,1,1,1,1,1,1,1,1,1,
1,1,1,1,1,1,1,1,1,1,1,1,6),(0.,0.0142857142857143,0.0285714285714286,0.0428571428571429,
0.0571428571428571,0.0714285714285714,0.0857142857142857,0.1,0.114285714285714,
0.128571428571429,0.142857142857143,0.157142857142857,0.171428571428571,
0.185714285714286,0.2,0.214285714285714,0.228571428571429,0.242857142857143,
0.257142857142857,0.271428571428571,0.285714285714286,0.3,0.314285714285714,
0.328571428571429,0.342857142857143,0.357142857142857,0.371428571428571,
0.385714285714286,0.4,0.414285714285714,0.428571428571429,0.442857142857143,
0.457142857142857,0.471428571428572,0.485714285714286,0.5,0.514285714285714,
0.528571428571429,0.542857142857143,0.557142857142857,0.571428571428571,
0.585714285714286,0.6,0.614285714285714,0.628571428571428,0.642857142857142,
0.657142857142857,0.671428571428571,0.685714285714285,0.699999999999999,
0.714285714285714,0.728571428571428,0.742857142857142,0.757142857142856,
0.771428571428571,0.785714285714285,0.799999999999999,0.814285714285713,
0.828571428571428,0.842857142857142,0.857142857142856,0.87142857142857,
0.885714285714284,0.899999999999999,0.914285714285713,0.928571428571427,
0.942857142857141,0.957142857142856,0.97142857142857,0.985714285714284,
1.),.UNSPECIFIED.)
CURVE()
GEOMETRIC_REPRESENTATION_ITEM()
RATIONAL_B_SPLINE_CURVE((1.,1.,1.,1.,1.,1.,1.,1.,1.,1.,1.,1.,1.,1.,1.,1.,
1.,1.,1.,1.,1.,1.,1.,1.,1.,1.,1.,1.,1.,1.,1.,1.,1.,1.,1.,1.,1.,1.,1.,1.,
1.,1.,1.,1.,1.,1.,1.,1.,1.,1.,1.,1.,1.,1.,1.,1.,1.,1.,1.,1.,1.,1.,1.,1.,
1.,1.,1.,1.,1.,1.,1.,1.,1.,1.,1.))
REPRESENTATION_ITEM('')
);
#52=(
BOUNDED_CURVE()
B_SPLINE_CURVE(5,(#7643,#7644,#7645,#7646,#7647,#7648,#7649,#7650,#7651,
#7652,#7653,#7654,#7655,#7656,#7657,#7658,#7659,#7660,#7661,#7662,#7663,
#7664,#7665,#7666,#7667,#7668,#7669,#7670,#7671,#7672,#7673,#7674,#7675,
#7676,#7677,#7678,#7679,#7680,#7681,#7682,#7683,#7684,#7685,#7686,#7687,
#7688,#7689,#7690,#7691,#7692,#7693,#7694,#7695,#7696,#7697,#7698,#7699,
#7700,#7701,#7702,#7703,#7704,#7705,#7706,#7707,#7708,#7709,#7710,#7711,
#7712,#7713,#7714,#7715,#7716,#7717),.UNSPECIFIED.,.F.,.F.)
B_SPLINE_CURVE_WITH_KNOTS((6,1,1,1,1,1,1,1,1,1,1,1,1,1,1,1,1,1,1,1,1,1,
1,1,1,1,1,1,1,1,1,1,1,1,1,1,1,1,1,1,1,1,1,1,1,1,1,1,1,1,1,1,1,1,1,1,1,1,
1,1,1,1,1,1,1,1,1,1,1,1,6),(-1.,-0.985714285714284,-0.97142857142857,-0.957142857142856,
-0.942857142857141,-0.928571428571427,-0.914285714285713,-0.899999999999999,
-0.885714285714284,-0.87142857142857,-0.857142857142856,-0.842857142857142,
-0.828571428571428,-0.814285714285713,-0.799999999999999,-0.785714285714285,
-0.771428571428571,-0.757142857142856,-0.742857142857142,-0.728571428571428,
-0.714285714285714,-0.699999999999999,-0.685714285714285,-0.671428571428571,
-0.657142857142857,-0.642857142857142,-0.628571428571428,-0.614285714285714,
-0.6,-0.585714285714286,-0.571428571428571,-0.557142857142857,-0.542857142857143,
-0.528571428571429,-0.514285714285714,-0.5,-0.485714285714286,-0.471428571428572,
-0.457142857142857,-0.442857142857143,-0.428571428571429,-0.414285714285714,
-0.4,-0.385714285714286,-0.371428571428571,-0.357142857142857,-0.342857142857143,
-0.328571428571429,-0.314285714285714,-0.3,-0.285714285714286,-0.271428571428571,
-0.257142857142857,-0.242857142857143,-0.228571428571429,-0.214285714285714,
-0.2,-0.185714285714286,-0.171428571428571,-0.157142857142857,-0.142857142857143,
-0.128571428571429,-0.114285714285714,-0.1,-0.0857142857142857,-0.0714285714285714,
-0.0571428571428571,-0.0428571428571429,-0.0285714285714286,-0.0142857142857143,
0.),.UNSPECIFIED.)
CURVE()
GEOMETRIC_REPRESENTATION_ITEM()
RATIONAL_B_SPLINE_CURVE((1.,1.,1.,1.,1.,1.,1.,1.,1.,1.,1.,1.,1.,1.,1.,1.,
1.,1.,1.,1.,1.,1.,1.,1.,1.,1.,1.,1.,1.,1.,1.,1.,1.,1.,1.,1.,1.,1.,1.,1.,
1.,1.,1.,1.,1.,1.,1.,1.,1.,1.,1.,1.,1.,1.,1.,1.,1.,1.,1.,1.,1.,1.,1.,1.,
1.,1.,1.,1.,1.,1.,1.,1.,1.,1.,1.))
REPRESENTATION_ITEM('')
);
#53=(
BOUNDED_CURVE()
B_SPLINE_CURVE(5,(#7875,#7876,#7877,#7878,#7879,#7880,#7881,#7882,#7883,
#7884,#7885,#7886,#7887,#7888,#7889,#7890,#7891,#7892,#7893,#7894,#7895,
#7896,#7897,#7898,#7899,#7900,#7901,#7902,#7903,#7904,#7905,#7906,#7907,
#7908,#7909,#7910,#7911,#7912,#7913,#7914,#7915,#7916,#7917,#7918,#7919,
#7920,#7921,#7922,#7923,#7924,#7925,#7926,#7927,#7928,#7929,#7930,#7931,
#7932,#7933,#7934,#7935,#7936,#7937,#7938,#7939,#7940,#7941,#7942,#7943,
#7944,#7945,#7946,#7947,#7948,#7949),.UNSPECIFIED.,.F.,.F.)
B_SPLINE_CURVE_WITH_KNOTS((6,1,1,1,1,1,1,1,1,1,1,1,1,1,1,1,1,1,1,1,1,1,
1,1,1,1,1,1,1,1,1,1,1,1,1,1,1,1,1,1,1,1,1,1,1,1,1,1,1,1,1,1,1,1,1,1,1,1,
1,1,1,1,1,1,1,1,1,1,1,1,6),(0.,0.0142857142857143,0.0285714285714286,0.0428571428571429,
0.0571428571428571,0.0714285714285714,0.0857142857142857,0.1,0.114285714285714,
0.128571428571429,0.142857142857143,0.157142857142857,0.171428571428571,
0.185714285714286,0.2,0.214285714285714,0.228571428571429,0.242857142857143,
0.257142857142857,0.271428571428571,0.285714285714286,0.3,0.314285714285714,
0.328571428571429,0.342857142857143,0.357142857142857,0.371428571428571,
0.385714285714286,0.4,0.414285714285714,0.428571428571429,0.442857142857143,
0.457142857142857,0.471428571428572,0.485714285714286,0.5,0.514285714285714,
0.528571428571429,0.542857142857143,0.557142857142857,0.571428571428571,
0.585714285714286,0.6,0.614285714285714,0.628571428571428,0.642857142857142,
0.657142857142857,0.671428571428571,0.685714285714285,0.699999999999999,
0.714285714285714,0.728571428571428,0.742857142857142,0.757142857142856,
0.771428571428571,0.785714285714285,0.799999999999999,0.814285714285713,
0.828571428571428,0.842857142857142,0.857142857142856,0.87142857142857,
0.885714285714284,0.899999999999999,0.914285714285713,0.928571428571427,
0.942857142857141,0.957142857142856,0.97142857142857,0.985714285714284,
1.),.UNSPECIFIED.)
CURVE()
GEOMETRIC_REPRESENTATION_ITEM()
RATIONAL_B_SPLINE_CURVE((1.,1.,1.,1.,1.,1.,1.,1.,1.,1.,1.,1.,1.,1.,1.,1.,
1.,1.,1.,1.,1.,1.,1.,1.,1.,1.,1.,1.,1.,1.,1.,1.,1.,1.,1.,1.,1.,1.,1.,1.,
1.,1.,1.,1.,1.,1.,1.,1.,1.,1.,1.,1.,1.,1.,1.,1.,1.,1.,1.,1.,1.,1.,1.,1.,
1.,1.,1.,1.,1.,1.,1.,1.,1.,1.,1.))
REPRESENTATION_ITEM('')
);
#54=(
BOUNDED_CURVE()
B_SPLINE_CURVE(5,(#7950,#7951,#7952,#7953,#7954,#7955,#7956,#7957,#7958,
#7959,#7960,#7961,#7962,#7963,#7964,#7965,#7966,#7967,#7968,#7969,#7970,
#7971,#7972,#7973,#7974,#7975,#7976,#7977,#7978,#7979,#7980,#7981,#7982,
#7983,#7984,#7985,#7986,#7987,#7988,#7989,#7990,#7991,#7992,#7993,#7994,
#7995,#7996,#7997,#7998,#7999,#8000,#8001,#8002,#8003,#8004,#8005,#8006,
#8007,#8008,#8009,#8010,#8011,#8012,#8013,#8014,#8015,#8016,#8017,#8018,
#8019,#8020,#8021,#8022,#8023,#8024),.UNSPECIFIED.,.F.,.F.)
B_SPLINE_CURVE_WITH_KNOTS((6,1,1,1,1,1,1,1,1,1,1,1,1,1,1,1,1,1,1,1,1,1,
1,1,1,1,1,1,1,1,1,1,1,1,1,1,1,1,1,1,1,1,1,1,1,1,1,1,1,1,1,1,1,1,1,1,1,1,
1,1,1,1,1,1,1,1,1,1,1,1,6),(0.,0.0142857142857143,0.0285714285714286,0.0428571428571429,
0.0571428571428571,0.0714285714285714,0.0857142857142857,0.1,0.114285714285714,
0.128571428571429,0.142857142857143,0.157142857142857,0.171428571428571,
0.185714285714286,0.2,0.214285714285714,0.228571428571429,0.242857142857143,
0.257142857142857,0.271428571428571,0.285714285714286,0.3,0.314285714285714,
0.328571428571429,0.342857142857143,0.357142857142857,0.371428571428571,
0.385714285714286,0.4,0.414285714285714,0.428571428571429,0.442857142857143,
0.457142857142857,0.471428571428572,0.485714285714286,0.5,0.514285714285714,
0.528571428571429,0.542857142857143,0.557142857142857,0.571428571428571,
0.585714285714286,0.6,0.614285714285714,0.628571428571428,0.642857142857142,
0.657142857142857,0.671428571428571,0.685714285714285,0.699999999999999,
0.714285714285714,0.728571428571428,0.742857142857142,0.757142857142856,
0.771428571428571,0.785714285714285,0.799999999999999,0.814285714285713,
0.828571428571428,0.842857142857142,0.857142857142856,0.87142857142857,
0.885714285714284,0.899999999999999,0.914285714285713,0.928571428571427,
0.942857142857141,0.957142857142856,0.97142857142857,0.985714285714284,
1.),.UNSPECIFIED.)
CURVE()
GEOMETRIC_REPRESENTATION_ITEM()
RATIONAL_B_SPLINE_CURVE((1.,1.,1.,1.,1.,1.,1.,1.,1.,1.,1.,1.,1.,1.,1.,1.,
1.,1.,1.,1.,1.,1.,1.,1.,1.,1.,1.,1.,1.,1.,1.,1.,1.,1.,1.,1.,1.,1.,1.,1.,
1.,1.,1.,1.,1.,1.,1.,1.,1.,1.,1.,1.,1.,1.,1.,1.,1.,1.,1.,1.,1.,1.,1.,1.,
1.,1.,1.,1.,1.,1.,1.,1.,1.,1.,1.))
REPRESENTATION_ITEM('')
);
#55=(
BOUNDED_CURVE()
B_SPLINE_CURVE(5,(#8040,#8041,#8042,#8043,#8044,#8045,#8046,#8047,#8048,
#8049,#8050,#8051,#8052,#8053,#8054,#8055,#8056,#8057,#8058,#8059,#8060,
#8061,#8062,#8063,#8064,#8065,#8066,#8067,#8068,#8069,#8070,#8071,#8072,
#8073,#8074,#8075,#8076,#8077,#8078,#8079,#8080,#8081,#8082,#8083,#8084,
#8085,#8086,#8087,#8088,#8089,#8090,#8091,#8092,#8093,#8094,#8095,#8096,
#8097,#8098,#8099,#8100,#8101,#8102,#8103,#8104,#8105,#8106,#8107,#8108,
#8109,#8110,#8111,#8112,#8113,#8114),.UNSPECIFIED.,.F.,.F.)
B_SPLINE_CURVE_WITH_KNOTS((6,1,1,1,1,1,1,1,1,1,1,1,1,1,1,1,1,1,1,1,1,1,
1,1,1,1,1,1,1,1,1,1,1,1,1,1,1,1,1,1,1,1,1,1,1,1,1,1,1,1,1,1,1,1,1,1,1,1,
1,1,1,1,1,1,1,1,1,1,1,1,6),(0.,0.0142857142857143,0.0285714285714286,0.0428571428571429,
0.0571428571428571,0.0714285714285714,0.0857142857142857,0.1,0.114285714285714,
0.128571428571429,0.142857142857143,0.157142857142857,0.171428571428571,
0.185714285714286,0.2,0.214285714285714,0.228571428571429,0.242857142857143,
0.257142857142857,0.271428571428571,0.285714285714286,0.3,0.314285714285714,
0.328571428571429,0.342857142857143,0.357142857142857,0.371428571428571,
0.385714285714286,0.4,0.414285714285714,0.428571428571429,0.442857142857143,
0.457142857142857,0.471428571428572,0.485714285714286,0.5,0.514285714285714,
0.528571428571429,0.542857142857143,0.557142857142857,0.571428571428571,
0.585714285714286,0.6,0.614285714285714,0.628571428571428,0.642857142857142,
0.657142857142857,0.671428571428571,0.685714285714285,0.699999999999999,
0.714285714285714,0.728571428571428,0.742857142857142,0.757142857142856,
0.771428571428571,0.785714285714285,0.799999999999999,0.814285714285713,
0.828571428571428,0.842857142857142,0.857142857142856,0.87142857142857,
0.885714285714284,0.899999999999999,0.914285714285713,0.928571428571427,
0.942857142857141,0.957142857142856,0.97142857142857,0.985714285714284,
1.),.UNSPECIFIED.)
CURVE()
GEOMETRIC_REPRESENTATION_ITEM()
RATIONAL_B_SPLINE_CURVE((1.,1.,1.,1.,1.,1.,1.,1.,1.,1.,1.,1.,1.,1.,1.,1.,
1.,1.,1.,1.,1.,1.,1.,1.,1.,1.,1.,1.,1.,1.,1.,1.,1.,1.,1.,1.,1.,1.,1.,1.,
1.,1.,1.,1.,1.,1.,1.,1.,1.,1.,1.,1.,1.,1.,1.,1.,1.,1.,1.,1.,1.,1.,1.,1.,
1.,1.,1.,1.,1.,1.,1.,1.,1.,1.,1.))
REPRESENTATION_ITEM('')
);
#56=(
BOUNDED_CURVE()
B_SPLINE_CURVE(5,(#8118,#8119,#8120,#8121,#8122,#8123,#8124,#8125,#8126,
#8127,#8128,#8129,#8130,#8131,#8132,#8133,#8134,#8135,#8136,#8137,#8138,
#8139,#8140,#8141,#8142,#8143,#8144,#8145,#8146,#8147,#8148,#8149,#8150,
#8151,#8152,#8153,#8154,#8155,#8156,#8157,#8158,#8159,#8160,#8161,#8162,
#8163,#8164,#8165,#8166,#8167,#8168,#8169,#8170,#8171,#8172,#8173,#8174,
#8175,#8176,#8177,#8178,#8179,#8180,#8181,#8182,#8183,#8184,#8185,#8186,
#8187,#8188,#8189,#8190,#8191,#8192),.UNSPECIFIED.,.F.,.F.)
B_SPLINE_CURVE_WITH_KNOTS((6,1,1,1,1,1,1,1,1,1,1,1,1,1,1,1,1,1,1,1,1,1,
1,1,1,1,1,1,1,1,1,1,1,1,1,1,1,1,1,1,1,1,1,1,1,1,1,1,1,1,1,1,1,1,1,1,1,1,
1,1,1,1,1,1,1,1,1,1,1,1,6),(0.,0.0142857142857143,0.0285714285714286,0.0428571428571429,
0.0571428571428571,0.0714285714285714,0.0857142857142857,0.1,0.114285714285714,
0.128571428571429,0.142857142857143,0.157142857142857,0.171428571428571,
0.185714285714286,0.2,0.214285714285714,0.228571428571429,0.242857142857143,
0.257142857142857,0.271428571428571,0.285714285714286,0.3,0.314285714285714,
0.328571428571429,0.342857142857143,0.357142857142857,0.371428571428571,
0.385714285714286,0.4,0.414285714285714,0.428571428571429,0.442857142857143,
0.457142857142857,0.471428571428572,0.485714285714286,0.5,0.514285714285714,
0.528571428571429,0.542857142857143,0.557142857142857,0.571428571428571,
0.585714285714286,0.6,0.614285714285714,0.628571428571428,0.642857142857142,
0.657142857142857,0.671428571428571,0.685714285714285,0.699999999999999,
0.714285714285714,0.728571428571428,0.742857142857142,0.757142857142856,
0.771428571428571,0.785714285714285,0.799999999999999,0.814285714285713,
0.828571428571428,0.842857142857142,0.857142857142856,0.87142857142857,
0.885714285714284,0.899999999999999,0.914285714285713,0.928571428571427,
0.942857142857141,0.957142857142856,0.97142857142857,0.985714285714284,
1.),.UNSPECIFIED.)
CURVE()
GEOMETRIC_REPRESENTATION_ITEM()
RATIONAL_B_SPLINE_CURVE((1.,1.,1.,1.,1.,1.,1.,1.,1.,1.,1.,1.,1.,1.,1.,1.,
1.,1.,1.,1.,1.,1.,1.,1.,1.,1.,1.,1.,1.,1.,1.,1.,1.,1.,1.,1.,1.,1.,1.,1.,
1.,1.,1.,1.,1.,1.,1.,1.,1.,1.,1.,1.,1.,1.,1.,1.,1.,1.,1.,1.,1.,1.,1.,1.,
1.,1.,1.,1.,1.,1.,1.,1.,1.,1.,1.))
REPRESENTATION_ITEM('')
);
#57=(
BOUNDED_CURVE()
B_SPLINE_CURVE(5,(#8388,#8389,#8390,#8391,#8392,#8393,#8394,#8395,#8396,
#8397,#8398,#8399,#8400,#8401,#8402,#8403,#8404,#8405,#8406,#8407,#8408,
#8409,#8410,#8411,#8412,#8413,#8414,#8415,#8416,#8417,#8418,#8419,#8420,
#8421,#8422,#8423,#8424,#8425,#8426,#8427,#8428,#8429,#8430,#8431,#8432,
#8433,#8434,#8435,#8436,#8437,#8438,#8439,#8440,#8441,#8442,#8443,#8444,
#8445,#8446,#8447,#8448,#8449,#8450,#8451,#8452,#8453,#8454,#8455,#8456,
#8457,#8458,#8459,#8460,#8461,#8462),.UNSPECIFIED.,.F.,.F.)
B_SPLINE_CURVE_WITH_KNOTS((6,1,1,1,1,1,1,1,1,1,1,1,1,1,1,1,1,1,1,1,1,1,
1,1,1,1,1,1,1,1,1,1,1,1,1,1,1,1,1,1,1,1,1,1,1,1,1,1,1,1,1,1,1,1,1,1,1,1,
1,1,1,1,1,1,1,1,1,1,1,1,6),(-1.,-0.985714285714284,-0.97142857142857,-0.957142857142856,
-0.942857142857141,-0.928571428571427,-0.914285714285713,-0.899999999999999,
-0.885714285714284,-0.87142857142857,-0.857142857142856,-0.842857142857142,
-0.828571428571428,-0.814285714285713,-0.799999999999999,-0.785714285714285,
-0.771428571428571,-0.757142857142856,-0.742857142857142,-0.728571428571428,
-0.714285714285714,-0.699999999999999,-0.685714285714285,-0.671428571428571,
-0.657142857142857,-0.642857142857142,-0.628571428571428,-0.614285714285714,
-0.6,-0.585714285714286,-0.571428571428571,-0.557142857142857,-0.542857142857143,
-0.528571428571429,-0.514285714285714,-0.5,-0.485714285714286,-0.471428571428572,
-0.457142857142857,-0.442857142857143,-0.428571428571429,-0.414285714285714,
-0.4,-0.385714285714286,-0.371428571428571,-0.357142857142857,-0.342857142857143,
-0.328571428571429,-0.314285714285714,-0.3,-0.285714285714286,-0.271428571428571,
-0.257142857142857,-0.242857142857143,-0.228571428571429,-0.214285714285714,
-0.2,-0.185714285714286,-0.171428571428571,-0.157142857142857,-0.142857142857143,
-0.128571428571429,-0.114285714285714,-0.1,-0.0857142857142857,-0.0714285714285714,
-0.0571428571428571,-0.0428571428571429,-0.0285714285714286,-0.0142857142857143,
0.),.UNSPECIFIED.)
CURVE()
GEOMETRIC_REPRESENTATION_ITEM()
RATIONAL_B_SPLINE_CURVE((1.,1.,1.,1.,1.,1.,1.,1.,1.,1.,1.,1.,1.,1.,1.,1.,
1.,1.,1.,1.,1.,1.,1.,1.,1.,1.,1.,1.,1.,1.,1.,1.,1.,1.,1.,1.,1.,1.,1.,1.,
1.,1.,1.,1.,1.,1.,1.,1.,1.,1.,1.,1.,1.,1.,1.,1.,1.,1.,1.,1.,1.,1.,1.,1.,
1.,1.,1.,1.,1.,1.,1.,1.,1.,1.,1.))
REPRESENTATION_ITEM('')
);
#58=(
BOUNDED_CURVE()
B_SPLINE_CURVE(5,(#8618,#8619,#8620,#8621,#8622,#8623,#8624,#8625,#8626,
#8627,#8628,#8629,#8630,#8631,#8632,#8633,#8634,#8635,#8636,#8637,#8638,
#8639,#8640,#8641,#8642,#8643,#8644,#8645,#8646,#8647,#8648,#8649,#8650,
#8651,#8652,#8653,#8654,#8655,#8656,#8657,#8658,#8659,#8660,#8661,#8662,
#8663,#8664,#8665,#8666,#8667,#8668,#8669,#8670,#8671,#8672,#8673,#8674,
#8675,#8676,#8677,#8678,#8679,#8680,#8681,#8682,#8683,#8684,#8685,#8686,
#8687,#8688,#8689,#8690,#8691,#8692),.UNSPECIFIED.,.F.,.F.)
B_SPLINE_CURVE_WITH_KNOTS((6,1,1,1,1,1,1,1,1,1,1,1,1,1,1,1,1,1,1,1,1,1,
1,1,1,1,1,1,1,1,1,1,1,1,1,1,1,1,1,1,1,1,1,1,1,1,1,1,1,1,1,1,1,1,1,1,1,1,
1,1,1,1,1,1,1,1,1,1,1,1,6),(0.,0.0142857142857143,0.0285714285714286,0.0428571428571429,
0.0571428571428571,0.0714285714285714,0.0857142857142857,0.1,0.114285714285714,
0.128571428571429,0.142857142857143,0.157142857142857,0.171428571428571,
0.185714285714286,0.2,0.214285714285714,0.228571428571429,0.242857142857143,
0.257142857142857,0.271428571428571,0.285714285714286,0.3,0.314285714285714,
0.328571428571429,0.342857142857143,0.357142857142857,0.371428571428571,
0.385714285714286,0.4,0.414285714285714,0.428571428571429,0.442857142857143,
0.457142857142857,0.471428571428572,0.485714285714286,0.5,0.514285714285714,
0.528571428571429,0.542857142857143,0.557142857142857,0.571428571428571,
0.585714285714286,0.6,0.614285714285714,0.628571428571428,0.642857142857142,
0.657142857142857,0.671428571428571,0.685714285714285,0.699999999999999,
0.714285714285714,0.728571428571428,0.742857142857142,0.757142857142856,
0.771428571428571,0.785714285714285,0.799999999999999,0.814285714285713,
0.828571428571428,0.842857142857142,0.857142857142856,0.87142857142857,
0.885714285714284,0.899999999999999,0.914285714285713,0.928571428571427,
0.942857142857141,0.957142857142856,0.97142857142857,0.985714285714284,
1.),.UNSPECIFIED.)
CURVE()
GEOMETRIC_REPRESENTATION_ITEM()
RATIONAL_B_SPLINE_CURVE((1.,1.,1.,1.,1.,1.,1.,1.,1.,1.,1.,1.,1.,1.,1.,1.,
1.,1.,1.,1.,1.,1.,1.,1.,1.,1.,1.,1.,1.,1.,1.,1.,1.,1.,1.,1.,1.,1.,1.,1.,
1.,1.,1.,1.,1.,1.,1.,1.,1.,1.,1.,1.,1.,1.,1.,1.,1.,1.,1.,1.,1.,1.,1.,1.,
1.,1.,1.,1.,1.,1.,1.,1.,1.,1.,1.))
REPRESENTATION_ITEM('')
);
#59=(
BOUNDED_SURFACE()
B_SPLINE_SURFACE(5,1,((#2544,#2545),(#2546,#2547),(#2548,#2549),(#2550,
#2551),(#2552,#2553),(#2554,#2555),(#2556,#2557),(#2558,#2559),(#2560,#2561),
(#2562,#2563),(#2564,#2565),(#2566,#2567),(#2568,#2569),(#2570,#2571),(#2572,
#2573),(#2574,#2575),(#2576,#2577),(#2578,#2579),(#2580,#2581),(#2582,#2583),
(#2584,#2585),(#2586,#2587),(#2588,#2589),(#2590,#2591),(#2592,#2593),(#2594,
#2595),(#2596,#2597),(#2598,#2599),(#2600,#2601),(#2602,#2603),(#2604,#2605),
(#2606,#2607),(#2608,#2609),(#2610,#2611),(#2612,#2613),(#2614,#2615),(#2616,
#2617),(#2618,#2619),(#2620,#2621),(#2622,#2623),(#2624,#2625),(#2626,#2627),
(#2628,#2629),(#2630,#2631),(#2632,#2633),(#2634,#2635),(#2636,#2637),(#2638,
#2639),(#2640,#2641),(#2642,#2643),(#2644,#2645),(#2646,#2647),(#2648,#2649),
(#2650,#2651),(#2652,#2653),(#2654,#2655),(#2656,#2657),(#2658,#2659),(#2660,
#2661),(#2662,#2663),(#2664,#2665),(#2666,#2667),(#2668,#2669),(#2670,#2671),
(#2672,#2673),(#2674,#2675),(#2676,#2677),(#2678,#2679),(#2680,#2681),(#2682,
#2683),(#2684,#2685),(#2686,#2687),(#2688,#2689),(#2690,#2691),(#2692,#2693)),
 .UNSPECIFIED.,.F.,.F.,.F.)
B_SPLINE_SURFACE_WITH_KNOTS((6,1,1,1,1,1,1,1,1,1,1,1,1,1,1,1,1,1,1,1,1,
1,1,1,1,1,1,1,1,1,1,1,1,1,1,1,1,1,1,1,1,1,1,1,1,1,1,1,1,1,1,1,1,1,1,1,1,
1,1,1,1,1,1,1,1,1,1,1,1,1,6),(2,2),(-1.,-0.985714285714284,-0.97142857142857,
-0.957142857142856,-0.942857142857141,-0.928571428571427,-0.914285714285713,
-0.899999999999999,-0.885714285714284,-0.87142857142857,-0.857142857142856,
-0.842857142857142,-0.828571428571428,-0.814285714285713,-0.799999999999999,
-0.785714285714285,-0.771428571428571,-0.757142857142856,-0.742857142857142,
-0.728571428571428,-0.714285714285714,-0.699999999999999,-0.685714285714285,
-0.671428571428571,-0.657142857142857,-0.642857142857142,-0.628571428571428,
-0.614285714285714,-0.6,-0.585714285714286,-0.571428571428571,-0.557142857142857,
-0.542857142857143,-0.528571428571429,-0.514285714285714,-0.5,-0.485714285714286,
-0.471428571428572,-0.457142857142857,-0.442857142857143,-0.428571428571429,
-0.414285714285714,-0.4,-0.385714285714286,-0.371428571428571,-0.357142857142857,
-0.342857142857143,-0.328571428571429,-0.314285714285714,-0.3,-0.285714285714286,
-0.271428571428571,-0.257142857142857,-0.242857142857143,-0.228571428571429,
-0.214285714285714,-0.2,-0.185714285714286,-0.171428571428571,-0.157142857142857,
-0.142857142857143,-0.128571428571429,-0.114285714285714,-0.1,-0.0857142857142857,
-0.0714285714285714,-0.0571428571428571,-0.0428571428571429,-0.0285714285714286,
-0.0142857142857143,0.),(0.,0.3),.UNSPECIFIED.)
GEOMETRIC_REPRESENTATION_ITEM()
RATIONAL_B_SPLINE_SURFACE(((1.,1.),(1.,1.),(1.,1.),(1.,1.),(1.,1.),(1.,
1.),(1.,1.),(1.,1.),(1.,1.),(1.,1.),(1.,1.),(1.,1.),(1.,1.),(1.,1.),(1.,
1.),(1.,1.),(1.,1.),(1.,1.),(1.,1.),(1.,1.),(1.,1.),(1.,1.),(1.,1.),(1.,
1.),(1.,1.),(1.,1.),(1.,1.),(1.,1.),(1.,1.),(1.,1.),(1.,1.),(1.,1.),(1.,
1.),(1.,1.),(1.,1.),(1.,1.),(1.,1.),(1.,1.),(1.,1.),(1.,1.),(1.,1.),(1.,
1.),(1.,1.),(1.,1.),(1.,1.),(1.,1.),(1.,1.),(1.,1.),(1.,1.),(1.,1.),(1.,
1.),(1.,1.),(1.,1.),(1.,1.),(1.,1.),(1.,1.),(1.,1.),(1.,1.),(1.,1.),(1.,
1.),(1.,1.),(1.,1.),(1.,1.),(1.,1.),(1.,1.),(1.,1.),(1.,1.),(1.,1.),(1.,
1.),(1.,1.),(1.,1.),(1.,1.),(1.,1.),(1.,1.),(1.,1.)))
REPRESENTATION_ITEM('')
SURFACE()
);
#60=(
BOUNDED_SURFACE()
B_SPLINE_SURFACE(5,1,((#2853,#2854),(#2855,#2856),(#2857,#2858),(#2859,
#2860),(#2861,#2862),(#2863,#2864),(#2865,#2866),(#2867,#2868),(#2869,#2870),
(#2871,#2872),(#2873,#2874),(#2875,#2876),(#2877,#2878),(#2879,#2880),(#2881,
#2882),(#2883,#2884),(#2885,#2886),(#2887,#2888),(#2889,#2890),(#2891,#2892),
(#2893,#2894),(#2895,#2896),(#2897,#2898),(#2899,#2900),(#2901,#2902),(#2903,
#2904),(#2905,#2906),(#2907,#2908),(#2909,#2910),(#2911,#2912),(#2913,#2914),
(#2915,#2916),(#2917,#2918),(#2919,#2920),(#2921,#2922),(#2923,#2924),(#2925,
#2926),(#2927,#2928),(#2929,#2930),(#2931,#2932),(#2933,#2934),(#2935,#2936),
(#2937,#2938),(#2939,#2940),(#2941,#2942),(#2943,#2944),(#2945,#2946),(#2947,
#2948),(#2949,#2950),(#2951,#2952),(#2953,#2954),(#2955,#2956),(#2957,#2958),
(#2959,#2960),(#2961,#2962),(#2963,#2964),(#2965,#2966),(#2967,#2968),(#2969,
#2970),(#2971,#2972),(#2973,#2974),(#2975,#2976),(#2977,#2978),(#2979,#2980),
(#2981,#2982),(#2983,#2984),(#2985,#2986),(#2987,#2988),(#2989,#2990),(#2991,
#2992),(#2993,#2994),(#2995,#2996),(#2997,#2998),(#2999,#3000),(#3001,#3002)),
 .UNSPECIFIED.,.F.,.F.,.F.)
B_SPLINE_SURFACE_WITH_KNOTS((6,1,1,1,1,1,1,1,1,1,1,1,1,1,1,1,1,1,1,1,1,
1,1,1,1,1,1,1,1,1,1,1,1,1,1,1,1,1,1,1,1,1,1,1,1,1,1,1,1,1,1,1,1,1,1,1,1,
1,1,1,1,1,1,1,1,1,1,1,1,1,6),(2,2),(0.,0.0142857142857143,0.0285714285714286,
0.0428571428571429,0.0571428571428571,0.0714285714285714,0.0857142857142857,
0.1,0.114285714285714,0.128571428571429,0.142857142857143,0.157142857142857,
0.171428571428571,0.185714285714286,0.2,0.214285714285714,0.228571428571429,
0.242857142857143,0.257142857142857,0.271428571428571,0.285714285714286,
0.3,0.314285714285714,0.328571428571429,0.342857142857143,0.357142857142857,
0.371428571428571,0.385714285714286,0.4,0.414285714285714,0.428571428571429,
0.442857142857143,0.457142857142857,0.471428571428572,0.485714285714286,
0.5,0.514285714285714,0.528571428571429,0.542857142857143,0.557142857142857,
0.571428571428571,0.585714285714286,0.6,0.614285714285714,0.628571428571428,
0.642857142857142,0.657142857142857,0.671428571428571,0.685714285714285,
0.699999999999999,0.714285714285714,0.728571428571428,0.742857142857142,
0.757142857142856,0.771428571428571,0.785714285714285,0.799999999999999,
0.814285714285713,0.828571428571428,0.842857142857142,0.857142857142856,
0.87142857142857,0.885714285714284,0.899999999999999,0.914285714285713,
0.928571428571427,0.942857142857141,0.957142857142856,0.97142857142857,
0.985714285714284,1.),(0.,0.3),.UNSPECIFIED.)
GEOMETRIC_REPRESENTATION_ITEM()
RATIONAL_B_SPLINE_SURFACE(((1.,1.),(1.,1.),(1.,1.),(1.,1.),(1.,1.),(1.,
1.),(1.,1.),(1.,1.),(1.,1.),(1.,1.),(1.,1.),(1.,1.),(1.,1.),(1.,1.),(1.,
1.),(1.,1.),(1.,1.),(1.,1.),(1.,1.),(1.,1.),(1.,1.),(1.,1.),(1.,1.),(1.,
1.),(1.,1.),(1.,1.),(1.,1.),(1.,1.),(1.,1.),(1.,1.),(1.,1.),(1.,1.),(1.,
1.),(1.,1.),(1.,1.),(1.,1.),(1.,1.),(1.,1.),(1.,1.),(1.,1.),(1.,1.),(1.,
1.),(1.,1.),(1.,1.),(1.,1.),(1.,1.),(1.,1.),(1.,1.),(1.,1.),(1.,1.),(1.,
1.),(1.,1.),(1.,1.),(1.,1.),(1.,1.),(1.,1.),(1.,1.),(1.,1.),(1.,1.),(1.,
1.),(1.,1.),(1.,1.),(1.,1.),(1.,1.),(1.,1.),(1.,1.),(1.,1.),(1.,1.),(1.,
1.),(1.,1.),(1.,1.),(1.,1.),(1.,1.),(1.,1.),(1.,1.)))
REPRESENTATION_ITEM('')
SURFACE()
);
#61=(
BOUNDED_SURFACE()
B_SPLINE_SURFACE(5,1,((#3153,#3154),(#3155,#3156),(#3157,#3158),(#3159,
#3160),(#3161,#3162),(#3163,#3164),(#3165,#3166),(#3167,#3168),(#3169,#3170),
(#3171,#3172),(#3173,#3174),(#3175,#3176),(#3177,#3178),(#3179,#3180),(#3181,
#3182),(#3183,#3184),(#3185,#3186),(#3187,#3188),(#3189,#3190),(#3191,#3192),
(#3193,#3194),(#3195,#3196),(#3197,#3198),(#3199,#3200),(#3201,#3202),(#3203,
#3204),(#3205,#3206),(#3207,#3208),(#3209,#3210),(#3211,#3212),(#3213,#3214),
(#3215,#3216),(#3217,#3218),(#3219,#3220),(#3221,#3222),(#3223,#3224),(#3225,
#3226),(#3227,#3228),(#3229,#3230),(#3231,#3232),(#3233,#3234),(#3235,#3236),
(#3237,#3238),(#3239,#3240),(#3241,#3242),(#3243,#3244),(#3245,#3246),(#3247,
#3248),(#3249,#3250),(#3251,#3252),(#3253,#3254),(#3255,#3256),(#3257,#3258),
(#3259,#3260),(#3261,#3262),(#3263,#3264),(#3265,#3266),(#3267,#3268),(#3269,
#3270),(#3271,#3272),(#3273,#3274),(#3275,#3276),(#3277,#3278),(#3279,#3280),
(#3281,#3282),(#3283,#3284),(#3285,#3286),(#3287,#3288),(#3289,#3290),(#3291,
#3292),(#3293,#3294),(#3295,#3296),(#3297,#3298),(#3299,#3300),(#3301,#3302)),
 .UNSPECIFIED.,.F.,.F.,.F.)
B_SPLINE_SURFACE_WITH_KNOTS((6,1,1,1,1,1,1,1,1,1,1,1,1,1,1,1,1,1,1,1,1,
1,1,1,1,1,1,1,1,1,1,1,1,1,1,1,1,1,1,1,1,1,1,1,1,1,1,1,1,1,1,1,1,1,1,1,1,
1,1,1,1,1,1,1,1,1,1,1,1,1,6),(2,2),(-1.,-0.985714285714284,-0.97142857142857,
-0.957142857142856,-0.942857142857141,-0.928571428571427,-0.914285714285713,
-0.899999999999999,-0.885714285714284,-0.87142857142857,-0.857142857142856,
-0.842857142857142,-0.828571428571428,-0.814285714285713,-0.799999999999999,
-0.785714285714285,-0.771428571428571,-0.757142857142856,-0.742857142857142,
-0.728571428571428,-0.714285714285714,-0.699999999999999,-0.685714285714285,
-0.671428571428571,-0.657142857142857,-0.642857142857142,-0.628571428571428,
-0.614285714285714,-0.6,-0.585714285714286,-0.571428571428571,-0.557142857142857,
-0.542857142857143,-0.528571428571429,-0.514285714285714,-0.5,-0.485714285714286,
-0.471428571428572,-0.457142857142857,-0.442857142857143,-0.428571428571429,
-0.414285714285714,-0.4,-0.385714285714286,-0.371428571428571,-0.357142857142857,
-0.342857142857143,-0.328571428571429,-0.314285714285714,-0.3,-0.285714285714286,
-0.271428571428571,-0.257142857142857,-0.242857142857143,-0.228571428571429,
-0.214285714285714,-0.2,-0.185714285714286,-0.171428571428571,-0.157142857142857,
-0.142857142857143,-0.128571428571429,-0.114285714285714,-0.1,-0.0857142857142857,
-0.0714285714285714,-0.0571428571428571,-0.0428571428571429,-0.0285714285714286,
-0.0142857142857143,0.),(0.,0.3),.UNSPECIFIED.)
GEOMETRIC_REPRESENTATION_ITEM()
RATIONAL_B_SPLINE_SURFACE(((1.,1.),(1.,1.),(1.,1.),(1.,1.),(1.,1.),(1.,
1.),(1.,1.),(1.,1.),(1.,1.),(1.,1.),(1.,1.),(1.,1.),(1.,1.),(1.,1.),(1.,
1.),(1.,1.),(1.,1.),(1.,1.),(1.,1.),(1.,1.),(1.,1.),(1.,1.),(1.,1.),(1.,
1.),(1.,1.),(1.,1.),(1.,1.),(1.,1.),(1.,1.),(1.,1.),(1.,1.),(1.,1.),(1.,
1.),(1.,1.),(1.,1.),(1.,1.),(1.,1.),(1.,1.),(1.,1.),(1.,1.),(1.,1.),(1.,
1.),(1.,1.),(1.,1.),(1.,1.),(1.,1.),(1.,1.),(1.,1.),(1.,1.),(1.,1.),(1.,
1.),(1.,1.),(1.,1.),(1.,1.),(1.,1.),(1.,1.),(1.,1.),(1.,1.),(1.,1.),(1.,
1.),(1.,1.),(1.,1.),(1.,1.),(1.,1.),(1.,1.),(1.,1.),(1.,1.),(1.,1.),(1.,
1.),(1.,1.),(1.,1.),(1.,1.),(1.,1.),(1.,1.),(1.,1.)))
REPRESENTATION_ITEM('')
SURFACE()
);
#62=(
BOUNDED_SURFACE()
B_SPLINE_SURFACE(5,1,((#3462,#3463),(#3464,#3465),(#3466,#3467),(#3468,
#3469),(#3470,#3471),(#3472,#3473),(#3474,#3475),(#3476,#3477),(#3478,#3479),
(#3480,#3481),(#3482,#3483),(#3484,#3485),(#3486,#3487),(#3488,#3489),(#3490,
#3491),(#3492,#3493),(#3494,#3495),(#3496,#3497),(#3498,#3499),(#3500,#3501),
(#3502,#3503),(#3504,#3505),(#3506,#3507),(#3508,#3509),(#3510,#3511),(#3512,
#3513),(#3514,#3515),(#3516,#3517),(#3518,#3519),(#3520,#3521),(#3522,#3523),
(#3524,#3525),(#3526,#3527),(#3528,#3529),(#3530,#3531),(#3532,#3533),(#3534,
#3535),(#3536,#3537),(#3538,#3539),(#3540,#3541),(#3542,#3543),(#3544,#3545),
(#3546,#3547),(#3548,#3549),(#3550,#3551),(#3552,#3553),(#3554,#3555),(#3556,
#3557),(#3558,#3559),(#3560,#3561),(#3562,#3563),(#3564,#3565),(#3566,#3567),
(#3568,#3569),(#3570,#3571),(#3572,#3573),(#3574,#3575),(#3576,#3577),(#3578,
#3579),(#3580,#3581),(#3582,#3583),(#3584,#3585),(#3586,#3587),(#3588,#3589),
(#3590,#3591),(#3592,#3593),(#3594,#3595),(#3596,#3597),(#3598,#3599),(#3600,
#3601),(#3602,#3603),(#3604,#3605),(#3606,#3607),(#3608,#3609),(#3610,#3611)),
 .UNSPECIFIED.,.F.,.F.,.F.)
B_SPLINE_SURFACE_WITH_KNOTS((6,1,1,1,1,1,1,1,1,1,1,1,1,1,1,1,1,1,1,1,1,
1,1,1,1,1,1,1,1,1,1,1,1,1,1,1,1,1,1,1,1,1,1,1,1,1,1,1,1,1,1,1,1,1,1,1,1,
1,1,1,1,1,1,1,1,1,1,1,1,1,6),(2,2),(0.,0.0142857142857143,0.0285714285714286,
0.0428571428571429,0.0571428571428571,0.0714285714285714,0.0857142857142857,
0.1,0.114285714285714,0.128571428571429,0.142857142857143,0.157142857142857,
0.171428571428571,0.185714285714286,0.2,0.214285714285714,0.228571428571429,
0.242857142857143,0.257142857142857,0.271428571428571,0.285714285714286,
0.3,0.314285714285714,0.328571428571429,0.342857142857143,0.357142857142857,
0.371428571428571,0.385714285714286,0.4,0.414285714285714,0.428571428571429,
0.442857142857143,0.457142857142857,0.471428571428572,0.485714285714286,
0.5,0.514285714285714,0.528571428571429,0.542857142857143,0.557142857142857,
0.571428571428571,0.585714285714286,0.6,0.614285714285714,0.628571428571428,
0.642857142857142,0.657142857142857,0.671428571428571,0.685714285714285,
0.699999999999999,0.714285714285714,0.728571428571428,0.742857142857142,
0.757142857142856,0.771428571428571,0.785714285714285,0.799999999999999,
0.814285714285713,0.828571428571428,0.842857142857142,0.857142857142856,
0.87142857142857,0.885714285714284,0.899999999999999,0.914285714285713,
0.928571428571427,0.942857142857141,0.957142857142856,0.97142857142857,
0.985714285714284,1.),(0.,0.3),.UNSPECIFIED.)
GEOMETRIC_REPRESENTATION_ITEM()
RATIONAL_B_SPLINE_SURFACE(((1.,1.),(1.,1.),(1.,1.),(1.,1.),(1.,1.),(1.,
1.),(1.,1.),(1.,1.),(1.,1.),(1.,1.),(1.,1.),(1.,1.),(1.,1.),(1.,1.),(1.,
1.),(1.,1.),(1.,1.),(1.,1.),(1.,1.),(1.,1.),(1.,1.),(1.,1.),(1.,1.),(1.,
1.),(1.,1.),(1.,1.),(1.,1.),(1.,1.),(1.,1.),(1.,1.),(1.,1.),(1.,1.),(1.,
1.),(1.,1.),(1.,1.),(1.,1.),(1.,1.),(1.,1.),(1.,1.),(1.,1.),(1.,1.),(1.,
1.),(1.,1.),(1.,1.),(1.,1.),(1.,1.),(1.,1.),(1.,1.),(1.,1.),(1.,1.),(1.,
1.),(1.,1.),(1.,1.),(1.,1.),(1.,1.),(1.,1.),(1.,1.),(1.,1.),(1.,1.),(1.,
1.),(1.,1.),(1.,1.),(1.,1.),(1.,1.),(1.,1.),(1.,1.),(1.,1.),(1.,1.),(1.,
1.),(1.,1.),(1.,1.),(1.,1.),(1.,1.),(1.,1.),(1.,1.)))
REPRESENTATION_ITEM('')
SURFACE()
);
#63=(
BOUNDED_SURFACE()
B_SPLINE_SURFACE(5,1,((#3762,#3763),(#3764,#3765),(#3766,#3767),(#3768,
#3769),(#3770,#3771),(#3772,#3773),(#3774,#3775),(#3776,#3777),(#3778,#3779),
(#3780,#3781),(#3782,#3783),(#3784,#3785),(#3786,#3787),(#3788,#3789),(#3790,
#3791),(#3792,#3793),(#3794,#3795),(#3796,#3797),(#3798,#3799),(#3800,#3801),
(#3802,#3803),(#3804,#3805),(#3806,#3807),(#3808,#3809),(#3810,#3811),(#3812,
#3813),(#3814,#3815),(#3816,#3817),(#3818,#3819),(#3820,#3821),(#3822,#3823),
(#3824,#3825),(#3826,#3827),(#3828,#3829),(#3830,#3831),(#3832,#3833),(#3834,
#3835),(#3836,#3837),(#3838,#3839),(#3840,#3841),(#3842,#3843),(#3844,#3845),
(#3846,#3847),(#3848,#3849),(#3850,#3851),(#3852,#3853),(#3854,#3855),(#3856,
#3857),(#3858,#3859),(#3860,#3861),(#3862,#3863),(#3864,#3865),(#3866,#3867),
(#3868,#3869),(#3870,#3871),(#3872,#3873),(#3874,#3875),(#3876,#3877),(#3878,
#3879),(#3880,#3881),(#3882,#3883),(#3884,#3885),(#3886,#3887),(#3888,#3889),
(#3890,#3891),(#3892,#3893),(#3894,#3895),(#3896,#3897),(#3898,#3899),(#3900,
#3901),(#3902,#3903),(#3904,#3905),(#3906,#3907),(#3908,#3909),(#3910,#3911)),
 .UNSPECIFIED.,.F.,.F.,.F.)
B_SPLINE_SURFACE_WITH_KNOTS((6,1,1,1,1,1,1,1,1,1,1,1,1,1,1,1,1,1,1,1,1,
1,1,1,1,1,1,1,1,1,1,1,1,1,1,1,1,1,1,1,1,1,1,1,1,1,1,1,1,1,1,1,1,1,1,1,1,
1,1,1,1,1,1,1,1,1,1,1,1,1,6),(2,2),(-1.,-0.985714285714284,-0.97142857142857,
-0.957142857142856,-0.942857142857141,-0.928571428571427,-0.914285714285713,
-0.899999999999999,-0.885714285714284,-0.87142857142857,-0.857142857142856,
-0.842857142857142,-0.828571428571428,-0.814285714285713,-0.799999999999999,
-0.785714285714285,-0.771428571428571,-0.757142857142856,-0.742857142857142,
-0.728571428571428,-0.714285714285714,-0.699999999999999,-0.685714285714285,
-0.671428571428571,-0.657142857142857,-0.642857142857142,-0.628571428571428,
-0.614285714285714,-0.6,-0.585714285714286,-0.571428571428571,-0.557142857142857,
-0.542857142857143,-0.528571428571429,-0.514285714285714,-0.5,-0.485714285714286,
-0.471428571428572,-0.457142857142857,-0.442857142857143,-0.428571428571429,
-0.414285714285714,-0.4,-0.385714285714286,-0.371428571428571,-0.357142857142857,
-0.342857142857143,-0.328571428571429,-0.314285714285714,-0.3,-0.285714285714286,
-0.271428571428571,-0.257142857142857,-0.242857142857143,-0.228571428571429,
-0.214285714285714,-0.2,-0.185714285714286,-0.171428571428571,-0.157142857142857,
-0.142857142857143,-0.128571428571429,-0.114285714285714,-0.1,-0.0857142857142857,
-0.0714285714285714,-0.0571428571428571,-0.0428571428571429,-0.0285714285714286,
-0.0142857142857143,0.),(0.,0.3),.UNSPECIFIED.)
GEOMETRIC_REPRESENTATION_ITEM()
RATIONAL_B_SPLINE_SURFACE(((1.,1.),(1.,1.),(1.,1.),(1.,1.),(1.,1.),(1.,
1.),(1.,1.),(1.,1.),(1.,1.),(1.,1.),(1.,1.),(1.,1.),(1.,1.),(1.,1.),(1.,
1.),(1.,1.),(1.,1.),(1.,1.),(1.,1.),(1.,1.),(1.,1.),(1.,1.),(1.,1.),(1.,
1.),(1.,1.),(1.,1.),(1.,1.),(1.,1.),(1.,1.),(1.,1.),(1.,1.),(1.,1.),(1.,
1.),(1.,1.),(1.,1.),(1.,1.),(1.,1.),(1.,1.),(1.,1.),(1.,1.),(1.,1.),(1.,
1.),(1.,1.),(1.,1.),(1.,1.),(1.,1.),(1.,1.),(1.,1.),(1.,1.),(1.,1.),(1.,
1.),(1.,1.),(1.,1.),(1.,1.),(1.,1.),(1.,1.),(1.,1.),(1.,1.),(1.,1.),(1.,
1.),(1.,1.),(1.,1.),(1.,1.),(1.,1.),(1.,1.),(1.,1.),(1.,1.),(1.,1.),(1.,
1.),(1.,1.),(1.,1.),(1.,1.),(1.,1.),(1.,1.),(1.,1.)))
REPRESENTATION_ITEM('')
SURFACE()
);
#64=(
BOUNDED_SURFACE()
B_SPLINE_SURFACE(5,1,((#4071,#4072),(#4073,#4074),(#4075,#4076),(#4077,
#4078),(#4079,#4080),(#4081,#4082),(#4083,#4084),(#4085,#4086),(#4087,#4088),
(#4089,#4090),(#4091,#4092),(#4093,#4094),(#4095,#4096),(#4097,#4098),(#4099,
#4100),(#4101,#4102),(#4103,#4104),(#4105,#4106),(#4107,#4108),(#4109,#4110),
(#4111,#4112),(#4113,#4114),(#4115,#4116),(#4117,#4118),(#4119,#4120),(#4121,
#4122),(#4123,#4124),(#4125,#4126),(#4127,#4128),(#4129,#4130),(#4131,#4132),
(#4133,#4134),(#4135,#4136),(#4137,#4138),(#4139,#4140),(#4141,#4142),(#4143,
#4144),(#4145,#4146),(#4147,#4148),(#4149,#4150),(#4151,#4152),(#4153,#4154),
(#4155,#4156),(#4157,#4158),(#4159,#4160),(#4161,#4162),(#4163,#4164),(#4165,
#4166),(#4167,#4168),(#4169,#4170),(#4171,#4172),(#4173,#4174),(#4175,#4176),
(#4177,#4178),(#4179,#4180),(#4181,#4182),(#4183,#4184),(#4185,#4186),(#4187,
#4188),(#4189,#4190),(#4191,#4192),(#4193,#4194),(#4195,#4196),(#4197,#4198),
(#4199,#4200),(#4201,#4202),(#4203,#4204),(#4205,#4206),(#4207,#4208),(#4209,
#4210),(#4211,#4212),(#4213,#4214),(#4215,#4216),(#4217,#4218),(#4219,#4220)),
 .UNSPECIFIED.,.F.,.F.,.F.)
B_SPLINE_SURFACE_WITH_KNOTS((6,1,1,1,1,1,1,1,1,1,1,1,1,1,1,1,1,1,1,1,1,
1,1,1,1,1,1,1,1,1,1,1,1,1,1,1,1,1,1,1,1,1,1,1,1,1,1,1,1,1,1,1,1,1,1,1,1,
1,1,1,1,1,1,1,1,1,1,1,1,1,6),(2,2),(0.,0.0142857142857143,0.0285714285714286,
0.0428571428571429,0.0571428571428571,0.0714285714285714,0.0857142857142857,
0.1,0.114285714285714,0.128571428571429,0.142857142857143,0.157142857142857,
0.171428571428571,0.185714285714286,0.2,0.214285714285714,0.228571428571429,
0.242857142857143,0.257142857142857,0.271428571428571,0.285714285714286,
0.3,0.314285714285714,0.328571428571429,0.342857142857143,0.357142857142857,
0.371428571428571,0.385714285714286,0.4,0.414285714285714,0.428571428571429,
0.442857142857143,0.457142857142857,0.471428571428572,0.485714285714286,
0.5,0.514285714285714,0.528571428571429,0.542857142857143,0.557142857142857,
0.571428571428571,0.585714285714286,0.6,0.614285714285714,0.628571428571428,
0.642857142857142,0.657142857142857,0.671428571428571,0.685714285714285,
0.699999999999999,0.714285714285714,0.728571428571428,0.742857142857142,
0.757142857142856,0.771428571428571,0.785714285714285,0.799999999999999,
0.814285714285713,0.828571428571428,0.842857142857142,0.857142857142856,
0.87142857142857,0.885714285714284,0.899999999999999,0.914285714285713,
0.928571428571427,0.942857142857141,0.957142857142856,0.97142857142857,
0.985714285714284,1.),(0.,0.3),.UNSPECIFIED.)
GEOMETRIC_REPRESENTATION_ITEM()
RATIONAL_B_SPLINE_SURFACE(((1.,1.),(1.,1.),(1.,1.),(1.,1.),(1.,1.),(1.,
1.),(1.,1.),(1.,1.),(1.,1.),(1.,1.),(1.,1.),(1.,1.),(1.,1.),(1.,1.),(1.,
1.),(1.,1.),(1.,1.),(1.,1.),(1.,1.),(1.,1.),(1.,1.),(1.,1.),(1.,1.),(1.,
1.),(1.,1.),(1.,1.),(1.,1.),(1.,1.),(1.,1.),(1.,1.),(1.,1.),(1.,1.),(1.,
1.),(1.,1.),(1.,1.),(1.,1.),(1.,1.),(1.,1.),(1.,1.),(1.,1.),(1.,1.),(1.,
1.),(1.,1.),(1.,1.),(1.,1.),(1.,1.),(1.,1.),(1.,1.),(1.,1.),(1.,1.),(1.,
1.),(1.,1.),(1.,1.),(1.,1.),(1.,1.),(1.,1.),(1.,1.),(1.,1.),(1.,1.),(1.,
1.),(1.,1.),(1.,1.),(1.,1.),(1.,1.),(1.,1.),(1.,1.),(1.,1.),(1.,1.),(1.,
1.),(1.,1.),(1.,1.),(1.,1.),(1.,1.),(1.,1.),(1.,1.)))
REPRESENTATION_ITEM('')
SURFACE()
);
#65=(
BOUNDED_SURFACE()
B_SPLINE_SURFACE(5,1,((#4371,#4372),(#4373,#4374),(#4375,#4376),(#4377,
#4378),(#4379,#4380),(#4381,#4382),(#4383,#4384),(#4385,#4386),(#4387,#4388),
(#4389,#4390),(#4391,#4392),(#4393,#4394),(#4395,#4396),(#4397,#4398),(#4399,
#4400),(#4401,#4402),(#4403,#4404),(#4405,#4406),(#4407,#4408),(#4409,#4410),
(#4411,#4412),(#4413,#4414),(#4415,#4416),(#4417,#4418),(#4419,#4420),(#4421,
#4422),(#4423,#4424),(#4425,#4426),(#4427,#4428),(#4429,#4430),(#4431,#4432),
(#4433,#4434),(#4435,#4436),(#4437,#4438),(#4439,#4440),(#4441,#4442),(#4443,
#4444),(#4445,#4446),(#4447,#4448),(#4449,#4450),(#4451,#4452),(#4453,#4454),
(#4455,#4456),(#4457,#4458),(#4459,#4460),(#4461,#4462),(#4463,#4464),(#4465,
#4466),(#4467,#4468),(#4469,#4470),(#4471,#4472),(#4473,#4474),(#4475,#4476),
(#4477,#4478),(#4479,#4480),(#4481,#4482),(#4483,#4484),(#4485,#4486),(#4487,
#4488),(#4489,#4490),(#4491,#4492),(#4493,#4494),(#4495,#4496),(#4497,#4498),
(#4499,#4500),(#4501,#4502),(#4503,#4504),(#4505,#4506),(#4507,#4508),(#4509,
#4510),(#4511,#4512),(#4513,#4514),(#4515,#4516),(#4517,#4518),(#4519,#4520)),
 .UNSPECIFIED.,.F.,.F.,.F.)
B_SPLINE_SURFACE_WITH_KNOTS((6,1,1,1,1,1,1,1,1,1,1,1,1,1,1,1,1,1,1,1,1,
1,1,1,1,1,1,1,1,1,1,1,1,1,1,1,1,1,1,1,1,1,1,1,1,1,1,1,1,1,1,1,1,1,1,1,1,
1,1,1,1,1,1,1,1,1,1,1,1,1,6),(2,2),(-1.,-0.985714285714284,-0.97142857142857,
-0.957142857142856,-0.942857142857141,-0.928571428571427,-0.914285714285713,
-0.899999999999999,-0.885714285714284,-0.87142857142857,-0.857142857142856,
-0.842857142857142,-0.828571428571428,-0.814285714285713,-0.799999999999999,
-0.785714285714285,-0.771428571428571,-0.757142857142856,-0.742857142857142,
-0.728571428571428,-0.714285714285714,-0.699999999999999,-0.685714285714285,
-0.671428571428571,-0.657142857142857,-0.642857142857142,-0.628571428571428,
-0.614285714285714,-0.6,-0.585714285714286,-0.571428571428571,-0.557142857142857,
-0.542857142857143,-0.528571428571429,-0.514285714285714,-0.5,-0.485714285714286,
-0.471428571428572,-0.457142857142857,-0.442857142857143,-0.428571428571429,
-0.414285714285714,-0.4,-0.385714285714286,-0.371428571428571,-0.357142857142857,
-0.342857142857143,-0.328571428571429,-0.314285714285714,-0.3,-0.285714285714286,
-0.271428571428571,-0.257142857142857,-0.242857142857143,-0.228571428571429,
-0.214285714285714,-0.2,-0.185714285714286,-0.171428571428571,-0.157142857142857,
-0.142857142857143,-0.128571428571429,-0.114285714285714,-0.1,-0.0857142857142857,
-0.0714285714285714,-0.0571428571428571,-0.0428571428571429,-0.0285714285714286,
-0.0142857142857143,0.),(0.,0.3),.UNSPECIFIED.)
GEOMETRIC_REPRESENTATION_ITEM()
RATIONAL_B_SPLINE_SURFACE(((1.,1.),(1.,1.),(1.,1.),(1.,1.),(1.,1.),(1.,
1.),(1.,1.),(1.,1.),(1.,1.),(1.,1.),(1.,1.),(1.,1.),(1.,1.),(1.,1.),(1.,
1.),(1.,1.),(1.,1.),(1.,1.),(1.,1.),(1.,1.),(1.,1.),(1.,1.),(1.,1.),(1.,
1.),(1.,1.),(1.,1.),(1.,1.),(1.,1.),(1.,1.),(1.,1.),(1.,1.),(1.,1.),(1.,
1.),(1.,1.),(1.,1.),(1.,1.),(1.,1.),(1.,1.),(1.,1.),(1.,1.),(1.,1.),(1.,
1.),(1.,1.),(1.,1.),(1.,1.),(1.,1.),(1.,1.),(1.,1.),(1.,1.),(1.,1.),(1.,
1.),(1.,1.),(1.,1.),(1.,1.),(1.,1.),(1.,1.),(1.,1.),(1.,1.),(1.,1.),(1.,
1.),(1.,1.),(1.,1.),(1.,1.),(1.,1.),(1.,1.),(1.,1.),(1.,1.),(1.,1.),(1.,
1.),(1.,1.),(1.,1.),(1.,1.),(1.,1.),(1.,1.),(1.,1.)))
REPRESENTATION_ITEM('')
SURFACE()
);
#66=(
BOUNDED_SURFACE()
B_SPLINE_SURFACE(5,1,((#4680,#4681),(#4682,#4683),(#4684,#4685),(#4686,
#4687),(#4688,#4689),(#4690,#4691),(#4692,#4693),(#4694,#4695),(#4696,#4697),
(#4698,#4699),(#4700,#4701),(#4702,#4703),(#4704,#4705),(#4706,#4707),(#4708,
#4709),(#4710,#4711),(#4712,#4713),(#4714,#4715),(#4716,#4717),(#4718,#4719),
(#4720,#4721),(#4722,#4723),(#4724,#4725),(#4726,#4727),(#4728,#4729),(#4730,
#4731),(#4732,#4733),(#4734,#4735),(#4736,#4737),(#4738,#4739),(#4740,#4741),
(#4742,#4743),(#4744,#4745),(#4746,#4747),(#4748,#4749),(#4750,#4751),(#4752,
#4753),(#4754,#4755),(#4756,#4757),(#4758,#4759),(#4760,#4761),(#4762,#4763),
(#4764,#4765),(#4766,#4767),(#4768,#4769),(#4770,#4771),(#4772,#4773),(#4774,
#4775),(#4776,#4777),(#4778,#4779),(#4780,#4781),(#4782,#4783),(#4784,#4785),
(#4786,#4787),(#4788,#4789),(#4790,#4791),(#4792,#4793),(#4794,#4795),(#4796,
#4797),(#4798,#4799),(#4800,#4801),(#4802,#4803),(#4804,#4805),(#4806,#4807),
(#4808,#4809),(#4810,#4811),(#4812,#4813),(#4814,#4815),(#4816,#4817),(#4818,
#4819),(#4820,#4821),(#4822,#4823),(#4824,#4825),(#4826,#4827),(#4828,#4829)),
 .UNSPECIFIED.,.F.,.F.,.F.)
B_SPLINE_SURFACE_WITH_KNOTS((6,1,1,1,1,1,1,1,1,1,1,1,1,1,1,1,1,1,1,1,1,
1,1,1,1,1,1,1,1,1,1,1,1,1,1,1,1,1,1,1,1,1,1,1,1,1,1,1,1,1,1,1,1,1,1,1,1,
1,1,1,1,1,1,1,1,1,1,1,1,1,6),(2,2),(0.,0.0142857142857143,0.0285714285714286,
0.0428571428571429,0.0571428571428571,0.0714285714285714,0.0857142857142857,
0.1,0.114285714285714,0.128571428571429,0.142857142857143,0.157142857142857,
0.171428571428571,0.185714285714286,0.2,0.214285714285714,0.228571428571429,
0.242857142857143,0.257142857142857,0.271428571428571,0.285714285714286,
0.3,0.314285714285714,0.328571428571429,0.342857142857143,0.357142857142857,
0.371428571428571,0.385714285714286,0.4,0.414285714285714,0.428571428571429,
0.442857142857143,0.457142857142857,0.471428571428572,0.485714285714286,
0.5,0.514285714285714,0.528571428571429,0.542857142857143,0.557142857142857,
0.571428571428571,0.585714285714286,0.6,0.614285714285714,0.628571428571428,
0.642857142857142,0.657142857142857,0.671428571428571,0.685714285714285,
0.699999999999999,0.714285714285714,0.728571428571428,0.742857142857142,
0.757142857142856,0.771428571428571,0.785714285714285,0.799999999999999,
0.814285714285713,0.828571428571428,0.842857142857142,0.857142857142856,
0.87142857142857,0.885714285714284,0.899999999999999,0.914285714285713,
0.928571428571427,0.942857142857141,0.957142857142856,0.97142857142857,
0.985714285714284,1.),(0.,0.3),.UNSPECIFIED.)
GEOMETRIC_REPRESENTATION_ITEM()
RATIONAL_B_SPLINE_SURFACE(((1.,1.),(1.,1.),(1.,1.),(1.,1.),(1.,1.),(1.,
1.),(1.,1.),(1.,1.),(1.,1.),(1.,1.),(1.,1.),(1.,1.),(1.,1.),(1.,1.),(1.,
1.),(1.,1.),(1.,1.),(1.,1.),(1.,1.),(1.,1.),(1.,1.),(1.,1.),(1.,1.),(1.,
1.),(1.,1.),(1.,1.),(1.,1.),(1.,1.),(1.,1.),(1.,1.),(1.,1.),(1.,1.),(1.,
1.),(1.,1.),(1.,1.),(1.,1.),(1.,1.),(1.,1.),(1.,1.),(1.,1.),(1.,1.),(1.,
1.),(1.,1.),(1.,1.),(1.,1.),(1.,1.),(1.,1.),(1.,1.),(1.,1.),(1.,1.),(1.,
1.),(1.,1.),(1.,1.),(1.,1.),(1.,1.),(1.,1.),(1.,1.),(1.,1.),(1.,1.),(1.,
1.),(1.,1.),(1.,1.),(1.,1.),(1.,1.),(1.,1.),(1.,1.),(1.,1.),(1.,1.),(1.,
1.),(1.,1.),(1.,1.),(1.,1.),(1.,1.),(1.,1.),(1.,1.)))
REPRESENTATION_ITEM('')
SURFACE()
);
#67=(
BOUNDED_SURFACE()
B_SPLINE_SURFACE(5,1,((#4980,#4981),(#4982,#4983),(#4984,#4985),(#4986,
#4987),(#4988,#4989),(#4990,#4991),(#4992,#4993),(#4994,#4995),(#4996,#4997),
(#4998,#4999),(#5000,#5001),(#5002,#5003),(#5004,#5005),(#5006,#5007),(#5008,
#5009),(#5010,#5011),(#5012,#5013),(#5014,#5015),(#5016,#5017),(#5018,#5019),
(#5020,#5021),(#5022,#5023),(#5024,#5025),(#5026,#5027),(#5028,#5029),(#5030,
#5031),(#5032,#5033),(#5034,#5035),(#5036,#5037),(#5038,#5039),(#5040,#5041),
(#5042,#5043),(#5044,#5045),(#5046,#5047),(#5048,#5049),(#5050,#5051),(#5052,
#5053),(#5054,#5055),(#5056,#5057),(#5058,#5059),(#5060,#5061),(#5062,#5063),
(#5064,#5065),(#5066,#5067),(#5068,#5069),(#5070,#5071),(#5072,#5073),(#5074,
#5075),(#5076,#5077),(#5078,#5079),(#5080,#5081),(#5082,#5083),(#5084,#5085),
(#5086,#5087),(#5088,#5089),(#5090,#5091),(#5092,#5093),(#5094,#5095),(#5096,
#5097),(#5098,#5099),(#5100,#5101),(#5102,#5103),(#5104,#5105),(#5106,#5107),
(#5108,#5109),(#5110,#5111),(#5112,#5113),(#5114,#5115),(#5116,#5117),(#5118,
#5119),(#5120,#5121),(#5122,#5123),(#5124,#5125),(#5126,#5127),(#5128,#5129)),
 .UNSPECIFIED.,.F.,.F.,.F.)
B_SPLINE_SURFACE_WITH_KNOTS((6,1,1,1,1,1,1,1,1,1,1,1,1,1,1,1,1,1,1,1,1,
1,1,1,1,1,1,1,1,1,1,1,1,1,1,1,1,1,1,1,1,1,1,1,1,1,1,1,1,1,1,1,1,1,1,1,1,
1,1,1,1,1,1,1,1,1,1,1,1,1,6),(2,2),(-1.,-0.985714285714284,-0.97142857142857,
-0.957142857142856,-0.942857142857141,-0.928571428571427,-0.914285714285713,
-0.899999999999999,-0.885714285714284,-0.87142857142857,-0.857142857142856,
-0.842857142857142,-0.828571428571428,-0.814285714285713,-0.799999999999999,
-0.785714285714285,-0.771428571428571,-0.757142857142856,-0.742857142857142,
-0.728571428571428,-0.714285714285714,-0.699999999999999,-0.685714285714285,
-0.671428571428571,-0.657142857142857,-0.642857142857142,-0.628571428571428,
-0.614285714285714,-0.6,-0.585714285714286,-0.571428571428571,-0.557142857142857,
-0.542857142857143,-0.528571428571429,-0.514285714285714,-0.5,-0.485714285714286,
-0.471428571428572,-0.457142857142857,-0.442857142857143,-0.428571428571429,
-0.414285714285714,-0.4,-0.385714285714286,-0.371428571428571,-0.357142857142857,
-0.342857142857143,-0.328571428571429,-0.314285714285714,-0.3,-0.285714285714286,
-0.271428571428571,-0.257142857142857,-0.242857142857143,-0.228571428571429,
-0.214285714285714,-0.2,-0.185714285714286,-0.171428571428571,-0.157142857142857,
-0.142857142857143,-0.128571428571429,-0.114285714285714,-0.1,-0.0857142857142857,
-0.0714285714285714,-0.0571428571428571,-0.0428571428571429,-0.0285714285714286,
-0.0142857142857143,0.),(0.,0.3),.UNSPECIFIED.)
GEOMETRIC_REPRESENTATION_ITEM()
RATIONAL_B_SPLINE_SURFACE(((1.,1.),(1.,1.),(1.,1.),(1.,1.),(1.,1.),(1.,
1.),(1.,1.),(1.,1.),(1.,1.),(1.,1.),(1.,1.),(1.,1.),(1.,1.),(1.,1.),(1.,
1.),(1.,1.),(1.,1.),(1.,1.),(1.,1.),(1.,1.),(1.,1.),(1.,1.),(1.,1.),(1.,
1.),(1.,1.),(1.,1.),(1.,1.),(1.,1.),(1.,1.),(1.,1.),(1.,1.),(1.,1.),(1.,
1.),(1.,1.),(1.,1.),(1.,1.),(1.,1.),(1.,1.),(1.,1.),(1.,1.),(1.,1.),(1.,
1.),(1.,1.),(1.,1.),(1.,1.),(1.,1.),(1.,1.),(1.,1.),(1.,1.),(1.,1.),(1.,
1.),(1.,1.),(1.,1.),(1.,1.),(1.,1.),(1.,1.),(1.,1.),(1.,1.),(1.,1.),(1.,
1.),(1.,1.),(1.,1.),(1.,1.),(1.,1.),(1.,1.),(1.,1.),(1.,1.),(1.,1.),(1.,
1.),(1.,1.),(1.,1.),(1.,1.),(1.,1.),(1.,1.),(1.,1.)))
REPRESENTATION_ITEM('')
SURFACE()
);
#68=(
BOUNDED_SURFACE()
B_SPLINE_SURFACE(5,1,((#5289,#5290),(#5291,#5292),(#5293,#5294),(#5295,
#5296),(#5297,#5298),(#5299,#5300),(#5301,#5302),(#5303,#5304),(#5305,#5306),
(#5307,#5308),(#5309,#5310),(#5311,#5312),(#5313,#5314),(#5315,#5316),(#5317,
#5318),(#5319,#5320),(#5321,#5322),(#5323,#5324),(#5325,#5326),(#5327,#5328),
(#5329,#5330),(#5331,#5332),(#5333,#5334),(#5335,#5336),(#5337,#5338),(#5339,
#5340),(#5341,#5342),(#5343,#5344),(#5345,#5346),(#5347,#5348),(#5349,#5350),
(#5351,#5352),(#5353,#5354),(#5355,#5356),(#5357,#5358),(#5359,#5360),(#5361,
#5362),(#5363,#5364),(#5365,#5366),(#5367,#5368),(#5369,#5370),(#5371,#5372),
(#5373,#5374),(#5375,#5376),(#5377,#5378),(#5379,#5380),(#5381,#5382),(#5383,
#5384),(#5385,#5386),(#5387,#5388),(#5389,#5390),(#5391,#5392),(#5393,#5394),
(#5395,#5396),(#5397,#5398),(#5399,#5400),(#5401,#5402),(#5403,#5404),(#5405,
#5406),(#5407,#5408),(#5409,#5410),(#5411,#5412),(#5413,#5414),(#5415,#5416),
(#5417,#5418),(#5419,#5420),(#5421,#5422),(#5423,#5424),(#5425,#5426),(#5427,
#5428),(#5429,#5430),(#5431,#5432),(#5433,#5434),(#5435,#5436),(#5437,#5438)),
 .UNSPECIFIED.,.F.,.F.,.F.)
B_SPLINE_SURFACE_WITH_KNOTS((6,1,1,1,1,1,1,1,1,1,1,1,1,1,1,1,1,1,1,1,1,
1,1,1,1,1,1,1,1,1,1,1,1,1,1,1,1,1,1,1,1,1,1,1,1,1,1,1,1,1,1,1,1,1,1,1,1,
1,1,1,1,1,1,1,1,1,1,1,1,1,6),(2,2),(0.,0.0142857142857143,0.0285714285714286,
0.0428571428571429,0.0571428571428571,0.0714285714285714,0.0857142857142857,
0.1,0.114285714285714,0.128571428571429,0.142857142857143,0.157142857142857,
0.171428571428571,0.185714285714286,0.2,0.214285714285714,0.228571428571429,
0.242857142857143,0.257142857142857,0.271428571428571,0.285714285714286,
0.3,0.314285714285714,0.328571428571429,0.342857142857143,0.357142857142857,
0.371428571428571,0.385714285714286,0.4,0.414285714285714,0.428571428571429,
0.442857142857143,0.457142857142857,0.471428571428572,0.485714285714286,
0.5,0.514285714285714,0.528571428571429,0.542857142857143,0.557142857142857,
0.571428571428571,0.585714285714286,0.6,0.614285714285714,0.628571428571428,
0.642857142857142,0.657142857142857,0.671428571428571,0.685714285714285,
0.699999999999999,0.714285714285714,0.728571428571428,0.742857142857142,
0.757142857142856,0.771428571428571,0.785714285714285,0.799999999999999,
0.814285714285713,0.828571428571428,0.842857142857142,0.857142857142856,
0.87142857142857,0.885714285714284,0.899999999999999,0.914285714285713,
0.928571428571427,0.942857142857141,0.957142857142856,0.97142857142857,
0.985714285714284,1.),(0.,0.3),.UNSPECIFIED.)
GEOMETRIC_REPRESENTATION_ITEM()
RATIONAL_B_SPLINE_SURFACE(((1.,1.),(1.,1.),(1.,1.),(1.,1.),(1.,1.),(1.,
1.),(1.,1.),(1.,1.),(1.,1.),(1.,1.),(1.,1.),(1.,1.),(1.,1.),(1.,1.),(1.,
1.),(1.,1.),(1.,1.),(1.,1.),(1.,1.),(1.,1.),(1.,1.),(1.,1.),(1.,1.),(1.,
1.),(1.,1.),(1.,1.),(1.,1.),(1.,1.),(1.,1.),(1.,1.),(1.,1.),(1.,1.),(1.,
1.),(1.,1.),(1.,1.),(1.,1.),(1.,1.),(1.,1.),(1.,1.),(1.,1.),(1.,1.),(1.,
1.),(1.,1.),(1.,1.),(1.,1.),(1.,1.),(1.,1.),(1.,1.),(1.,1.),(1.,1.),(1.,
1.),(1.,1.),(1.,1.),(1.,1.),(1.,1.),(1.,1.),(1.,1.),(1.,1.),(1.,1.),(1.,
1.),(1.,1.),(1.,1.),(1.,1.),(1.,1.),(1.,1.),(1.,1.),(1.,1.),(1.,1.),(1.,
1.),(1.,1.),(1.,1.),(1.,1.),(1.,1.),(1.,1.),(1.,1.)))
REPRESENTATION_ITEM('')
SURFACE()
);
#69=(
BOUNDED_SURFACE()
B_SPLINE_SURFACE(5,1,((#5589,#5590),(#5591,#5592),(#5593,#5594),(#5595,
#5596),(#5597,#5598),(#5599,#5600),(#5601,#5602),(#5603,#5604),(#5605,#5606),
(#5607,#5608),(#5609,#5610),(#5611,#5612),(#5613,#5614),(#5615,#5616),(#5617,
#5618),(#5619,#5620),(#5621,#5622),(#5623,#5624),(#5625,#5626),(#5627,#5628),
(#5629,#5630),(#5631,#5632),(#5633,#5634),(#5635,#5636),(#5637,#5638),(#5639,
#5640),(#5641,#5642),(#5643,#5644),(#5645,#5646),(#5647,#5648),(#5649,#5650),
(#5651,#5652),(#5653,#5654),(#5655,#5656),(#5657,#5658),(#5659,#5660),(#5661,
#5662),(#5663,#5664),(#5665,#5666),(#5667,#5668),(#5669,#5670),(#5671,#5672),
(#5673,#5674),(#5675,#5676),(#5677,#5678),(#5679,#5680),(#5681,#5682),(#5683,
#5684),(#5685,#5686),(#5687,#5688),(#5689,#5690),(#5691,#5692),(#5693,#5694),
(#5695,#5696),(#5697,#5698),(#5699,#5700),(#5701,#5702),(#5703,#5704),(#5705,
#5706),(#5707,#5708),(#5709,#5710),(#5711,#5712),(#5713,#5714),(#5715,#5716),
(#5717,#5718),(#5719,#5720),(#5721,#5722),(#5723,#5724),(#5725,#5726),(#5727,
#5728),(#5729,#5730),(#5731,#5732),(#5733,#5734),(#5735,#5736),(#5737,#5738)),
 .UNSPECIFIED.,.F.,.F.,.F.)
B_SPLINE_SURFACE_WITH_KNOTS((6,1,1,1,1,1,1,1,1,1,1,1,1,1,1,1,1,1,1,1,1,
1,1,1,1,1,1,1,1,1,1,1,1,1,1,1,1,1,1,1,1,1,1,1,1,1,1,1,1,1,1,1,1,1,1,1,1,
1,1,1,1,1,1,1,1,1,1,1,1,1,6),(2,2),(-1.,-0.985714285714284,-0.97142857142857,
-0.957142857142856,-0.942857142857141,-0.928571428571427,-0.914285714285713,
-0.899999999999999,-0.885714285714284,-0.87142857142857,-0.857142857142856,
-0.842857142857142,-0.828571428571428,-0.814285714285713,-0.799999999999999,
-0.785714285714285,-0.771428571428571,-0.757142857142856,-0.742857142857142,
-0.728571428571428,-0.714285714285714,-0.699999999999999,-0.685714285714285,
-0.671428571428571,-0.657142857142857,-0.642857142857142,-0.628571428571428,
-0.614285714285714,-0.6,-0.585714285714286,-0.571428571428571,-0.557142857142857,
-0.542857142857143,-0.528571428571429,-0.514285714285714,-0.5,-0.485714285714286,
-0.471428571428572,-0.457142857142857,-0.442857142857143,-0.428571428571429,
-0.414285714285714,-0.4,-0.385714285714286,-0.371428571428571,-0.357142857142857,
-0.342857142857143,-0.328571428571429,-0.314285714285714,-0.3,-0.285714285714286,
-0.271428571428571,-0.257142857142857,-0.242857142857143,-0.228571428571429,
-0.214285714285714,-0.2,-0.185714285714286,-0.171428571428571,-0.157142857142857,
-0.142857142857143,-0.128571428571429,-0.114285714285714,-0.1,-0.0857142857142857,
-0.0714285714285714,-0.0571428571428571,-0.0428571428571429,-0.0285714285714286,
-0.0142857142857143,0.),(0.,0.3),.UNSPECIFIED.)
GEOMETRIC_REPRESENTATION_ITEM()
RATIONAL_B_SPLINE_SURFACE(((1.,1.),(1.,1.),(1.,1.),(1.,1.),(1.,1.),(1.,
1.),(1.,1.),(1.,1.),(1.,1.),(1.,1.),(1.,1.),(1.,1.),(1.,1.),(1.,1.),(1.,
1.),(1.,1.),(1.,1.),(1.,1.),(1.,1.),(1.,1.),(1.,1.),(1.,1.),(1.,1.),(1.,
1.),(1.,1.),(1.,1.),(1.,1.),(1.,1.),(1.,1.),(1.,1.),(1.,1.),(1.,1.),(1.,
1.),(1.,1.),(1.,1.),(1.,1.),(1.,1.),(1.,1.),(1.,1.),(1.,1.),(1.,1.),(1.,
1.),(1.,1.),(1.,1.),(1.,1.),(1.,1.),(1.,1.),(1.,1.),(1.,1.),(1.,1.),(1.,
1.),(1.,1.),(1.,1.),(1.,1.),(1.,1.),(1.,1.),(1.,1.),(1.,1.),(1.,1.),(1.,
1.),(1.,1.),(1.,1.),(1.,1.),(1.,1.),(1.,1.),(1.,1.),(1.,1.),(1.,1.),(1.,
1.),(1.,1.),(1.,1.),(1.,1.),(1.,1.),(1.,1.),(1.,1.)))
REPRESENTATION_ITEM('')
SURFACE()
);
#70=(
BOUNDED_SURFACE()
B_SPLINE_SURFACE(5,1,((#5898,#5899),(#5900,#5901),(#5902,#5903),(#5904,
#5905),(#5906,#5907),(#5908,#5909),(#5910,#5911),(#5912,#5913),(#5914,#5915),
(#5916,#5917),(#5918,#5919),(#5920,#5921),(#5922,#5923),(#5924,#5925),(#5926,
#5927),(#5928,#5929),(#5930,#5931),(#5932,#5933),(#5934,#5935),(#5936,#5937),
(#5938,#5939),(#5940,#5941),(#5942,#5943),(#5944,#5945),(#5946,#5947),(#5948,
#5949),(#5950,#5951),(#5952,#5953),(#5954,#5955),(#5956,#5957),(#5958,#5959),
(#5960,#5961),(#5962,#5963),(#5964,#5965),(#5966,#5967),(#5968,#5969),(#5970,
#5971),(#5972,#5973),(#5974,#5975),(#5976,#5977),(#5978,#5979),(#5980,#5981),
(#5982,#5983),(#5984,#5985),(#5986,#5987),(#5988,#5989),(#5990,#5991),(#5992,
#5993),(#5994,#5995),(#5996,#5997),(#5998,#5999),(#6000,#6001),(#6002,#6003),
(#6004,#6005),(#6006,#6007),(#6008,#6009),(#6010,#6011),(#6012,#6013),(#6014,
#6015),(#6016,#6017),(#6018,#6019),(#6020,#6021),(#6022,#6023),(#6024,#6025),
(#6026,#6027),(#6028,#6029),(#6030,#6031),(#6032,#6033),(#6034,#6035),(#6036,
#6037),(#6038,#6039),(#6040,#6041),(#6042,#6043),(#6044,#6045),(#6046,#6047)),
 .UNSPECIFIED.,.F.,.F.,.F.)
B_SPLINE_SURFACE_WITH_KNOTS((6,1,1,1,1,1,1,1,1,1,1,1,1,1,1,1,1,1,1,1,1,
1,1,1,1,1,1,1,1,1,1,1,1,1,1,1,1,1,1,1,1,1,1,1,1,1,1,1,1,1,1,1,1,1,1,1,1,
1,1,1,1,1,1,1,1,1,1,1,1,1,6),(2,2),(0.,0.0142857142857143,0.0285714285714286,
0.0428571428571429,0.0571428571428571,0.0714285714285714,0.0857142857142857,
0.1,0.114285714285714,0.128571428571429,0.142857142857143,0.157142857142857,
0.171428571428571,0.185714285714286,0.2,0.214285714285714,0.228571428571429,
0.242857142857143,0.257142857142857,0.271428571428571,0.285714285714286,
0.3,0.314285714285714,0.328571428571429,0.342857142857143,0.357142857142857,
0.371428571428571,0.385714285714286,0.4,0.414285714285714,0.428571428571429,
0.442857142857143,0.457142857142857,0.471428571428572,0.485714285714286,
0.5,0.514285714285714,0.528571428571429,0.542857142857143,0.557142857142857,
0.571428571428571,0.585714285714286,0.6,0.614285714285714,0.628571428571428,
0.642857142857142,0.657142857142857,0.671428571428571,0.685714285714285,
0.699999999999999,0.714285714285714,0.728571428571428,0.742857142857142,
0.757142857142856,0.771428571428571,0.785714285714285,0.799999999999999,
0.814285714285713,0.828571428571428,0.842857142857142,0.857142857142856,
0.87142857142857,0.885714285714284,0.899999999999999,0.914285714285713,
0.928571428571427,0.942857142857141,0.957142857142856,0.97142857142857,
0.985714285714284,1.),(0.,0.3),.UNSPECIFIED.)
GEOMETRIC_REPRESENTATION_ITEM()
RATIONAL_B_SPLINE_SURFACE(((1.,1.),(1.,1.),(1.,1.),(1.,1.),(1.,1.),(1.,
1.),(1.,1.),(1.,1.),(1.,1.),(1.,1.),(1.,1.),(1.,1.),(1.,1.),(1.,1.),(1.,
1.),(1.,1.),(1.,1.),(1.,1.),(1.,1.),(1.,1.),(1.,1.),(1.,1.),(1.,1.),(1.,
1.),(1.,1.),(1.,1.),(1.,1.),(1.,1.),(1.,1.),(1.,1.),(1.,1.),(1.,1.),(1.,
1.),(1.,1.),(1.,1.),(1.,1.),(1.,1.),(1.,1.),(1.,1.),(1.,1.),(1.,1.),(1.,
1.),(1.,1.),(1.,1.),(1.,1.),(1.,1.),(1.,1.),(1.,1.),(1.,1.),(1.,1.),(1.,
1.),(1.,1.),(1.,1.),(1.,1.),(1.,1.),(1.,1.),(1.,1.),(1.,1.),(1.,1.),(1.,
1.),(1.,1.),(1.,1.),(1.,1.),(1.,1.),(1.,1.),(1.,1.),(1.,1.),(1.,1.),(1.,
1.),(1.,1.),(1.,1.),(1.,1.),(1.,1.),(1.,1.),(1.,1.)))
REPRESENTATION_ITEM('')
SURFACE()
);
#71=(
BOUNDED_SURFACE()
B_SPLINE_SURFACE(5,1,((#6198,#6199),(#6200,#6201),(#6202,#6203),(#6204,
#6205),(#6206,#6207),(#6208,#6209),(#6210,#6211),(#6212,#6213),(#6214,#6215),
(#6216,#6217),(#6218,#6219),(#6220,#6221),(#6222,#6223),(#6224,#6225),(#6226,
#6227),(#6228,#6229),(#6230,#6231),(#6232,#6233),(#6234,#6235),(#6236,#6237),
(#6238,#6239),(#6240,#6241),(#6242,#6243),(#6244,#6245),(#6246,#6247),(#6248,
#6249),(#6250,#6251),(#6252,#6253),(#6254,#6255),(#6256,#6257),(#6258,#6259),
(#6260,#6261),(#6262,#6263),(#6264,#6265),(#6266,#6267),(#6268,#6269),(#6270,
#6271),(#6272,#6273),(#6274,#6275),(#6276,#6277),(#6278,#6279),(#6280,#6281),
(#6282,#6283),(#6284,#6285),(#6286,#6287),(#6288,#6289),(#6290,#6291),(#6292,
#6293),(#6294,#6295),(#6296,#6297),(#6298,#6299),(#6300,#6301),(#6302,#6303),
(#6304,#6305),(#6306,#6307),(#6308,#6309),(#6310,#6311),(#6312,#6313),(#6314,
#6315),(#6316,#6317),(#6318,#6319),(#6320,#6321),(#6322,#6323),(#6324,#6325),
(#6326,#6327),(#6328,#6329),(#6330,#6331),(#6332,#6333),(#6334,#6335),(#6336,
#6337),(#6338,#6339),(#6340,#6341),(#6342,#6343),(#6344,#6345),(#6346,#6347)),
 .UNSPECIFIED.,.F.,.F.,.F.)
B_SPLINE_SURFACE_WITH_KNOTS((6,1,1,1,1,1,1,1,1,1,1,1,1,1,1,1,1,1,1,1,1,
1,1,1,1,1,1,1,1,1,1,1,1,1,1,1,1,1,1,1,1,1,1,1,1,1,1,1,1,1,1,1,1,1,1,1,1,
1,1,1,1,1,1,1,1,1,1,1,1,1,6),(2,2),(-1.,-0.985714285714284,-0.97142857142857,
-0.957142857142856,-0.942857142857141,-0.928571428571427,-0.914285714285713,
-0.899999999999999,-0.885714285714284,-0.87142857142857,-0.857142857142856,
-0.842857142857142,-0.828571428571428,-0.814285714285713,-0.799999999999999,
-0.785714285714285,-0.771428571428571,-0.757142857142856,-0.742857142857142,
-0.728571428571428,-0.714285714285714,-0.699999999999999,-0.685714285714285,
-0.671428571428571,-0.657142857142857,-0.642857142857142,-0.628571428571428,
-0.614285714285714,-0.6,-0.585714285714286,-0.571428571428571,-0.557142857142857,
-0.542857142857143,-0.528571428571429,-0.514285714285714,-0.5,-0.485714285714286,
-0.471428571428572,-0.457142857142857,-0.442857142857143,-0.428571428571429,
-0.414285714285714,-0.4,-0.385714285714286,-0.371428571428571,-0.357142857142857,
-0.342857142857143,-0.328571428571429,-0.314285714285714,-0.3,-0.285714285714286,
-0.271428571428571,-0.257142857142857,-0.242857142857143,-0.228571428571429,
-0.214285714285714,-0.2,-0.185714285714286,-0.171428571428571,-0.157142857142857,
-0.142857142857143,-0.128571428571429,-0.114285714285714,-0.1,-0.0857142857142857,
-0.0714285714285714,-0.0571428571428571,-0.0428571428571429,-0.0285714285714286,
-0.0142857142857143,0.),(0.,0.3),.UNSPECIFIED.)
GEOMETRIC_REPRESENTATION_ITEM()
RATIONAL_B_SPLINE_SURFACE(((1.,1.),(1.,1.),(1.,1.),(1.,1.),(1.,1.),(1.,
1.),(1.,1.),(1.,1.),(1.,1.),(1.,1.),(1.,1.),(1.,1.),(1.,1.),(1.,1.),(1.,
1.),(1.,1.),(1.,1.),(1.,1.),(1.,1.),(1.,1.),(1.,1.),(1.,1.),(1.,1.),(1.,
1.),(1.,1.),(1.,1.),(1.,1.),(1.,1.),(1.,1.),(1.,1.),(1.,1.),(1.,1.),(1.,
1.),(1.,1.),(1.,1.),(1.,1.),(1.,1.),(1.,1.),(1.,1.),(1.,1.),(1.,1.),(1.,
1.),(1.,1.),(1.,1.),(1.,1.),(1.,1.),(1.,1.),(1.,1.),(1.,1.),(1.,1.),(1.,
1.),(1.,1.),(1.,1.),(1.,1.),(1.,1.),(1.,1.),(1.,1.),(1.,1.),(1.,1.),(1.,
1.),(1.,1.),(1.,1.),(1.,1.),(1.,1.),(1.,1.),(1.,1.),(1.,1.),(1.,1.),(1.,
1.),(1.,1.),(1.,1.),(1.,1.),(1.,1.),(1.,1.),(1.,1.)))
REPRESENTATION_ITEM('')
SURFACE()
);
#72=(
BOUNDED_SURFACE()
B_SPLINE_SURFACE(5,1,((#6507,#6508),(#6509,#6510),(#6511,#6512),(#6513,
#6514),(#6515,#6516),(#6517,#6518),(#6519,#6520),(#6521,#6522),(#6523,#6524),
(#6525,#6526),(#6527,#6528),(#6529,#6530),(#6531,#6532),(#6533,#6534),(#6535,
#6536),(#6537,#6538),(#6539,#6540),(#6541,#6542),(#6543,#6544),(#6545,#6546),
(#6547,#6548),(#6549,#6550),(#6551,#6552),(#6553,#6554),(#6555,#6556),(#6557,
#6558),(#6559,#6560),(#6561,#6562),(#6563,#6564),(#6565,#6566),(#6567,#6568),
(#6569,#6570),(#6571,#6572),(#6573,#6574),(#6575,#6576),(#6577,#6578),(#6579,
#6580),(#6581,#6582),(#6583,#6584),(#6585,#6586),(#6587,#6588),(#6589,#6590),
(#6591,#6592),(#6593,#6594),(#6595,#6596),(#6597,#6598),(#6599,#6600),(#6601,
#6602),(#6603,#6604),(#6605,#6606),(#6607,#6608),(#6609,#6610),(#6611,#6612),
(#6613,#6614),(#6615,#6616),(#6617,#6618),(#6619,#6620),(#6621,#6622),(#6623,
#6624),(#6625,#6626),(#6627,#6628),(#6629,#6630),(#6631,#6632),(#6633,#6634),
(#6635,#6636),(#6637,#6638),(#6639,#6640),(#6641,#6642),(#6643,#6644),(#6645,
#6646),(#6647,#6648),(#6649,#6650),(#6651,#6652),(#6653,#6654),(#6655,#6656)),
 .UNSPECIFIED.,.F.,.F.,.F.)
B_SPLINE_SURFACE_WITH_KNOTS((6,1,1,1,1,1,1,1,1,1,1,1,1,1,1,1,1,1,1,1,1,
1,1,1,1,1,1,1,1,1,1,1,1,1,1,1,1,1,1,1,1,1,1,1,1,1,1,1,1,1,1,1,1,1,1,1,1,
1,1,1,1,1,1,1,1,1,1,1,1,1,6),(2,2),(0.,0.0142857142857143,0.0285714285714286,
0.0428571428571429,0.0571428571428571,0.0714285714285714,0.0857142857142857,
0.1,0.114285714285714,0.128571428571429,0.142857142857143,0.157142857142857,
0.171428571428571,0.185714285714286,0.2,0.214285714285714,0.228571428571429,
0.242857142857143,0.257142857142857,0.271428571428571,0.285714285714286,
0.3,0.314285714285714,0.328571428571429,0.342857142857143,0.357142857142857,
0.371428571428571,0.385714285714286,0.4,0.414285714285714,0.428571428571429,
0.442857142857143,0.457142857142857,0.471428571428572,0.485714285714286,
0.5,0.514285714285714,0.528571428571429,0.542857142857143,0.557142857142857,
0.571428571428571,0.585714285714286,0.6,0.614285714285714,0.628571428571428,
0.642857142857142,0.657142857142857,0.671428571428571,0.685714285714285,
0.699999999999999,0.714285714285714,0.728571428571428,0.742857142857142,
0.757142857142856,0.771428571428571,0.785714285714285,0.799999999999999,
0.814285714285713,0.828571428571428,0.842857142857142,0.857142857142856,
0.87142857142857,0.885714285714284,0.899999999999999,0.914285714285713,
0.928571428571427,0.942857142857141,0.957142857142856,0.97142857142857,
0.985714285714284,1.),(0.,0.3),.UNSPECIFIED.)
GEOMETRIC_REPRESENTATION_ITEM()
RATIONAL_B_SPLINE_SURFACE(((1.,1.),(1.,1.),(1.,1.),(1.,1.),(1.,1.),(1.,
1.),(1.,1.),(1.,1.),(1.,1.),(1.,1.),(1.,1.),(1.,1.),(1.,1.),(1.,1.),(1.,
1.),(1.,1.),(1.,1.),(1.,1.),(1.,1.),(1.,1.),(1.,1.),(1.,1.),(1.,1.),(1.,
1.),(1.,1.),(1.,1.),(1.,1.),(1.,1.),(1.,1.),(1.,1.),(1.,1.),(1.,1.),(1.,
1.),(1.,1.),(1.,1.),(1.,1.),(1.,1.),(1.,1.),(1.,1.),(1.,1.),(1.,1.),(1.,
1.),(1.,1.),(1.,1.),(1.,1.),(1.,1.),(1.,1.),(1.,1.),(1.,1.),(1.,1.),(1.,
1.),(1.,1.),(1.,1.),(1.,1.),(1.,1.),(1.,1.),(1.,1.),(1.,1.),(1.,1.),(1.,
1.),(1.,1.),(1.,1.),(1.,1.),(1.,1.),(1.,1.),(1.,1.),(1.,1.),(1.,1.),(1.,
1.),(1.,1.),(1.,1.),(1.,1.),(1.,1.),(1.,1.),(1.,1.)))
REPRESENTATION_ITEM('')
SURFACE()
);
#73=(
BOUNDED_SURFACE()
B_SPLINE_SURFACE(5,1,((#6807,#6808),(#6809,#6810),(#6811,#6812),(#6813,
#6814),(#6815,#6816),(#6817,#6818),(#6819,#6820),(#6821,#6822),(#6823,#6824),
(#6825,#6826),(#6827,#6828),(#6829,#6830),(#6831,#6832),(#6833,#6834),(#6835,
#6836),(#6837,#6838),(#6839,#6840),(#6841,#6842),(#6843,#6844),(#6845,#6846),
(#6847,#6848),(#6849,#6850),(#6851,#6852),(#6853,#6854),(#6855,#6856),(#6857,
#6858),(#6859,#6860),(#6861,#6862),(#6863,#6864),(#6865,#6866),(#6867,#6868),
(#6869,#6870),(#6871,#6872),(#6873,#6874),(#6875,#6876),(#6877,#6878),(#6879,
#6880),(#6881,#6882),(#6883,#6884),(#6885,#6886),(#6887,#6888),(#6889,#6890),
(#6891,#6892),(#6893,#6894),(#6895,#6896),(#6897,#6898),(#6899,#6900),(#6901,
#6902),(#6903,#6904),(#6905,#6906),(#6907,#6908),(#6909,#6910),(#6911,#6912),
(#6913,#6914),(#6915,#6916),(#6917,#6918),(#6919,#6920),(#6921,#6922),(#6923,
#6924),(#6925,#6926),(#6927,#6928),(#6929,#6930),(#6931,#6932),(#6933,#6934),
(#6935,#6936),(#6937,#6938),(#6939,#6940),(#6941,#6942),(#6943,#6944),(#6945,
#6946),(#6947,#6948),(#6949,#6950),(#6951,#6952),(#6953,#6954),(#6955,#6956)),
 .UNSPECIFIED.,.F.,.F.,.F.)
B_SPLINE_SURFACE_WITH_KNOTS((6,1,1,1,1,1,1,1,1,1,1,1,1,1,1,1,1,1,1,1,1,
1,1,1,1,1,1,1,1,1,1,1,1,1,1,1,1,1,1,1,1,1,1,1,1,1,1,1,1,1,1,1,1,1,1,1,1,
1,1,1,1,1,1,1,1,1,1,1,1,1,6),(2,2),(-1.,-0.985714285714284,-0.97142857142857,
-0.957142857142856,-0.942857142857141,-0.928571428571427,-0.914285714285713,
-0.899999999999999,-0.885714285714284,-0.87142857142857,-0.857142857142856,
-0.842857142857142,-0.828571428571428,-0.814285714285713,-0.799999999999999,
-0.785714285714285,-0.771428571428571,-0.757142857142856,-0.742857142857142,
-0.728571428571428,-0.714285714285714,-0.699999999999999,-0.685714285714285,
-0.671428571428571,-0.657142857142857,-0.642857142857142,-0.628571428571428,
-0.614285714285714,-0.6,-0.585714285714286,-0.571428571428571,-0.557142857142857,
-0.542857142857143,-0.528571428571429,-0.514285714285714,-0.5,-0.485714285714286,
-0.471428571428572,-0.457142857142857,-0.442857142857143,-0.428571428571429,
-0.414285714285714,-0.4,-0.385714285714286,-0.371428571428571,-0.357142857142857,
-0.342857142857143,-0.328571428571429,-0.314285714285714,-0.3,-0.285714285714286,
-0.271428571428571,-0.257142857142857,-0.242857142857143,-0.228571428571429,
-0.214285714285714,-0.2,-0.185714285714286,-0.171428571428571,-0.157142857142857,
-0.142857142857143,-0.128571428571429,-0.114285714285714,-0.1,-0.0857142857142857,
-0.0714285714285714,-0.0571428571428571,-0.0428571428571429,-0.0285714285714286,
-0.0142857142857143,0.),(0.,0.3),.UNSPECIFIED.)
GEOMETRIC_REPRESENTATION_ITEM()
RATIONAL_B_SPLINE_SURFACE(((1.,1.),(1.,1.),(1.,1.),(1.,1.),(1.,1.),(1.,
1.),(1.,1.),(1.,1.),(1.,1.),(1.,1.),(1.,1.),(1.,1.),(1.,1.),(1.,1.),(1.,
1.),(1.,1.),(1.,1.),(1.,1.),(1.,1.),(1.,1.),(1.,1.),(1.,1.),(1.,1.),(1.,
1.),(1.,1.),(1.,1.),(1.,1.),(1.,1.),(1.,1.),(1.,1.),(1.,1.),(1.,1.),(1.,
1.),(1.,1.),(1.,1.),(1.,1.),(1.,1.),(1.,1.),(1.,1.),(1.,1.),(1.,1.),(1.,
1.),(1.,1.),(1.,1.),(1.,1.),(1.,1.),(1.,1.),(1.,1.),(1.,1.),(1.,1.),(1.,
1.),(1.,1.),(1.,1.),(1.,1.),(1.,1.),(1.,1.),(1.,1.),(1.,1.),(1.,1.),(1.,
1.),(1.,1.),(1.,1.),(1.,1.),(1.,1.),(1.,1.),(1.,1.),(1.,1.),(1.,1.),(1.,
1.),(1.,1.),(1.,1.),(1.,1.),(1.,1.),(1.,1.),(1.,1.)))
REPRESENTATION_ITEM('')
SURFACE()
);
#74=(
BOUNDED_SURFACE()
B_SPLINE_SURFACE(5,1,((#7116,#7117),(#7118,#7119),(#7120,#7121),(#7122,
#7123),(#7124,#7125),(#7126,#7127),(#7128,#7129),(#7130,#7131),(#7132,#7133),
(#7134,#7135),(#7136,#7137),(#7138,#7139),(#7140,#7141),(#7142,#7143),(#7144,
#7145),(#7146,#7147),(#7148,#7149),(#7150,#7151),(#7152,#7153),(#7154,#7155),
(#7156,#7157),(#7158,#7159),(#7160,#7161),(#7162,#7163),(#7164,#7165),(#7166,
#7167),(#7168,#7169),(#7170,#7171),(#7172,#7173),(#7174,#7175),(#7176,#7177),
(#7178,#7179),(#7180,#7181),(#7182,#7183),(#7184,#7185),(#7186,#7187),(#7188,
#7189),(#7190,#7191),(#7192,#7193),(#7194,#7195),(#7196,#7197),(#7198,#7199),
(#7200,#7201),(#7202,#7203),(#7204,#7205),(#7206,#7207),(#7208,#7209),(#7210,
#7211),(#7212,#7213),(#7214,#7215),(#7216,#7217),(#7218,#7219),(#7220,#7221),
(#7222,#7223),(#7224,#7225),(#7226,#7227),(#7228,#7229),(#7230,#7231),(#7232,
#7233),(#7234,#7235),(#7236,#7237),(#7238,#7239),(#7240,#7241),(#7242,#7243),
(#7244,#7245),(#7246,#7247),(#7248,#7249),(#7250,#7251),(#7252,#7253),(#7254,
#7255),(#7256,#7257),(#7258,#7259),(#7260,#7261),(#7262,#7263),(#7264,#7265)),
 .UNSPECIFIED.,.F.,.F.,.F.)
B_SPLINE_SURFACE_WITH_KNOTS((6,1,1,1,1,1,1,1,1,1,1,1,1,1,1,1,1,1,1,1,1,
1,1,1,1,1,1,1,1,1,1,1,1,1,1,1,1,1,1,1,1,1,1,1,1,1,1,1,1,1,1,1,1,1,1,1,1,
1,1,1,1,1,1,1,1,1,1,1,1,1,6),(2,2),(0.,0.0142857142857143,0.0285714285714286,
0.0428571428571429,0.0571428571428571,0.0714285714285714,0.0857142857142857,
0.1,0.114285714285714,0.128571428571429,0.142857142857143,0.157142857142857,
0.171428571428571,0.185714285714286,0.2,0.214285714285714,0.228571428571429,
0.242857142857143,0.257142857142857,0.271428571428571,0.285714285714286,
0.3,0.314285714285714,0.328571428571429,0.342857142857143,0.357142857142857,
0.371428571428571,0.385714285714286,0.4,0.414285714285714,0.428571428571429,
0.442857142857143,0.457142857142857,0.471428571428572,0.485714285714286,
0.5,0.514285714285714,0.528571428571429,0.542857142857143,0.557142857142857,
0.571428571428571,0.585714285714286,0.6,0.614285714285714,0.628571428571428,
0.642857142857142,0.657142857142857,0.671428571428571,0.685714285714285,
0.699999999999999,0.714285714285714,0.728571428571428,0.742857142857142,
0.757142857142856,0.771428571428571,0.785714285714285,0.799999999999999,
0.814285714285713,0.828571428571428,0.842857142857142,0.857142857142856,
0.87142857142857,0.885714285714284,0.899999999999999,0.914285714285713,
0.928571428571427,0.942857142857141,0.957142857142856,0.97142857142857,
0.985714285714284,1.),(0.,0.3),.UNSPECIFIED.)
GEOMETRIC_REPRESENTATION_ITEM()
RATIONAL_B_SPLINE_SURFACE(((1.,1.),(1.,1.),(1.,1.),(1.,1.),(1.,1.),(1.,
1.),(1.,1.),(1.,1.),(1.,1.),(1.,1.),(1.,1.),(1.,1.),(1.,1.),(1.,1.),(1.,
1.),(1.,1.),(1.,1.),(1.,1.),(1.,1.),(1.,1.),(1.,1.),(1.,1.),(1.,1.),(1.,
1.),(1.,1.),(1.,1.),(1.,1.),(1.,1.),(1.,1.),(1.,1.),(1.,1.),(1.,1.),(1.,
1.),(1.,1.),(1.,1.),(1.,1.),(1.,1.),(1.,1.),(1.,1.),(1.,1.),(1.,1.),(1.,
1.),(1.,1.),(1.,1.),(1.,1.),(1.,1.),(1.,1.),(1.,1.),(1.,1.),(1.,1.),(1.,
1.),(1.,1.),(1.,1.),(1.,1.),(1.,1.),(1.,1.),(1.,1.),(1.,1.),(1.,1.),(1.,
1.),(1.,1.),(1.,1.),(1.,1.),(1.,1.),(1.,1.),(1.,1.),(1.,1.),(1.,1.),(1.,
1.),(1.,1.),(1.,1.),(1.,1.),(1.,1.),(1.,1.),(1.,1.)))
REPRESENTATION_ITEM('')
SURFACE()
);
#75=(
BOUNDED_SURFACE()
B_SPLINE_SURFACE(5,1,((#7416,#7417),(#7418,#7419),(#7420,#7421),(#7422,
#7423),(#7424,#7425),(#7426,#7427),(#7428,#7429),(#7430,#7431),(#7432,#7433),
(#7434,#7435),(#7436,#7437),(#7438,#7439),(#7440,#7441),(#7442,#7443),(#7444,
#7445),(#7446,#7447),(#7448,#7449),(#7450,#7451),(#7452,#7453),(#7454,#7455),
(#7456,#7457),(#7458,#7459),(#7460,#7461),(#7462,#7463),(#7464,#7465),(#7466,
#7467),(#7468,#7469),(#7470,#7471),(#7472,#7473),(#7474,#7475),(#7476,#7477),
(#7478,#7479),(#7480,#7481),(#7482,#7483),(#7484,#7485),(#7486,#7487),(#7488,
#7489),(#7490,#7491),(#7492,#7493),(#7494,#7495),(#7496,#7497),(#7498,#7499),
(#7500,#7501),(#7502,#7503),(#7504,#7505),(#7506,#7507),(#7508,#7509),(#7510,
#7511),(#7512,#7513),(#7514,#7515),(#7516,#7517),(#7518,#7519),(#7520,#7521),
(#7522,#7523),(#7524,#7525),(#7526,#7527),(#7528,#7529),(#7530,#7531),(#7532,
#7533),(#7534,#7535),(#7536,#7537),(#7538,#7539),(#7540,#7541),(#7542,#7543),
(#7544,#7545),(#7546,#7547),(#7548,#7549),(#7550,#7551),(#7552,#7553),(#7554,
#7555),(#7556,#7557),(#7558,#7559),(#7560,#7561),(#7562,#7563),(#7564,#7565)),
 .UNSPECIFIED.,.F.,.F.,.F.)
B_SPLINE_SURFACE_WITH_KNOTS((6,1,1,1,1,1,1,1,1,1,1,1,1,1,1,1,1,1,1,1,1,
1,1,1,1,1,1,1,1,1,1,1,1,1,1,1,1,1,1,1,1,1,1,1,1,1,1,1,1,1,1,1,1,1,1,1,1,
1,1,1,1,1,1,1,1,1,1,1,1,1,6),(2,2),(-1.,-0.985714285714284,-0.97142857142857,
-0.957142857142856,-0.942857142857141,-0.928571428571427,-0.914285714285713,
-0.899999999999999,-0.885714285714284,-0.87142857142857,-0.857142857142856,
-0.842857142857142,-0.828571428571428,-0.814285714285713,-0.799999999999999,
-0.785714285714285,-0.771428571428571,-0.757142857142856,-0.742857142857142,
-0.728571428571428,-0.714285714285714,-0.699999999999999,-0.685714285714285,
-0.671428571428571,-0.657142857142857,-0.642857142857142,-0.628571428571428,
-0.614285714285714,-0.6,-0.585714285714286,-0.571428571428571,-0.557142857142857,
-0.542857142857143,-0.528571428571429,-0.514285714285714,-0.5,-0.485714285714286,
-0.471428571428572,-0.457142857142857,-0.442857142857143,-0.428571428571429,
-0.414285714285714,-0.4,-0.385714285714286,-0.371428571428571,-0.357142857142857,
-0.342857142857143,-0.328571428571429,-0.314285714285714,-0.3,-0.285714285714286,
-0.271428571428571,-0.257142857142857,-0.242857142857143,-0.228571428571429,
-0.214285714285714,-0.2,-0.185714285714286,-0.171428571428571,-0.157142857142857,
-0.142857142857143,-0.128571428571429,-0.114285714285714,-0.1,-0.0857142857142857,
-0.0714285714285714,-0.0571428571428571,-0.0428571428571429,-0.0285714285714286,
-0.0142857142857143,0.),(0.,0.3),.UNSPECIFIED.)
GEOMETRIC_REPRESENTATION_ITEM()
RATIONAL_B_SPLINE_SURFACE(((1.,1.),(1.,1.),(1.,1.),(1.,1.),(1.,1.),(1.,
1.),(1.,1.),(1.,1.),(1.,1.),(1.,1.),(1.,1.),(1.,1.),(1.,1.),(1.,1.),(1.,
1.),(1.,1.),(1.,1.),(1.,1.),(1.,1.),(1.,1.),(1.,1.),(1.,1.),(1.,1.),(1.,
1.),(1.,1.),(1.,1.),(1.,1.),(1.,1.),(1.,1.),(1.,1.),(1.,1.),(1.,1.),(1.,
1.),(1.,1.),(1.,1.),(1.,1.),(1.,1.),(1.,1.),(1.,1.),(1.,1.),(1.,1.),(1.,
1.),(1.,1.),(1.,1.),(1.,1.),(1.,1.),(1.,1.),(1.,1.),(1.,1.),(1.,1.),(1.,
1.),(1.,1.),(1.,1.),(1.,1.),(1.,1.),(1.,1.),(1.,1.),(1.,1.),(1.,1.),(1.,
1.),(1.,1.),(1.,1.),(1.,1.),(1.,1.),(1.,1.),(1.,1.),(1.,1.),(1.,1.),(1.,
1.),(1.,1.),(1.,1.),(1.,1.),(1.,1.),(1.,1.),(1.,1.)))
REPRESENTATION_ITEM('')
SURFACE()
);
#76=(
BOUNDED_SURFACE()
B_SPLINE_SURFACE(5,1,((#7725,#7726),(#7727,#7728),(#7729,#7730),(#7731,
#7732),(#7733,#7734),(#7735,#7736),(#7737,#7738),(#7739,#7740),(#7741,#7742),
(#7743,#7744),(#7745,#7746),(#7747,#7748),(#7749,#7750),(#7751,#7752),(#7753,
#7754),(#7755,#7756),(#7757,#7758),(#7759,#7760),(#7761,#7762),(#7763,#7764),
(#7765,#7766),(#7767,#7768),(#7769,#7770),(#7771,#7772),(#7773,#7774),(#7775,
#7776),(#7777,#7778),(#7779,#7780),(#7781,#7782),(#7783,#7784),(#7785,#7786),
(#7787,#7788),(#7789,#7790),(#7791,#7792),(#7793,#7794),(#7795,#7796),(#7797,
#7798),(#7799,#7800),(#7801,#7802),(#7803,#7804),(#7805,#7806),(#7807,#7808),
(#7809,#7810),(#7811,#7812),(#7813,#7814),(#7815,#7816),(#7817,#7818),(#7819,
#7820),(#7821,#7822),(#7823,#7824),(#7825,#7826),(#7827,#7828),(#7829,#7830),
(#7831,#7832),(#7833,#7834),(#7835,#7836),(#7837,#7838),(#7839,#7840),(#7841,
#7842),(#7843,#7844),(#7845,#7846),(#7847,#7848),(#7849,#7850),(#7851,#7852),
(#7853,#7854),(#7855,#7856),(#7857,#7858),(#7859,#7860),(#7861,#7862),(#7863,
#7864),(#7865,#7866),(#7867,#7868),(#7869,#7870),(#7871,#7872),(#7873,#7874)),
 .UNSPECIFIED.,.F.,.F.,.F.)
B_SPLINE_SURFACE_WITH_KNOTS((6,1,1,1,1,1,1,1,1,1,1,1,1,1,1,1,1,1,1,1,1,
1,1,1,1,1,1,1,1,1,1,1,1,1,1,1,1,1,1,1,1,1,1,1,1,1,1,1,1,1,1,1,1,1,1,1,1,
1,1,1,1,1,1,1,1,1,1,1,1,1,6),(2,2),(0.,0.0142857142857143,0.0285714285714286,
0.0428571428571429,0.0571428571428571,0.0714285714285714,0.0857142857142857,
0.1,0.114285714285714,0.128571428571429,0.142857142857143,0.157142857142857,
0.171428571428571,0.185714285714286,0.2,0.214285714285714,0.228571428571429,
0.242857142857143,0.257142857142857,0.271428571428571,0.285714285714286,
0.3,0.314285714285714,0.328571428571429,0.342857142857143,0.357142857142857,
0.371428571428571,0.385714285714286,0.4,0.414285714285714,0.428571428571429,
0.442857142857143,0.457142857142857,0.471428571428572,0.485714285714286,
0.5,0.514285714285714,0.528571428571429,0.542857142857143,0.557142857142857,
0.571428571428571,0.585714285714286,0.6,0.614285714285714,0.628571428571428,
0.642857142857142,0.657142857142857,0.671428571428571,0.685714285714285,
0.699999999999999,0.714285714285714,0.728571428571428,0.742857142857142,
0.757142857142856,0.771428571428571,0.785714285714285,0.799999999999999,
0.814285714285713,0.828571428571428,0.842857142857142,0.857142857142856,
0.87142857142857,0.885714285714284,0.899999999999999,0.914285714285713,
0.928571428571427,0.942857142857141,0.957142857142856,0.97142857142857,
0.985714285714284,1.),(0.,0.3),.UNSPECIFIED.)
GEOMETRIC_REPRESENTATION_ITEM()
RATIONAL_B_SPLINE_SURFACE(((1.,1.),(1.,1.),(1.,1.),(1.,1.),(1.,1.),(1.,
1.),(1.,1.),(1.,1.),(1.,1.),(1.,1.),(1.,1.),(1.,1.),(1.,1.),(1.,1.),(1.,
1.),(1.,1.),(1.,1.),(1.,1.),(1.,1.),(1.,1.),(1.,1.),(1.,1.),(1.,1.),(1.,
1.),(1.,1.),(1.,1.),(1.,1.),(1.,1.),(1.,1.),(1.,1.),(1.,1.),(1.,1.),(1.,
1.),(1.,1.),(1.,1.),(1.,1.),(1.,1.),(1.,1.),(1.,1.),(1.,1.),(1.,1.),(1.,
1.),(1.,1.),(1.,1.),(1.,1.),(1.,1.),(1.,1.),(1.,1.),(1.,1.),(1.,1.),(1.,
1.),(1.,1.),(1.,1.),(1.,1.),(1.,1.),(1.,1.),(1.,1.),(1.,1.),(1.,1.),(1.,
1.),(1.,1.),(1.,1.),(1.,1.),(1.,1.),(1.,1.),(1.,1.),(1.,1.),(1.,1.),(1.,
1.),(1.,1.),(1.,1.),(1.,1.),(1.,1.),(1.,1.),(1.,1.)))
REPRESENTATION_ITEM('')
SURFACE()
);
#77=(
BOUNDED_SURFACE()
B_SPLINE_SURFACE(5,1,((#8237,#8238),(#8239,#8240),(#8241,#8242),(#8243,
#8244),(#8245,#8246),(#8247,#8248),(#8249,#8250),(#8251,#8252),(#8253,#8254),
(#8255,#8256),(#8257,#8258),(#8259,#8260),(#8261,#8262),(#8263,#8264),(#8265,
#8266),(#8267,#8268),(#8269,#8270),(#8271,#8272),(#8273,#8274),(#8275,#8276),
(#8277,#8278),(#8279,#8280),(#8281,#8282),(#8283,#8284),(#8285,#8286),(#8287,
#8288),(#8289,#8290),(#8291,#8292),(#8293,#8294),(#8295,#8296),(#8297,#8298),
(#8299,#8300),(#8301,#8302),(#8303,#8304),(#8305,#8306),(#8307,#8308),(#8309,
#8310),(#8311,#8312),(#8313,#8314),(#8315,#8316),(#8317,#8318),(#8319,#8320),
(#8321,#8322),(#8323,#8324),(#8325,#8326),(#8327,#8328),(#8329,#8330),(#8331,
#8332),(#8333,#8334),(#8335,#8336),(#8337,#8338),(#8339,#8340),(#8341,#8342),
(#8343,#8344),(#8345,#8346),(#8347,#8348),(#8349,#8350),(#8351,#8352),(#8353,
#8354),(#8355,#8356),(#8357,#8358),(#8359,#8360),(#8361,#8362),(#8363,#8364),
(#8365,#8366),(#8367,#8368),(#8369,#8370),(#8371,#8372),(#8373,#8374),(#8375,
#8376),(#8377,#8378),(#8379,#8380),(#8381,#8382),(#8383,#8384),(#8385,#8386)),
 .UNSPECIFIED.,.F.,.F.,.F.)
B_SPLINE_SURFACE_WITH_KNOTS((6,1,1,1,1,1,1,1,1,1,1,1,1,1,1,1,1,1,1,1,1,
1,1,1,1,1,1,1,1,1,1,1,1,1,1,1,1,1,1,1,1,1,1,1,1,1,1,1,1,1,1,1,1,1,1,1,1,
1,1,1,1,1,1,1,1,1,1,1,1,1,6),(2,2),(-1.,-0.985714285714284,-0.97142857142857,
-0.957142857142856,-0.942857142857141,-0.928571428571427,-0.914285714285713,
-0.899999999999999,-0.885714285714284,-0.87142857142857,-0.857142857142856,
-0.842857142857142,-0.828571428571428,-0.814285714285713,-0.799999999999999,
-0.785714285714285,-0.771428571428571,-0.757142857142856,-0.742857142857142,
-0.728571428571428,-0.714285714285714,-0.699999999999999,-0.685714285714285,
-0.671428571428571,-0.657142857142857,-0.642857142857142,-0.628571428571428,
-0.614285714285714,-0.6,-0.585714285714286,-0.571428571428571,-0.557142857142857,
-0.542857142857143,-0.528571428571429,-0.514285714285714,-0.5,-0.485714285714286,
-0.471428571428572,-0.457142857142857,-0.442857142857143,-0.428571428571429,
-0.414285714285714,-0.4,-0.385714285714286,-0.371428571428571,-0.357142857142857,
-0.342857142857143,-0.328571428571429,-0.314285714285714,-0.3,-0.285714285714286,
-0.271428571428571,-0.257142857142857,-0.242857142857143,-0.228571428571429,
-0.214285714285714,-0.2,-0.185714285714286,-0.171428571428571,-0.157142857142857,
-0.142857142857143,-0.128571428571429,-0.114285714285714,-0.1,-0.0857142857142857,
-0.0714285714285714,-0.0571428571428571,-0.0428571428571429,-0.0285714285714286,
-0.0142857142857143,0.),(0.,0.3),.UNSPECIFIED.)
GEOMETRIC_REPRESENTATION_ITEM()
RATIONAL_B_SPLINE_SURFACE(((1.,1.),(1.,1.),(1.,1.),(1.,1.),(1.,1.),(1.,
1.),(1.,1.),(1.,1.),(1.,1.),(1.,1.),(1.,1.),(1.,1.),(1.,1.),(1.,1.),(1.,
1.),(1.,1.),(1.,1.),(1.,1.),(1.,1.),(1.,1.),(1.,1.),(1.,1.),(1.,1.),(1.,
1.),(1.,1.),(1.,1.),(1.,1.),(1.,1.),(1.,1.),(1.,1.),(1.,1.),(1.,1.),(1.,
1.),(1.,1.),(1.,1.),(1.,1.),(1.,1.),(1.,1.),(1.,1.),(1.,1.),(1.,1.),(1.,
1.),(1.,1.),(1.,1.),(1.,1.),(1.,1.),(1.,1.),(1.,1.),(1.,1.),(1.,1.),(1.,
1.),(1.,1.),(1.,1.),(1.,1.),(1.,1.),(1.,1.),(1.,1.),(1.,1.),(1.,1.),(1.,
1.),(1.,1.),(1.,1.),(1.,1.),(1.,1.),(1.,1.),(1.,1.),(1.,1.),(1.,1.),(1.,
1.),(1.,1.),(1.,1.),(1.,1.),(1.,1.),(1.,1.),(1.,1.)))
REPRESENTATION_ITEM('')
SURFACE()
);
#78=(
BOUNDED_SURFACE()
B_SPLINE_SURFACE(5,1,((#8468,#8469),(#8470,#8471),(#8472,#8473),(#8474,
#8475),(#8476,#8477),(#8478,#8479),(#8480,#8481),(#8482,#8483),(#8484,#8485),
(#8486,#8487),(#8488,#8489),(#8490,#8491),(#8492,#8493),(#8494,#8495),(#8496,
#8497),(#8498,#8499),(#8500,#8501),(#8502,#8503),(#8504,#8505),(#8506,#8507),
(#8508,#8509),(#8510,#8511),(#8512,#8513),(#8514,#8515),(#8516,#8517),(#8518,
#8519),(#8520,#8521),(#8522,#8523),(#8524,#8525),(#8526,#8527),(#8528,#8529),
(#8530,#8531),(#8532,#8533),(#8534,#8535),(#8536,#8537),(#8538,#8539),(#8540,
#8541),(#8542,#8543),(#8544,#8545),(#8546,#8547),(#8548,#8549),(#8550,#8551),
(#8552,#8553),(#8554,#8555),(#8556,#8557),(#8558,#8559),(#8560,#8561),(#8562,
#8563),(#8564,#8565),(#8566,#8567),(#8568,#8569),(#8570,#8571),(#8572,#8573),
(#8574,#8575),(#8576,#8577),(#8578,#8579),(#8580,#8581),(#8582,#8583),(#8584,
#8585),(#8586,#8587),(#8588,#8589),(#8590,#8591),(#8592,#8593),(#8594,#8595),
(#8596,#8597),(#8598,#8599),(#8600,#8601),(#8602,#8603),(#8604,#8605),(#8606,
#8607),(#8608,#8609),(#8610,#8611),(#8612,#8613),(#8614,#8615),(#8616,#8617)),
 .UNSPECIFIED.,.F.,.F.,.F.)
B_SPLINE_SURFACE_WITH_KNOTS((6,1,1,1,1,1,1,1,1,1,1,1,1,1,1,1,1,1,1,1,1,
1,1,1,1,1,1,1,1,1,1,1,1,1,1,1,1,1,1,1,1,1,1,1,1,1,1,1,1,1,1,1,1,1,1,1,1,
1,1,1,1,1,1,1,1,1,1,1,1,1,6),(2,2),(0.,0.0142857142857143,0.0285714285714286,
0.0428571428571429,0.0571428571428571,0.0714285714285714,0.0857142857142857,
0.1,0.114285714285714,0.128571428571429,0.142857142857143,0.157142857142857,
0.171428571428571,0.185714285714286,0.2,0.214285714285714,0.228571428571429,
0.242857142857143,0.257142857142857,0.271428571428571,0.285714285714286,
0.3,0.314285714285714,0.328571428571429,0.342857142857143,0.357142857142857,
0.371428571428571,0.385714285714286,0.4,0.414285714285714,0.428571428571429,
0.442857142857143,0.457142857142857,0.471428571428572,0.485714285714286,
0.5,0.514285714285714,0.528571428571429,0.542857142857143,0.557142857142857,
0.571428571428571,0.585714285714286,0.6,0.614285714285714,0.628571428571428,
0.642857142857142,0.657142857142857,0.671428571428571,0.685714285714285,
0.699999999999999,0.714285714285714,0.728571428571428,0.742857142857142,
0.757142857142856,0.771428571428571,0.785714285714285,0.799999999999999,
0.814285714285713,0.828571428571428,0.842857142857142,0.857142857142856,
0.87142857142857,0.885714285714284,0.899999999999999,0.914285714285713,
0.928571428571427,0.942857142857141,0.957142857142856,0.97142857142857,
0.985714285714284,1.),(0.,0.3),.UNSPECIFIED.)
GEOMETRIC_REPRESENTATION_ITEM()
RATIONAL_B_SPLINE_SURFACE(((1.,1.),(1.,1.),(1.,1.),(1.,1.),(1.,1.),(1.,
1.),(1.,1.),(1.,1.),(1.,1.),(1.,1.),(1.,1.),(1.,1.),(1.,1.),(1.,1.),(1.,
1.),(1.,1.),(1.,1.),(1.,1.),(1.,1.),(1.,1.),(1.,1.),(1.,1.),(1.,1.),(1.,
1.),(1.,1.),(1.,1.),(1.,1.),(1.,1.),(1.,1.),(1.,1.),(1.,1.),(1.,1.),(1.,
1.),(1.,1.),(1.,1.),(1.,1.),(1.,1.),(1.,1.),(1.,1.),(1.,1.),(1.,1.),(1.,
1.),(1.,1.),(1.,1.),(1.,1.),(1.,1.),(1.,1.),(1.,1.),(1.,1.),(1.,1.),(1.,
1.),(1.,1.),(1.,1.),(1.,1.),(1.,1.),(1.,1.),(1.,1.),(1.,1.),(1.,1.),(1.,
1.),(1.,1.),(1.,1.),(1.,1.),(1.,1.),(1.,1.),(1.,1.),(1.,1.),(1.,1.),(1.,
1.),(1.,1.),(1.,1.),(1.,1.),(1.,1.),(1.,1.),(1.,1.)))
REPRESENTATION_ITEM('')
SURFACE()
);
#79=FACE_BOUND('',#298,.T.);
#80=FACE_BOUND('',#363,.T.);
#81=FACE_BOUND('',#381,.T.);
#82=CIRCLE('',#1673,1.6);
#83=CIRCLE('',#1674,1.6);
#84=CIRCLE('',#1676,3.8);
#85=CIRCLE('',#1677,3.8);
#86=CIRCLE('',#1680,0.59);
#87=CIRCLE('',#1681,0.59);
#88=CIRCLE('',#1684,0.59);
#89=CIRCLE('',#1685,0.59);
#90=CIRCLE('',#1688,0.59);
#91=CIRCLE('',#1689,0.59);
#92=CIRCLE('',#1692,0.59);
#93=CIRCLE('',#1693,0.59);
#94=CIRCLE('',#1696,0.59);
#95=CIRCLE('',#1697,0.59);
#96=CIRCLE('',#1700,0.59);
#97=CIRCLE('',#1701,0.59);
#98=CIRCLE('',#1704,0.59);
#99=CIRCLE('',#1705,0.59);
#100=CIRCLE('',#1708,0.59);
#101=CIRCLE('',#1709,0.59);
#102=CIRCLE('',#1712,0.59);
#103=CIRCLE('',#1713,0.59);
#104=CIRCLE('',#1716,0.59);
#105=CIRCLE('',#1717,0.59);
#106=CIRCLE('',#1720,0.59);
#107=CIRCLE('',#1721,0.59);
#108=CIRCLE('',#1724,0.59);
#109=CIRCLE('',#1725,0.59);
#110=CIRCLE('',#1728,0.59);
#111=CIRCLE('',#1729,0.59);
#112=CIRCLE('',#1732,0.59);
#113=CIRCLE('',#1733,0.59);
#114=CIRCLE('',#1736,0.59);
#115=CIRCLE('',#1737,0.59);
#116=CIRCLE('',#1740,0.59);
#117=CIRCLE('',#1741,0.59);
#118=CIRCLE('',#1744,0.59);
#119=CIRCLE('',#1745,0.59);
#120=CIRCLE('',#1748,0.59);
#121=CIRCLE('',#1749,0.59);
#122=CIRCLE('',#1752,5.99999999999997);
#123=CIRCLE('',#1753,5.99999999999997);
#124=CIRCLE('',#1755,5.99999999999997);
#125=CIRCLE('',#1756,5.99999999999997);
#126=CIRCLE('',#1758,5.99999999999997);
#127=CIRCLE('',#1759,5.99999999999997);
#128=CIRCLE('',#1761,5.99999999999997);
#129=CIRCLE('',#1762,5.99999999999997);
#130=CIRCLE('',#1764,5.99999999999997);
#131=CIRCLE('',#1765,5.99999999999997);
#132=CIRCLE('',#1767,5.99999999999997);
#133=CIRCLE('',#1768,5.99999999999997);
#134=CIRCLE('',#1770,5.99999999999997);
#135=CIRCLE('',#1771,5.99999999999997);
#136=CIRCLE('',#1773,5.99999999999997);
#137=CIRCLE('',#1774,5.99999999999997);
#138=CIRCLE('',#1776,5.99999999999997);
#139=CIRCLE('',#1777,5.99999999999997);
#140=CIRCLE('',#1779,3.843);
#141=CIRCLE('',#1780,3.843);
#142=CIRCLE('',#1781,3.843);
#143=CIRCLE('',#1782,3.843);
#144=CIRCLE('',#1783,3.843);
#145=CIRCLE('',#1784,3.843);
#146=CIRCLE('',#1785,3.843);
#147=CIRCLE('',#1786,3.843);
#148=CIRCLE('',#1787,0.59);
#149=CIRCLE('',#1788,5.99999999999997);
#150=CIRCLE('',#1789,0.59);
#151=CIRCLE('',#1790,3.843);
#152=CIRCLE('',#1791,3.843);
#153=CIRCLE('',#1793,3.843);
#154=CIRCLE('',#1795,3.843);
#155=CIRCLE('',#1797,3.843);
#156=CIRCLE('',#1799,3.843);
#157=CIRCLE('',#1801,3.843);
#158=CIRCLE('',#1803,3.843);
#159=CIRCLE('',#1805,3.843);
#160=CIRCLE('',#1807,3.843);
#161=CIRCLE('',#1809,3.843);
#162=CIRCLE('',#1811,0.59);
#163=CIRCLE('',#1814,0.59);
#164=CIRCLE('',#1817,5.99999999999997);
#165=CIRCLE('',#1819,3.843);
#166=CYLINDRICAL_SURFACE('',#1672,1.6);
#167=CYLINDRICAL_SURFACE('',#1675,3.8);
#168=CYLINDRICAL_SURFACE('',#1679,0.59);
#169=CYLINDRICAL_SURFACE('',#1683,0.59);
#170=CYLINDRICAL_SURFACE('',#1687,0.59);
#171=CYLINDRICAL_SURFACE('',#1691,0.59);
#172=CYLINDRICAL_SURFACE('',#1695,0.59);
#173=CYLINDRICAL_SURFACE('',#1699,0.59);
#174=CYLINDRICAL_SURFACE('',#1703,0.59);
#175=CYLINDRICAL_SURFACE('',#1707,0.59);
#176=CYLINDRICAL_SURFACE('',#1711,0.59);
#177=CYLINDRICAL_SURFACE('',#1715,0.59);
#178=CYLINDRICAL_SURFACE('',#1719,0.59);
#179=CYLINDRICAL_SURFACE('',#1723,0.59);
#180=CYLINDRICAL_SURFACE('',#1727,0.59);
#181=CYLINDRICAL_SURFACE('',#1731,0.59);
#182=CYLINDRICAL_SURFACE('',#1735,0.59);
#183=CYLINDRICAL_SURFACE('',#1739,0.59);
#184=CYLINDRICAL_SURFACE('',#1743,0.59);
#185=CYLINDRICAL_SURFACE('',#1747,0.59);
#186=CYLINDRICAL_SURFACE('',#1751,5.99999999999997);
#187=CYLINDRICAL_SURFACE('',#1754,5.99999999999997);
#188=CYLINDRICAL_SURFACE('',#1757,5.99999999999997);
#189=CYLINDRICAL_SURFACE('',#1760,5.99999999999997);
#190=CYLINDRICAL_SURFACE('',#1763,5.99999999999997);
#191=CYLINDRICAL_SURFACE('',#1766,5.99999999999997);
#192=CYLINDRICAL_SURFACE('',#1769,5.99999999999997);
#193=CYLINDRICAL_SURFACE('',#1772,5.99999999999997);
#194=CYLINDRICAL_SURFACE('',#1775,5.99999999999997);
#195=CYLINDRICAL_SURFACE('',#1792,3.843);
#196=CYLINDRICAL_SURFACE('',#1794,3.843);
#197=CYLINDRICAL_SURFACE('',#1796,3.843);
#198=CYLINDRICAL_SURFACE('',#1798,3.843);
#199=CYLINDRICAL_SURFACE('',#1800,3.843);
#200=CYLINDRICAL_SURFACE('',#1802,3.843);
#201=CYLINDRICAL_SURFACE('',#1804,3.843);
#202=CYLINDRICAL_SURFACE('',#1806,3.843);
#203=CYLINDRICAL_SURFACE('',#1808,3.843);
#204=CYLINDRICAL_SURFACE('',#1810,0.59);
#205=CYLINDRICAL_SURFACE('',#1813,0.59);
#206=CYLINDRICAL_SURFACE('',#1816,5.99999999999997);
#207=CYLINDRICAL_SURFACE('',#1820,3.843);
#208=FACE_OUTER_BOUND('',#294,.T.);
#209=FACE_OUTER_BOUND('',#295,.T.);
#210=FACE_OUTER_BOUND('',#296,.T.);
#211=FACE_OUTER_BOUND('',#297,.T.);
#212=FACE_OUTER_BOUND('',#299,.T.);
#213=FACE_OUTER_BOUND('',#300,.T.);
#214=FACE_OUTER_BOUND('',#301,.T.);
#215=FACE_OUTER_BOUND('',#302,.T.);
#216=FACE_OUTER_BOUND('',#303,.T.);
#217=FACE_OUTER_BOUND('',#304,.T.);
#218=FACE_OUTER_BOUND('',#305,.T.);
#219=FACE_OUTER_BOUND('',#306,.T.);
#220=FACE_OUTER_BOUND('',#307,.T.);
#221=FACE_OUTER_BOUND('',#308,.T.);
#222=FACE_OUTER_BOUND('',#309,.T.);
#223=FACE_OUTER_BOUND('',#310,.T.);
#224=FACE_OUTER_BOUND('',#311,.T.);
#225=FACE_OUTER_BOUND('',#312,.T.);
#226=FACE_OUTER_BOUND('',#313,.T.);
#227=FACE_OUTER_BOUND('',#314,.T.);
#228=FACE_OUTER_BOUND('',#315,.T.);
#229=FACE_OUTER_BOUND('',#316,.T.);
#230=FACE_OUTER_BOUND('',#317,.T.);
#231=FACE_OUTER_BOUND('',#318,.T.);
#232=FACE_OUTER_BOUND('',#319,.T.);
#233=FACE_OUTER_BOUND('',#320,.T.);
#234=FACE_OUTER_BOUND('',#321,.T.);
#235=FACE_OUTER_BOUND('',#322,.T.);
#236=FACE_OUTER_BOUND('',#323,.T.);
#237=FACE_OUTER_BOUND('',#324,.T.);
#238=FACE_OUTER_BOUND('',#325,.T.);
#239=FACE_OUTER_BOUND('',#326,.T.);
#240=FACE_OUTER_BOUND('',#327,.T.);
#241=FACE_OUTER_BOUND('',#328,.T.);
#242=FACE_OUTER_BOUND('',#329,.T.);
#243=FACE_OUTER_BOUND('',#330,.T.);
#244=FACE_OUTER_BOUND('',#331,.T.);
#245=FACE_OUTER_BOUND('',#332,.T.);
#246=FACE_OUTER_BOUND('',#333,.T.);
#247=FACE_OUTER_BOUND('',#334,.T.);
#248=FACE_OUTER_BOUND('',#335,.T.);
#249=FACE_OUTER_BOUND('',#336,.T.);
#250=FACE_OUTER_BOUND('',#337,.T.);
#251=FACE_OUTER_BOUND('',#338,.T.);
#252=FACE_OUTER_BOUND('',#339,.T.);
#253=FACE_OUTER_BOUND('',#340,.T.);
#254=FACE_OUTER_BOUND('',#341,.T.);
#255=FACE_OUTER_BOUND('',#342,.T.);
#256=FACE_OUTER_BOUND('',#343,.T.);
#257=FACE_OUTER_BOUND('',#344,.T.);
#258=FACE_OUTER_BOUND('',#345,.T.);
#259=FACE_OUTER_BOUND('',#346,.T.);
#260=FACE_OUTER_BOUND('',#347,.T.);
#261=FACE_OUTER_BOUND('',#348,.T.);
#262=FACE_OUTER_BOUND('',#349,.T.);
#263=FACE_OUTER_BOUND('',#350,.T.);
#264=FACE_OUTER_BOUND('',#351,.T.);
#265=FACE_OUTER_BOUND('',#352,.T.);
#266=FACE_OUTER_BOUND('',#353,.T.);
#267=FACE_OUTER_BOUND('',#354,.T.);
#268=FACE_OUTER_BOUND('',#355,.T.);
#269=FACE_OUTER_BOUND('',#356,.T.);
#270=FACE_OUTER_BOUND('',#357,.T.);
#271=FACE_OUTER_BOUND('',#358,.T.);
#272=FACE_OUTER_BOUND('',#359,.T.);
#273=FACE_OUTER_BOUND('',#360,.T.);
#274=FACE_OUTER_BOUND('',#361,.T.);
#275=FACE_OUTER_BOUND('',#362,.T.);
#276=FACE_OUTER_BOUND('',#364,.T.);
#277=FACE_OUTER_BOUND('',#365,.T.);
#278=FACE_OUTER_BOUND('',#366,.T.);
#279=FACE_OUTER_BOUND('',#367,.T.);
#280=FACE_OUTER_BOUND('',#368,.T.);
#281=FACE_OUTER_BOUND('',#369,.T.);
#282=FACE_OUTER_BOUND('',#370,.T.);
#283=FACE_OUTER_BOUND('',#371,.T.);
#284=FACE_OUTER_BOUND('',#372,.T.);
#285=FACE_OUTER_BOUND('',#373,.T.);
#286=FACE_OUTER_BOUND('',#374,.T.);
#287=FACE_OUTER_BOUND('',#375,.T.);
#288=FACE_OUTER_BOUND('',#376,.T.);
#289=FACE_OUTER_BOUND('',#377,.T.);
#290=FACE_OUTER_BOUND('',#378,.T.);
#291=FACE_OUTER_BOUND('',#379,.T.);
#292=FACE_OUTER_BOUND('',#380,.T.);
#293=FACE_OUTER_BOUND('',#382,.T.);
#294=EDGE_LOOP('',(#1048,#1049,#1050,#1051));
#295=EDGE_LOOP('',(#1052,#1053,#1054,#1055));
#296=EDGE_LOOP('',(#1056,#1057,#1058,#1059));
#297=EDGE_LOOP('',(#1060));
#298=EDGE_LOOP('',(#1061,#1062));
#299=EDGE_LOOP('',(#1063,#1064,#1065,#1066));
#300=EDGE_LOOP('',(#1067,#1068,#1069,#1070));
#301=EDGE_LOOP('',(#1071,#1072,#1073,#1074));
#302=EDGE_LOOP('',(#1075,#1076,#1077,#1078));
#303=EDGE_LOOP('',(#1079,#1080,#1081,#1082));
#304=EDGE_LOOP('',(#1083,#1084,#1085,#1086));
#305=EDGE_LOOP('',(#1087,#1088,#1089,#1090));
#306=EDGE_LOOP('',(#1091,#1092,#1093,#1094));
#307=EDGE_LOOP('',(#1095,#1096,#1097,#1098));
#308=EDGE_LOOP('',(#1099,#1100,#1101,#1102));
#309=EDGE_LOOP('',(#1103,#1104,#1105,#1106));
#310=EDGE_LOOP('',(#1107,#1108,#1109,#1110));
#311=EDGE_LOOP('',(#1111,#1112,#1113,#1114));
#312=EDGE_LOOP('',(#1115,#1116,#1117,#1118));
#313=EDGE_LOOP('',(#1119,#1120,#1121,#1122));
#314=EDGE_LOOP('',(#1123,#1124,#1125,#1126));
#315=EDGE_LOOP('',(#1127,#1128,#1129,#1130));
#316=EDGE_LOOP('',(#1131,#1132,#1133,#1134));
#317=EDGE_LOOP('',(#1135,#1136,#1137,#1138));
#318=EDGE_LOOP('',(#1139,#1140,#1141,#1142));
#319=EDGE_LOOP('',(#1143,#1144,#1145,#1146));
#320=EDGE_LOOP('',(#1147,#1148,#1149,#1150));
#321=EDGE_LOOP('',(#1151,#1152,#1153,#1154));
#322=EDGE_LOOP('',(#1155,#1156,#1157,#1158));
#323=EDGE_LOOP('',(#1159,#1160,#1161,#1162));
#324=EDGE_LOOP('',(#1163,#1164,#1165,#1166));
#325=EDGE_LOOP('',(#1167,#1168,#1169,#1170));
#326=EDGE_LOOP('',(#1171,#1172,#1173,#1174));
#327=EDGE_LOOP('',(#1175,#1176,#1177,#1178));
#328=EDGE_LOOP('',(#1179,#1180,#1181,#1182));
#329=EDGE_LOOP('',(#1183,#1184,#1185,#1186));
#330=EDGE_LOOP('',(#1187,#1188,#1189,#1190));
#331=EDGE_LOOP('',(#1191,#1192,#1193,#1194));
#332=EDGE_LOOP('',(#1195,#1196,#1197,#1198));
#333=EDGE_LOOP('',(#1199,#1200,#1201,#1202));
#334=EDGE_LOOP('',(#1203,#1204,#1205,#1206));
#335=EDGE_LOOP('',(#1207,#1208,#1209,#1210));
#336=EDGE_LOOP('',(#1211,#1212,#1213,#1214));
#337=EDGE_LOOP('',(#1215,#1216,#1217,#1218));
#338=EDGE_LOOP('',(#1219,#1220,#1221,#1222));
#339=EDGE_LOOP('',(#1223,#1224,#1225,#1226));
#340=EDGE_LOOP('',(#1227,#1228,#1229,#1230));
#341=EDGE_LOOP('',(#1231,#1232,#1233,#1234));
#342=EDGE_LOOP('',(#1235,#1236,#1237,#1238));
#343=EDGE_LOOP('',(#1239,#1240,#1241,#1242));
#344=EDGE_LOOP('',(#1243,#1244,#1245,#1246));
#345=EDGE_LOOP('',(#1247,#1248,#1249,#1250));
#346=EDGE_LOOP('',(#1251,#1252,#1253,#1254));
#347=EDGE_LOOP('',(#1255,#1256,#1257,#1258));
#348=EDGE_LOOP('',(#1259,#1260,#1261,#1262));
#349=EDGE_LOOP('',(#1263,#1264,#1265,#1266));
#350=EDGE_LOOP('',(#1267,#1268,#1269,#1270));
#351=EDGE_LOOP('',(#1271,#1272,#1273,#1274));
#352=EDGE_LOOP('',(#1275,#1276,#1277,#1278));
#353=EDGE_LOOP('',(#1279,#1280,#1281,#1282));
#354=EDGE_LOOP('',(#1283,#1284,#1285,#1286));
#355=EDGE_LOOP('',(#1287,#1288,#1289,#1290));
#356=EDGE_LOOP('',(#1291,#1292,#1293,#1294));
#357=EDGE_LOOP('',(#1295,#1296,#1297,#1298));
#358=EDGE_LOOP('',(#1299,#1300,#1301,#1302));
#359=EDGE_LOOP('',(#1303,#1304,#1305,#1306));
#360=EDGE_LOOP('',(#1307,#1308,#1309,#1310));
#361=EDGE_LOOP('',(#1311,#1312,#1313,#1314));
#362=EDGE_LOOP('',(#1315,#1316,#1317,#1318,#1319,#1320,#1321,#1322,#1323,
#1324,#1325,#1326,#1327,#1328,#1329,#1330,#1331,#1332,#1333,#1334,#1335,
#1336,#1337,#1338,#1339,#1340,#1341,#1342,#1343,#1344,#1345,#1346,#1347,
#1348,#1349,#1350,#1351,#1352,#1353,#1354,#1355,#1356,#1357,#1358,#1359,
#1360,#1361,#1362,#1363,#1364,#1365,#1366,#1367,#1368,#1369,#1370,#1371,
#1372,#1373,#1374,#1375,#1376,#1377,#1378,#1379,#1380,#1381,#1382,#1383,
#1384,#1385,#1386,#1387,#1388,#1389,#1390,#1391,#1392,#1393,#1394));
#363=EDGE_LOOP('',(#1395));
#364=EDGE_LOOP('',(#1396,#1397,#1398,#1399));
#365=EDGE_LOOP('',(#1400,#1401,#1402,#1403));
#366=EDGE_LOOP('',(#1404,#1405,#1406,#1407));
#367=EDGE_LOOP('',(#1408,#1409,#1410,#1411));
#368=EDGE_LOOP('',(#1412,#1413,#1414,#1415));
#369=EDGE_LOOP('',(#1416,#1417,#1418,#1419));
#370=EDGE_LOOP('',(#1420,#1421,#1422,#1423));
#371=EDGE_LOOP('',(#1424,#1425,#1426,#1427));
#372=EDGE_LOOP('',(#1428,#1429,#1430,#1431));
#373=EDGE_LOOP('',(#1432,#1433,#1434,#1435));
#374=EDGE_LOOP('',(#1436,#1437,#1438,#1439));
#375=EDGE_LOOP('',(#1440,#1441,#1442,#1443));
#376=EDGE_LOOP('',(#1444,#1445,#1446,#1447));
#377=EDGE_LOOP('',(#1448,#1449,#1450,#1451));
#378=EDGE_LOOP('',(#1452,#1453,#1454,#1455));
#379=EDGE_LOOP('',(#1456,#1457,#1458,#1459));
#380=EDGE_LOOP('',(#1460,#1461,#1462,#1463,#1464,#1465,#1466,#1467,#1468,
#1469,#1470,#1471,#1472,#1473,#1474,#1475,#1476,#1477,#1478,#1479,#1480,
#1481,#1482,#1483,#1484,#1485,#1486,#1487,#1488,#1489,#1490,#1491,#1492,
#1493,#1494,#1495,#1496,#1497,#1498,#1499,#1500,#1501,#1502,#1503,#1504,
#1505,#1506,#1507,#1508,#1509,#1510,#1511,#1512,#1513,#1514,#1515,#1516,
#1517,#1518,#1519,#1520,#1521,#1522,#1523,#1524,#1525,#1526,#1527,#1528,
#1529,#1530,#1531,#1532,#1533,#1534,#1535,#1536,#1537,#1538,#1539));
#381=EDGE_LOOP('',(#1540,#1541));
#382=EDGE_LOOP('',(#1542,#1543,#1544,#1545));
#383=LINE('',#2258,#508);
#384=LINE('',#2260,#509);
#385=LINE('',#2262,#510);
#386=LINE('',#2263,#511);
#387=LINE('',#2271,#512);
#388=LINE('',#2279,#513);
#389=LINE('',#2282,#514);
#390=LINE('',#2285,#515);
#391=LINE('',#2287,#516);
#392=LINE('',#2288,#517);
#393=LINE('',#2294,#518);
#394=LINE('',#2297,#519);
#395=LINE('',#2300,#520);
#396=LINE('',#2302,#521);
#397=LINE('',#2303,#522);
#398=LINE('',#2309,#523);
#399=LINE('',#2312,#524);
#400=LINE('',#2315,#525);
#401=LINE('',#2317,#526);
#402=LINE('',#2318,#527);
#403=LINE('',#2324,#528);
#404=LINE('',#2327,#529);
#405=LINE('',#2330,#530);
#406=LINE('',#2332,#531);
#407=LINE('',#2333,#532);
#408=LINE('',#2339,#533);
#409=LINE('',#2342,#534);
#410=LINE('',#2345,#535);
#411=LINE('',#2347,#536);
#412=LINE('',#2348,#537);
#413=LINE('',#2354,#538);
#414=LINE('',#2357,#539);
#415=LINE('',#2360,#540);
#416=LINE('',#2362,#541);
#417=LINE('',#2363,#542);
#418=LINE('',#2369,#543);
#419=LINE('',#2372,#544);
#420=LINE('',#2375,#545);
#421=LINE('',#2377,#546);
#422=LINE('',#2378,#547);
#423=LINE('',#2384,#548);
#424=LINE('',#2387,#549);
#425=LINE('',#2390,#550);
#426=LINE('',#2392,#551);
#427=LINE('',#2393,#552);
#428=LINE('',#2399,#553);
#429=LINE('',#2402,#554);
#430=LINE('',#2405,#555);
#431=LINE('',#2407,#556);
#432=LINE('',#2408,#557);
#433=LINE('',#2414,#558);
#434=LINE('',#2417,#559);
#435=LINE('',#2420,#560);
#436=LINE('',#2422,#561);
#437=LINE('',#2423,#562);
#438=LINE('',#2429,#563);
#439=LINE('',#2432,#564);
#440=LINE('',#2435,#565);
#441=LINE('',#2437,#566);
#442=LINE('',#2438,#567);
#443=LINE('',#2444,#568);
#444=LINE('',#2447,#569);
#445=LINE('',#2450,#570);
#446=LINE('',#2452,#571);
#447=LINE('',#2453,#572);
#448=LINE('',#2459,#573);
#449=LINE('',#2462,#574);
#450=LINE('',#2465,#575);
#451=LINE('',#2467,#576);
#452=LINE('',#2468,#577);
#453=LINE('',#2474,#578);
#454=LINE('',#2477,#579);
#455=LINE('',#2480,#580);
#456=LINE('',#2482,#581);
#457=LINE('',#2483,#582);
#458=LINE('',#2489,#583);
#459=LINE('',#2492,#584);
#460=LINE('',#2495,#585);
#461=LINE('',#2497,#586);
#462=LINE('',#2498,#587);
#463=LINE('',#2504,#588);
#464=LINE('',#2507,#589);
#465=LINE('',#2510,#590);
#466=LINE('',#2512,#591);
#467=LINE('',#2513,#592);
#468=LINE('',#2519,#593);
#469=LINE('',#2522,#594);
#470=LINE('',#2525,#595);
#471=LINE('',#2527,#596);
#472=LINE('',#2528,#597);
#473=LINE('',#2534,#598);
#474=LINE('',#2537,#599);
#475=LINE('',#2540,#600);
#476=LINE('',#2542,#601);
#477=LINE('',#2543,#602);
#478=LINE('',#2846,#603);
#479=LINE('',#2852,#604);
#480=LINE('',#3455,#605);
#481=LINE('',#3461,#606);
#482=LINE('',#4064,#607);
#483=LINE('',#4070,#608);
#484=LINE('',#4673,#609);
#485=LINE('',#4679,#610);
#486=LINE('',#5282,#611);
#487=LINE('',#5288,#612);
#488=LINE('',#5891,#613);
#489=LINE('',#5897,#614);
#490=LINE('',#6500,#615);
#491=LINE('',#6506,#616);
#492=LINE('',#7109,#617);
#493=LINE('',#7115,#618);
#494=LINE('',#7718,#619);
#495=LINE('',#7724,#620);
#496=LINE('',#8038,#621);
#497=LINE('',#8194,#622);
#498=LINE('',#8202,#623);
#499=LINE('',#8222,#624);
#500=LINE('',#8225,#625);
#501=LINE('',#8226,#626);
#502=LINE('',#8229,#627);
#503=LINE('',#8232,#628);
#504=LINE('',#8235,#629);
#505=LINE('',#8236,#630);
#506=LINE('',#8463,#631);
#507=LINE('',#8467,#632);
#508=VECTOR('',#1828,10.);
#509=VECTOR('',#1829,10.);
#510=VECTOR('',#1830,10.);
#511=VECTOR('',#1831,10.);
#512=VECTOR('',#1842,3.8);
#513=VECTOR('',#1851,10.);
#514=VECTOR('',#1854,10.);
#515=VECTOR('',#1857,10.);
#516=VECTOR('',#1858,10.);
#517=VECTOR('',#1859,10.);
#518=VECTOR('',#1864,10.);
#519=VECTOR('',#1867,10.);
#520=VECTOR('',#1870,10.);
#521=VECTOR('',#1871,10.);
#522=VECTOR('',#1872,10.);
#523=VECTOR('',#1877,10.);
#524=VECTOR('',#1880,10.);
#525=VECTOR('',#1883,10.);
#526=VECTOR('',#1884,10.);
#527=VECTOR('',#1885,10.);
#528=VECTOR('',#1890,10.);
#529=VECTOR('',#1893,10.);
#530=VECTOR('',#1896,10.);
#531=VECTOR('',#1897,10.);
#532=VECTOR('',#1898,10.);
#533=VECTOR('',#1903,10.);
#534=VECTOR('',#1906,10.);
#535=VECTOR('',#1909,10.);
#536=VECTOR('',#1910,10.);
#537=VECTOR('',#1911,10.);
#538=VECTOR('',#1916,10.);
#539=VECTOR('',#1919,10.);
#540=VECTOR('',#1922,10.);
#541=VECTOR('',#1923,10.);
#542=VECTOR('',#1924,10.);
#543=VECTOR('',#1929,10.);
#544=VECTOR('',#1932,10.);
#545=VECTOR('',#1935,10.);
#546=VECTOR('',#1936,10.);
#547=VECTOR('',#1937,10.);
#548=VECTOR('',#1942,10.);
#549=VECTOR('',#1945,10.);
#550=VECTOR('',#1948,10.);
#551=VECTOR('',#1949,10.);
#552=VECTOR('',#1950,10.);
#553=VECTOR('',#1955,10.);
#554=VECTOR('',#1958,10.);
#555=VECTOR('',#1961,10.);
#556=VECTOR('',#1962,10.);
#557=VECTOR('',#1963,10.);
#558=VECTOR('',#1968,10.);
#559=VECTOR('',#1971,10.);
#560=VECTOR('',#1974,10.);
#561=VECTOR('',#1975,10.);
#562=VECTOR('',#1976,10.);
#563=VECTOR('',#1981,10.);
#564=VECTOR('',#1984,10.);
#565=VECTOR('',#1987,10.);
#566=VECTOR('',#1988,10.);
#567=VECTOR('',#1989,10.);
#568=VECTOR('',#1994,10.);
#569=VECTOR('',#1997,10.);
#570=VECTOR('',#2000,10.);
#571=VECTOR('',#2001,10.);
#572=VECTOR('',#2002,10.);
#573=VECTOR('',#2007,10.);
#574=VECTOR('',#2010,10.);
#575=VECTOR('',#2013,10.);
#576=VECTOR('',#2014,10.);
#577=VECTOR('',#2015,10.);
#578=VECTOR('',#2020,10.);
#579=VECTOR('',#2023,10.);
#580=VECTOR('',#2026,10.);
#581=VECTOR('',#2027,10.);
#582=VECTOR('',#2028,10.);
#583=VECTOR('',#2033,10.);
#584=VECTOR('',#2036,10.);
#585=VECTOR('',#2039,10.);
#586=VECTOR('',#2040,10.);
#587=VECTOR('',#2041,10.);
#588=VECTOR('',#2046,10.);
#589=VECTOR('',#2049,10.);
#590=VECTOR('',#2052,10.);
#591=VECTOR('',#2053,10.);
#592=VECTOR('',#2054,10.);
#593=VECTOR('',#2059,10.);
#594=VECTOR('',#2062,10.);
#595=VECTOR('',#2065,10.);
#596=VECTOR('',#2066,10.);
#597=VECTOR('',#2067,10.);
#598=VECTOR('',#2072,10.);
#599=VECTOR('',#2075,10.);
#600=VECTOR('',#2078,10.);
#601=VECTOR('',#2079,10.);
#602=VECTOR('',#2080,10.);
#603=VECTOR('',#2081,10.);
#604=VECTOR('',#2088,10.);
#605=VECTOR('',#2089,10.);
#606=VECTOR('',#2096,10.);
#607=VECTOR('',#2097,10.);
#608=VECTOR('',#2104,10.);
#609=VECTOR('',#2105,10.);
#610=VECTOR('',#2112,10.);
#611=VECTOR('',#2113,10.);
#612=VECTOR('',#2120,10.);
#613=VECTOR('',#2121,10.);
#614=VECTOR('',#2128,10.);
#615=VECTOR('',#2129,10.);
#616=VECTOR('',#2136,10.);
#617=VECTOR('',#2137,10.);
#618=VECTOR('',#2144,10.);
#619=VECTOR('',#2145,10.);
#620=VECTOR('',#2152,10.);
#621=VECTOR('',#2173,10.);
#622=VECTOR('',#2176,10.);
#623=VECTOR('',#2187,10.);
#624=VECTOR('',#2224,10.);
#625=VECTOR('',#2227,10.);
#626=VECTOR('',#2228,10.);
#627=VECTOR('',#2231,10.);
#628=VECTOR('',#2234,10.);
#629=VECTOR('',#2237,10.);
#630=VECTOR('',#2238,10.);
#631=VECTOR('',#2239,10.);
#632=VECTOR('',#2244,10.);
#633=VERTEX_POINT('',#2256);
#634=VERTEX_POINT('',#2257);
#635=VERTEX_POINT('',#2259);
#636=VERTEX_POINT('',#2261);
#637=VERTEX_POINT('',#2268);
#638=VERTEX_POINT('',#2270);
#639=VERTEX_POINT('',#2275);
#640=VERTEX_POINT('',#2276);
#641=VERTEX_POINT('',#2278);
#642=VERTEX_POINT('',#2280);
#643=VERTEX_POINT('',#2284);
#644=VERTEX_POINT('',#2286);
#645=VERTEX_POINT('',#2290);
#646=VERTEX_POINT('',#2291);
#647=VERTEX_POINT('',#2293);
#648=VERTEX_POINT('',#2295);
#649=VERTEX_POINT('',#2299);
#650=VERTEX_POINT('',#2301);
#651=VERTEX_POINT('',#2305);
#652=VERTEX_POINT('',#2306);
#653=VERTEX_POINT('',#2308);
#654=VERTEX_POINT('',#2310);
#655=VERTEX_POINT('',#2314);
#656=VERTEX_POINT('',#2316);
#657=VERTEX_POINT('',#2320);
#658=VERTEX_POINT('',#2321);
#659=VERTEX_POINT('',#2323);
#660=VERTEX_POINT('',#2325);
#661=VERTEX_POINT('',#2329);
#662=VERTEX_POINT('',#2331);
#663=VERTEX_POINT('',#2335);
#664=VERTEX_POINT('',#2336);
#665=VERTEX_POINT('',#2338);
#666=VERTEX_POINT('',#2340);
#667=VERTEX_POINT('',#2344);
#668=VERTEX_POINT('',#2346);
#669=VERTEX_POINT('',#2350);
#670=VERTEX_POINT('',#2351);
#671=VERTEX_POINT('',#2353);
#672=VERTEX_POINT('',#2355);
#673=VERTEX_POINT('',#2359);
#674=VERTEX_POINT('',#2361);
#675=VERTEX_POINT('',#2365);
#676=VERTEX_POINT('',#2366);
#677=VERTEX_POINT('',#2368);
#678=VERTEX_POINT('',#2370);
#679=VERTEX_POINT('',#2374);
#680=VERTEX_POINT('',#2376);
#681=VERTEX_POINT('',#2380);
#682=VERTEX_POINT('',#2381);
#683=VERTEX_POINT('',#2383);
#684=VERTEX_POINT('',#2385);
#685=VERTEX_POINT('',#2389);
#686=VERTEX_POINT('',#2391);
#687=VERTEX_POINT('',#2395);
#688=VERTEX_POINT('',#2396);
#689=VERTEX_POINT('',#2398);
#690=VERTEX_POINT('',#2400);
#691=VERTEX_POINT('',#2404);
#692=VERTEX_POINT('',#2406);
#693=VERTEX_POINT('',#2410);
#694=VERTEX_POINT('',#2411);
#695=VERTEX_POINT('',#2413);
#696=VERTEX_POINT('',#2415);
#697=VERTEX_POINT('',#2419);
#698=VERTEX_POINT('',#2421);
#699=VERTEX_POINT('',#2425);
#700=VERTEX_POINT('',#2426);
#701=VERTEX_POINT('',#2428);
#702=VERTEX_POINT('',#2430);
#703=VERTEX_POINT('',#2434);
#704=VERTEX_POINT('',#2436);
#705=VERTEX_POINT('',#2440);
#706=VERTEX_POINT('',#2441);
#707=VERTEX_POINT('',#2443);
#708=VERTEX_POINT('',#2445);
#709=VERTEX_POINT('',#2449);
#710=VERTEX_POINT('',#2451);
#711=VERTEX_POINT('',#2455);
#712=VERTEX_POINT('',#2456);
#713=VERTEX_POINT('',#2458);
#714=VERTEX_POINT('',#2460);
#715=VERTEX_POINT('',#2464);
#716=VERTEX_POINT('',#2466);
#717=VERTEX_POINT('',#2470);
#718=VERTEX_POINT('',#2471);
#719=VERTEX_POINT('',#2473);
#720=VERTEX_POINT('',#2475);
#721=VERTEX_POINT('',#2479);
#722=VERTEX_POINT('',#2481);
#723=VERTEX_POINT('',#2485);
#724=VERTEX_POINT('',#2486);
#725=VERTEX_POINT('',#2488);
#726=VERTEX_POINT('',#2490);
#727=VERTEX_POINT('',#2494);
#728=VERTEX_POINT('',#2496);
#729=VERTEX_POINT('',#2500);
#730=VERTEX_POINT('',#2501);
#731=VERTEX_POINT('',#2503);
#732=VERTEX_POINT('',#2505);
#733=VERTEX_POINT('',#2509);
#734=VERTEX_POINT('',#2511);
#735=VERTEX_POINT('',#2515);
#736=VERTEX_POINT('',#2516);
#737=VERTEX_POINT('',#2518);
#738=VERTEX_POINT('',#2520);
#739=VERTEX_POINT('',#2524);
#740=VERTEX_POINT('',#2526);
#741=VERTEX_POINT('',#2530);
#742=VERTEX_POINT('',#2531);
#743=VERTEX_POINT('',#2533);
#744=VERTEX_POINT('',#2535);
#745=VERTEX_POINT('',#2539);
#746=VERTEX_POINT('',#2541);
#747=VERTEX_POINT('',#2694);
#748=VERTEX_POINT('',#2770);
#749=VERTEX_POINT('',#2848);
#750=VERTEX_POINT('',#2850);
#751=VERTEX_POINT('',#3303);
#752=VERTEX_POINT('',#3379);
#753=VERTEX_POINT('',#3457);
#754=VERTEX_POINT('',#3459);
#755=VERTEX_POINT('',#3912);
#756=VERTEX_POINT('',#3988);
#757=VERTEX_POINT('',#4066);
#758=VERTEX_POINT('',#4068);
#759=VERTEX_POINT('',#4521);
#760=VERTEX_POINT('',#4597);
#761=VERTEX_POINT('',#4675);
#762=VERTEX_POINT('',#4677);
#763=VERTEX_POINT('',#5130);
#764=VERTEX_POINT('',#5206);
#765=VERTEX_POINT('',#5284);
#766=VERTEX_POINT('',#5286);
#767=VERTEX_POINT('',#5739);
#768=VERTEX_POINT('',#5815);
#769=VERTEX_POINT('',#5893);
#770=VERTEX_POINT('',#5895);
#771=VERTEX_POINT('',#6348);
#772=VERTEX_POINT('',#6424);
#773=VERTEX_POINT('',#6502);
#774=VERTEX_POINT('',#6504);
#775=VERTEX_POINT('',#6957);
#776=VERTEX_POINT('',#7033);
#777=VERTEX_POINT('',#7111);
#778=VERTEX_POINT('',#7113);
#779=VERTEX_POINT('',#7566);
#780=VERTEX_POINT('',#7642);
#781=VERTEX_POINT('',#7720);
#782=VERTEX_POINT('',#7722);
#783=VERTEX_POINT('',#8033);
#784=VERTEX_POINT('',#8035);
#785=VERTEX_POINT('',#8037);
#786=VERTEX_POINT('',#8039);
#787=VERTEX_POINT('',#8115);
#788=VERTEX_POINT('',#8117);
#789=VERTEX_POINT('',#8193);
#790=VERTEX_POINT('',#8195);
#791=VERTEX_POINT('',#8200);
#792=VERTEX_POINT('',#8220);
#793=VERTEX_POINT('',#8224);
#794=VERTEX_POINT('',#8228);
#795=VERTEX_POINT('',#8230);
#796=VERTEX_POINT('',#8234);
#797=VERTEX_POINT('',#8387);
#798=VERTEX_POINT('',#8465);
#799=EDGE_CURVE('',#633,#634,#383,.T.);
#800=EDGE_CURVE('',#634,#635,#384,.T.);
#801=EDGE_CURVE('',#635,#636,#385,.T.);
#802=EDGE_CURVE('',#636,#633,#386,.T.);
#803=EDGE_CURVE('',#634,#633,#82,.T.);
#804=EDGE_CURVE('',#636,#635,#83,.T.);
#805=EDGE_CURVE('',#637,#637,#84,.T.);
#806=EDGE_CURVE('',#637,#638,#387,.T.);
#807=EDGE_CURVE('',#638,#638,#85,.T.);
#808=EDGE_CURVE('',#639,#640,#86,.T.);
#809=EDGE_CURVE('',#640,#641,#388,.T.);
#810=EDGE_CURVE('',#641,#642,#87,.T.);
#811=EDGE_CURVE('',#642,#639,#389,.T.);
#812=EDGE_CURVE('',#643,#640,#390,.T.);
#813=EDGE_CURVE('',#644,#643,#391,.T.);
#814=EDGE_CURVE('',#641,#644,#392,.T.);
#815=EDGE_CURVE('',#645,#646,#88,.T.);
#816=EDGE_CURVE('',#646,#647,#393,.T.);
#817=EDGE_CURVE('',#647,#648,#89,.T.);
#818=EDGE_CURVE('',#648,#645,#394,.T.);
#819=EDGE_CURVE('',#646,#649,#395,.T.);
#820=EDGE_CURVE('',#649,#650,#396,.T.);
#821=EDGE_CURVE('',#647,#650,#397,.T.);
#822=EDGE_CURVE('',#651,#652,#90,.T.);
#823=EDGE_CURVE('',#652,#653,#398,.T.);
#824=EDGE_CURVE('',#653,#654,#91,.T.);
#825=EDGE_CURVE('',#654,#651,#399,.T.);
#826=EDGE_CURVE('',#655,#652,#400,.T.);
#827=EDGE_CURVE('',#656,#655,#401,.T.);
#828=EDGE_CURVE('',#653,#656,#402,.T.);
#829=EDGE_CURVE('',#657,#658,#92,.T.);
#830=EDGE_CURVE('',#658,#659,#403,.T.);
#831=EDGE_CURVE('',#659,#660,#93,.T.);
#832=EDGE_CURVE('',#660,#657,#404,.T.);
#833=EDGE_CURVE('',#658,#661,#405,.T.);
#834=EDGE_CURVE('',#661,#662,#406,.T.);
#835=EDGE_CURVE('',#659,#662,#407,.T.);
#836=EDGE_CURVE('',#663,#664,#94,.T.);
#837=EDGE_CURVE('',#664,#665,#408,.T.);
#838=EDGE_CURVE('',#665,#666,#95,.T.);
#839=EDGE_CURVE('',#666,#663,#409,.T.);
#840=EDGE_CURVE('',#667,#664,#410,.T.);
#841=EDGE_CURVE('',#668,#667,#411,.T.);
#842=EDGE_CURVE('',#665,#668,#412,.T.);
#843=EDGE_CURVE('',#669,#670,#96,.T.);
#844=EDGE_CURVE('',#670,#671,#413,.T.);
#845=EDGE_CURVE('',#671,#672,#97,.T.);
#846=EDGE_CURVE('',#672,#669,#414,.T.);
#847=EDGE_CURVE('',#670,#673,#415,.T.);
#848=EDGE_CURVE('',#673,#674,#416,.T.);
#849=EDGE_CURVE('',#671,#674,#417,.T.);
#850=EDGE_CURVE('',#675,#676,#98,.T.);
#851=EDGE_CURVE('',#676,#677,#418,.T.);
#852=EDGE_CURVE('',#677,#678,#99,.T.);
#853=EDGE_CURVE('',#678,#675,#419,.T.);
#854=EDGE_CURVE('',#679,#676,#420,.T.);
#855=EDGE_CURVE('',#680,#679,#421,.T.);
#856=EDGE_CURVE('',#677,#680,#422,.T.);
#857=EDGE_CURVE('',#681,#682,#100,.T.);
#858=EDGE_CURVE('',#682,#683,#423,.T.);
#859=EDGE_CURVE('',#683,#684,#101,.T.);
#860=EDGE_CURVE('',#684,#681,#424,.T.);
#861=EDGE_CURVE('',#682,#685,#425,.T.);
#862=EDGE_CURVE('',#685,#686,#426,.T.);
#863=EDGE_CURVE('',#683,#686,#427,.T.);
#864=EDGE_CURVE('',#687,#688,#102,.T.);
#865=EDGE_CURVE('',#688,#689,#428,.T.);
#866=EDGE_CURVE('',#689,#690,#103,.T.);
#867=EDGE_CURVE('',#690,#687,#429,.T.);
#868=EDGE_CURVE('',#691,#688,#430,.T.);
#869=EDGE_CURVE('',#692,#691,#431,.T.);
#870=EDGE_CURVE('',#689,#692,#432,.T.);
#871=EDGE_CURVE('',#693,#694,#104,.T.);
#872=EDGE_CURVE('',#694,#695,#433,.T.);
#873=EDGE_CURVE('',#695,#696,#105,.T.);
#874=EDGE_CURVE('',#696,#693,#434,.T.);
#875=EDGE_CURVE('',#694,#697,#435,.T.);
#876=EDGE_CURVE('',#697,#698,#436,.T.);
#877=EDGE_CURVE('',#695,#698,#437,.T.);
#878=EDGE_CURVE('',#699,#700,#106,.T.);
#879=EDGE_CURVE('',#700,#701,#438,.T.);
#880=EDGE_CURVE('',#701,#702,#107,.T.);
#881=EDGE_CURVE('',#702,#699,#439,.T.);
#882=EDGE_CURVE('',#703,#700,#440,.T.);
#883=EDGE_CURVE('',#704,#703,#441,.T.);
#884=EDGE_CURVE('',#701,#704,#442,.T.);
#885=EDGE_CURVE('',#705,#706,#108,.T.);
#886=EDGE_CURVE('',#706,#707,#443,.T.);
#887=EDGE_CURVE('',#707,#708,#109,.T.);
#888=EDGE_CURVE('',#708,#705,#444,.T.);
#889=EDGE_CURVE('',#706,#709,#445,.T.);
#890=EDGE_CURVE('',#709,#710,#446,.T.);
#891=EDGE_CURVE('',#707,#710,#447,.T.);
#892=EDGE_CURVE('',#711,#712,#110,.T.);
#893=EDGE_CURVE('',#712,#713,#448,.T.);
#894=EDGE_CURVE('',#713,#714,#111,.T.);
#895=EDGE_CURVE('',#714,#711,#449,.T.);
#896=EDGE_CURVE('',#715,#712,#450,.T.);
#897=EDGE_CURVE('',#716,#715,#451,.T.);
#898=EDGE_CURVE('',#713,#716,#452,.T.);
#899=EDGE_CURVE('',#717,#718,#112,.T.);
#900=EDGE_CURVE('',#718,#719,#453,.T.);
#901=EDGE_CURVE('',#719,#720,#113,.T.);
#902=EDGE_CURVE('',#720,#717,#454,.T.);
#903=EDGE_CURVE('',#718,#721,#455,.T.);
#904=EDGE_CURVE('',#721,#722,#456,.T.);
#905=EDGE_CURVE('',#719,#722,#457,.T.);
#906=EDGE_CURVE('',#723,#724,#114,.T.);
#907=EDGE_CURVE('',#724,#725,#458,.T.);
#908=EDGE_CURVE('',#725,#726,#115,.T.);
#909=EDGE_CURVE('',#726,#723,#459,.T.);
#910=EDGE_CURVE('',#727,#724,#460,.T.);
#911=EDGE_CURVE('',#728,#727,#461,.T.);
#912=EDGE_CURVE('',#725,#728,#462,.T.);
#913=EDGE_CURVE('',#729,#730,#116,.T.);
#914=EDGE_CURVE('',#730,#731,#463,.T.);
#915=EDGE_CURVE('',#731,#732,#117,.T.);
#916=EDGE_CURVE('',#732,#729,#464,.T.);
#917=EDGE_CURVE('',#730,#733,#465,.T.);
#918=EDGE_CURVE('',#733,#734,#466,.T.);
#919=EDGE_CURVE('',#731,#734,#467,.T.);
#920=EDGE_CURVE('',#735,#736,#118,.T.);
#921=EDGE_CURVE('',#736,#737,#468,.T.);
#922=EDGE_CURVE('',#737,#738,#119,.T.);
#923=EDGE_CURVE('',#738,#735,#469,.T.);
#924=EDGE_CURVE('',#739,#736,#470,.T.);
#925=EDGE_CURVE('',#740,#739,#471,.T.);
#926=EDGE_CURVE('',#737,#740,#472,.T.);
#927=EDGE_CURVE('',#741,#742,#120,.T.);
#928=EDGE_CURVE('',#742,#743,#473,.T.);
#929=EDGE_CURVE('',#743,#744,#121,.T.);
#930=EDGE_CURVE('',#744,#741,#474,.T.);
#931=EDGE_CURVE('',#742,#745,#475,.T.);
#932=EDGE_CURVE('',#745,#746,#476,.T.);
#933=EDGE_CURVE('',#743,#746,#477,.T.);
#934=EDGE_CURVE('',#644,#747,#19,.T.);
#935=EDGE_CURVE('',#748,#643,#20,.T.);
#936=EDGE_CURVE('',#747,#748,#478,.T.);
#937=EDGE_CURVE('',#749,#747,#122,.T.);
#938=EDGE_CURVE('',#750,#748,#123,.T.);
#939=EDGE_CURVE('',#749,#750,#479,.T.);
#940=EDGE_CURVE('',#649,#749,#21,.T.);
#941=EDGE_CURVE('',#650,#750,#22,.T.);
#942=EDGE_CURVE('',#656,#751,#23,.T.);
#943=EDGE_CURVE('',#752,#655,#24,.T.);
#944=EDGE_CURVE('',#751,#752,#480,.T.);
#945=EDGE_CURVE('',#753,#751,#124,.T.);
#946=EDGE_CURVE('',#754,#752,#125,.T.);
#947=EDGE_CURVE('',#753,#754,#481,.T.);
#948=EDGE_CURVE('',#661,#753,#25,.T.);
#949=EDGE_CURVE('',#662,#754,#26,.T.);
#950=EDGE_CURVE('',#668,#755,#27,.T.);
#951=EDGE_CURVE('',#756,#667,#28,.T.);
#952=EDGE_CURVE('',#755,#756,#482,.T.);
#953=EDGE_CURVE('',#757,#755,#126,.T.);
#954=EDGE_CURVE('',#758,#756,#127,.T.);
#955=EDGE_CURVE('',#757,#758,#483,.T.);
#956=EDGE_CURVE('',#673,#757,#29,.T.);
#957=EDGE_CURVE('',#674,#758,#30,.T.);
#958=EDGE_CURVE('',#680,#759,#31,.T.);
#959=EDGE_CURVE('',#760,#679,#32,.T.);
#960=EDGE_CURVE('',#759,#760,#484,.T.);
#961=EDGE_CURVE('',#761,#759,#128,.T.);
#962=EDGE_CURVE('',#762,#760,#129,.T.);
#963=EDGE_CURVE('',#761,#762,#485,.T.);
#964=EDGE_CURVE('',#685,#761,#33,.T.);
#965=EDGE_CURVE('',#686,#762,#34,.T.);
#966=EDGE_CURVE('',#692,#763,#35,.T.);
#967=EDGE_CURVE('',#764,#691,#36,.T.);
#968=EDGE_CURVE('',#763,#764,#486,.T.);
#969=EDGE_CURVE('',#765,#763,#130,.T.);
#970=EDGE_CURVE('',#766,#764,#131,.T.);
#971=EDGE_CURVE('',#765,#766,#487,.T.);
#972=EDGE_CURVE('',#697,#765,#37,.T.);
#973=EDGE_CURVE('',#698,#766,#38,.T.);
#974=EDGE_CURVE('',#704,#767,#39,.T.);
#975=EDGE_CURVE('',#768,#703,#40,.T.);
#976=EDGE_CURVE('',#767,#768,#488,.T.);
#977=EDGE_CURVE('',#769,#767,#132,.T.);
#978=EDGE_CURVE('',#770,#768,#133,.T.);
#979=EDGE_CURVE('',#769,#770,#489,.T.);
#980=EDGE_CURVE('',#709,#769,#41,.T.);
#981=EDGE_CURVE('',#710,#770,#42,.T.);
#982=EDGE_CURVE('',#716,#771,#43,.T.);
#983=EDGE_CURVE('',#772,#715,#44,.T.);
#984=EDGE_CURVE('',#771,#772,#490,.T.);
#985=EDGE_CURVE('',#773,#771,#134,.T.);
#986=EDGE_CURVE('',#774,#772,#135,.T.);
#987=EDGE_CURVE('',#773,#774,#491,.T.);
#988=EDGE_CURVE('',#721,#773,#45,.T.);
#989=EDGE_CURVE('',#722,#774,#46,.T.);
#990=EDGE_CURVE('',#728,#775,#47,.T.);
#991=EDGE_CURVE('',#776,#727,#48,.T.);
#992=EDGE_CURVE('',#775,#776,#492,.T.);
#993=EDGE_CURVE('',#777,#775,#136,.T.);
#994=EDGE_CURVE('',#778,#776,#137,.T.);
#995=EDGE_CURVE('',#777,#778,#493,.T.);
#996=EDGE_CURVE('',#733,#777,#49,.T.);
#997=EDGE_CURVE('',#734,#778,#50,.T.);
#998=EDGE_CURVE('',#740,#779,#51,.T.);
#999=EDGE_CURVE('',#780,#739,#52,.T.);
#1000=EDGE_CURVE('',#779,#780,#494,.T.);
#1001=EDGE_CURVE('',#781,#779,#138,.T.);
#1002=EDGE_CURVE('',#782,#780,#139,.T.);
#1003=EDGE_CURVE('',#781,#782,#495,.T.);
#1004=EDGE_CURVE('',#745,#781,#53,.T.);
#1005=EDGE_CURVE('',#746,#782,#54,.T.);
#1006=EDGE_CURVE('',#666,#657,#140,.T.);
#1007=EDGE_CURVE('',#678,#669,#141,.T.);
#1008=EDGE_CURVE('',#690,#681,#142,.T.);
#1009=EDGE_CURVE('',#702,#693,#143,.T.);
#1010=EDGE_CURVE('',#714,#705,#144,.T.);
#1011=EDGE_CURVE('',#726,#717,#145,.T.);
#1012=EDGE_CURVE('',#738,#729,#146,.T.);
#1013=EDGE_CURVE('',#783,#741,#147,.T.);
#1014=EDGE_CURVE('',#784,#783,#148,.T.);
#1015=EDGE_CURVE('',#784,#785,#496,.T.);
#1016=EDGE_CURVE('',#785,#786,#55,.T.);
#1017=EDGE_CURVE('',#787,#786,#149,.T.);
#1018=EDGE_CURVE('',#788,#787,#56,.T.);
#1019=EDGE_CURVE('',#789,#788,#497,.T.);
#1020=EDGE_CURVE('',#790,#789,#150,.T.);
#1021=EDGE_CURVE('',#642,#790,#151,.T.);
#1022=EDGE_CURVE('',#654,#645,#152,.T.);
#1023=EDGE_CURVE('',#791,#744,#153,.T.);
#1024=EDGE_CURVE('',#783,#791,#498,.T.);
#1025=EDGE_CURVE('',#735,#732,#154,.T.);
#1026=EDGE_CURVE('',#723,#720,#155,.T.);
#1027=EDGE_CURVE('',#711,#708,#156,.T.);
#1028=EDGE_CURVE('',#699,#696,#157,.T.);
#1029=EDGE_CURVE('',#687,#684,#158,.T.);
#1030=EDGE_CURVE('',#675,#672,#159,.T.);
#1031=EDGE_CURVE('',#663,#660,#160,.T.);
#1032=EDGE_CURVE('',#651,#648,#161,.T.);
#1033=EDGE_CURVE('',#791,#792,#162,.T.);
#1034=EDGE_CURVE('',#792,#784,#499,.T.);
#1035=EDGE_CURVE('',#793,#792,#500,.T.);
#1036=EDGE_CURVE('',#785,#793,#501,.T.);
#1037=EDGE_CURVE('',#789,#794,#502,.T.);
#1038=EDGE_CURVE('',#794,#795,#163,.T.);
#1039=EDGE_CURVE('',#795,#790,#503,.T.);
#1040=EDGE_CURVE('',#788,#796,#504,.T.);
#1041=EDGE_CURVE('',#794,#796,#505,.T.);
#1042=EDGE_CURVE('',#797,#793,#57,.T.);
#1043=EDGE_CURVE('',#786,#797,#506,.T.);
#1044=EDGE_CURVE('',#798,#797,#164,.T.);
#1045=EDGE_CURVE('',#787,#798,#507,.T.);
#1046=EDGE_CURVE('',#796,#798,#58,.T.);
#1047=EDGE_CURVE('',#639,#795,#165,.T.);
#1048=ORIENTED_EDGE('',*,*,#799,.T.);
#1049=ORIENTED_EDGE('',*,*,#800,.T.);
#1050=ORIENTED_EDGE('',*,*,#801,.T.);
#1051=ORIENTED_EDGE('',*,*,#802,.T.);
#1052=ORIENTED_EDGE('',*,*,#803,.T.);
#1053=ORIENTED_EDGE('',*,*,#802,.F.);
#1054=ORIENTED_EDGE('',*,*,#804,.T.);
#1055=ORIENTED_EDGE('',*,*,#800,.F.);
#1056=ORIENTED_EDGE('',*,*,#805,.F.);
#1057=ORIENTED_EDGE('',*,*,#806,.T.);
#1058=ORIENTED_EDGE('',*,*,#807,.F.);
#1059=ORIENTED_EDGE('',*,*,#806,.F.);
#1060=ORIENTED_EDGE('',*,*,#805,.T.);
#1061=ORIENTED_EDGE('',*,*,#803,.F.);
#1062=ORIENTED_EDGE('',*,*,#799,.F.);
#1063=ORIENTED_EDGE('',*,*,#808,.T.);
#1064=ORIENTED_EDGE('',*,*,#809,.T.);
#1065=ORIENTED_EDGE('',*,*,#810,.T.);
#1066=ORIENTED_EDGE('',*,*,#811,.T.);
#1067=ORIENTED_EDGE('',*,*,#809,.F.);
#1068=ORIENTED_EDGE('',*,*,#812,.F.);
#1069=ORIENTED_EDGE('',*,*,#813,.F.);
#1070=ORIENTED_EDGE('',*,*,#814,.F.);
#1071=ORIENTED_EDGE('',*,*,#815,.T.);
#1072=ORIENTED_EDGE('',*,*,#816,.T.);
#1073=ORIENTED_EDGE('',*,*,#817,.T.);
#1074=ORIENTED_EDGE('',*,*,#818,.T.);
#1075=ORIENTED_EDGE('',*,*,#816,.F.);
#1076=ORIENTED_EDGE('',*,*,#819,.T.);
#1077=ORIENTED_EDGE('',*,*,#820,.T.);
#1078=ORIENTED_EDGE('',*,*,#821,.F.);
#1079=ORIENTED_EDGE('',*,*,#822,.T.);
#1080=ORIENTED_EDGE('',*,*,#823,.T.);
#1081=ORIENTED_EDGE('',*,*,#824,.T.);
#1082=ORIENTED_EDGE('',*,*,#825,.T.);
#1083=ORIENTED_EDGE('',*,*,#823,.F.);
#1084=ORIENTED_EDGE('',*,*,#826,.F.);
#1085=ORIENTED_EDGE('',*,*,#827,.F.);
#1086=ORIENTED_EDGE('',*,*,#828,.F.);
#1087=ORIENTED_EDGE('',*,*,#829,.T.);
#1088=ORIENTED_EDGE('',*,*,#830,.T.);
#1089=ORIENTED_EDGE('',*,*,#831,.T.);
#1090=ORIENTED_EDGE('',*,*,#832,.T.);
#1091=ORIENTED_EDGE('',*,*,#830,.F.);
#1092=ORIENTED_EDGE('',*,*,#833,.T.);
#1093=ORIENTED_EDGE('',*,*,#834,.T.);
#1094=ORIENTED_EDGE('',*,*,#835,.F.);
#1095=ORIENTED_EDGE('',*,*,#836,.T.);
#1096=ORIENTED_EDGE('',*,*,#837,.T.);
#1097=ORIENTED_EDGE('',*,*,#838,.T.);
#1098=ORIENTED_EDGE('',*,*,#839,.T.);
#1099=ORIENTED_EDGE('',*,*,#837,.F.);
#1100=ORIENTED_EDGE('',*,*,#840,.F.);
#1101=ORIENTED_EDGE('',*,*,#841,.F.);
#1102=ORIENTED_EDGE('',*,*,#842,.F.);
#1103=ORIENTED_EDGE('',*,*,#843,.T.);
#1104=ORIENTED_EDGE('',*,*,#844,.T.);
#1105=ORIENTED_EDGE('',*,*,#845,.T.);
#1106=ORIENTED_EDGE('',*,*,#846,.T.);
#1107=ORIENTED_EDGE('',*,*,#844,.F.);
#1108=ORIENTED_EDGE('',*,*,#847,.T.);
#1109=ORIENTED_EDGE('',*,*,#848,.T.);
#1110=ORIENTED_EDGE('',*,*,#849,.F.);
#1111=ORIENTED_EDGE('',*,*,#850,.T.);
#1112=ORIENTED_EDGE('',*,*,#851,.T.);
#1113=ORIENTED_EDGE('',*,*,#852,.T.);
#1114=ORIENTED_EDGE('',*,*,#853,.T.);
#1115=ORIENTED_EDGE('',*,*,#851,.F.);
#1116=ORIENTED_EDGE('',*,*,#854,.F.);
#1117=ORIENTED_EDGE('',*,*,#855,.F.);
#1118=ORIENTED_EDGE('',*,*,#856,.F.);
#1119=ORIENTED_EDGE('',*,*,#857,.T.);
#1120=ORIENTED_EDGE('',*,*,#858,.T.);
#1121=ORIENTED_EDGE('',*,*,#859,.T.);
#1122=ORIENTED_EDGE('',*,*,#860,.T.);
#1123=ORIENTED_EDGE('',*,*,#858,.F.);
#1124=ORIENTED_EDGE('',*,*,#861,.T.);
#1125=ORIENTED_EDGE('',*,*,#862,.T.);
#1126=ORIENTED_EDGE('',*,*,#863,.F.);
#1127=ORIENTED_EDGE('',*,*,#864,.T.);
#1128=ORIENTED_EDGE('',*,*,#865,.T.);
#1129=ORIENTED_EDGE('',*,*,#866,.T.);
#1130=ORIENTED_EDGE('',*,*,#867,.T.);
#1131=ORIENTED_EDGE('',*,*,#865,.F.);
#1132=ORIENTED_EDGE('',*,*,#868,.F.);
#1133=ORIENTED_EDGE('',*,*,#869,.F.);
#1134=ORIENTED_EDGE('',*,*,#870,.F.);
#1135=ORIENTED_EDGE('',*,*,#871,.T.);
#1136=ORIENTED_EDGE('',*,*,#872,.T.);
#1137=ORIENTED_EDGE('',*,*,#873,.T.);
#1138=ORIENTED_EDGE('',*,*,#874,.T.);
#1139=ORIENTED_EDGE('',*,*,#872,.F.);
#1140=ORIENTED_EDGE('',*,*,#875,.T.);
#1141=ORIENTED_EDGE('',*,*,#876,.T.);
#1142=ORIENTED_EDGE('',*,*,#877,.F.);
#1143=ORIENTED_EDGE('',*,*,#878,.T.);
#1144=ORIENTED_EDGE('',*,*,#879,.T.);
#1145=ORIENTED_EDGE('',*,*,#880,.T.);
#1146=ORIENTED_EDGE('',*,*,#881,.T.);
#1147=ORIENTED_EDGE('',*,*,#879,.F.);
#1148=ORIENTED_EDGE('',*,*,#882,.F.);
#1149=ORIENTED_EDGE('',*,*,#883,.F.);
#1150=ORIENTED_EDGE('',*,*,#884,.F.);
#1151=ORIENTED_EDGE('',*,*,#885,.T.);
#1152=ORIENTED_EDGE('',*,*,#886,.T.);
#1153=ORIENTED_EDGE('',*,*,#887,.T.);
#1154=ORIENTED_EDGE('',*,*,#888,.T.);
#1155=ORIENTED_EDGE('',*,*,#886,.F.);
#1156=ORIENTED_EDGE('',*,*,#889,.T.);
#1157=ORIENTED_EDGE('',*,*,#890,.T.);
#1158=ORIENTED_EDGE('',*,*,#891,.F.);
#1159=ORIENTED_EDGE('',*,*,#892,.T.);
#1160=ORIENTED_EDGE('',*,*,#893,.T.);
#1161=ORIENTED_EDGE('',*,*,#894,.T.);
#1162=ORIENTED_EDGE('',*,*,#895,.T.);
#1163=ORIENTED_EDGE('',*,*,#893,.F.);
#1164=ORIENTED_EDGE('',*,*,#896,.F.);
#1165=ORIENTED_EDGE('',*,*,#897,.F.);
#1166=ORIENTED_EDGE('',*,*,#898,.F.);
#1167=ORIENTED_EDGE('',*,*,#899,.T.);
#1168=ORIENTED_EDGE('',*,*,#900,.T.);
#1169=ORIENTED_EDGE('',*,*,#901,.T.);
#1170=ORIENTED_EDGE('',*,*,#902,.T.);
#1171=ORIENTED_EDGE('',*,*,#900,.F.);
#1172=ORIENTED_EDGE('',*,*,#903,.T.);
#1173=ORIENTED_EDGE('',*,*,#904,.T.);
#1174=ORIENTED_EDGE('',*,*,#905,.F.);
#1175=ORIENTED_EDGE('',*,*,#906,.T.);
#1176=ORIENTED_EDGE('',*,*,#907,.T.);
#1177=ORIENTED_EDGE('',*,*,#908,.T.);
#1178=ORIENTED_EDGE('',*,*,#909,.T.);
#1179=ORIENTED_EDGE('',*,*,#907,.F.);
#1180=ORIENTED_EDGE('',*,*,#910,.F.);
#1181=ORIENTED_EDGE('',*,*,#911,.F.);
#1182=ORIENTED_EDGE('',*,*,#912,.F.);
#1183=ORIENTED_EDGE('',*,*,#913,.T.);
#1184=ORIENTED_EDGE('',*,*,#914,.T.);
#1185=ORIENTED_EDGE('',*,*,#915,.T.);
#1186=ORIENTED_EDGE('',*,*,#916,.T.);
#1187=ORIENTED_EDGE('',*,*,#914,.F.);
#1188=ORIENTED_EDGE('',*,*,#917,.T.);
#1189=ORIENTED_EDGE('',*,*,#918,.T.);
#1190=ORIENTED_EDGE('',*,*,#919,.F.);
#1191=ORIENTED_EDGE('',*,*,#920,.T.);
#1192=ORIENTED_EDGE('',*,*,#921,.T.);
#1193=ORIENTED_EDGE('',*,*,#922,.T.);
#1194=ORIENTED_EDGE('',*,*,#923,.T.);
#1195=ORIENTED_EDGE('',*,*,#921,.F.);
#1196=ORIENTED_EDGE('',*,*,#924,.F.);
#1197=ORIENTED_EDGE('',*,*,#925,.F.);
#1198=ORIENTED_EDGE('',*,*,#926,.F.);
#1199=ORIENTED_EDGE('',*,*,#927,.T.);
#1200=ORIENTED_EDGE('',*,*,#928,.T.);
#1201=ORIENTED_EDGE('',*,*,#929,.T.);
#1202=ORIENTED_EDGE('',*,*,#930,.T.);
#1203=ORIENTED_EDGE('',*,*,#928,.F.);
#1204=ORIENTED_EDGE('',*,*,#931,.T.);
#1205=ORIENTED_EDGE('',*,*,#932,.T.);
#1206=ORIENTED_EDGE('',*,*,#933,.F.);
#1207=ORIENTED_EDGE('',*,*,#934,.F.);
#1208=ORIENTED_EDGE('',*,*,#813,.T.);
#1209=ORIENTED_EDGE('',*,*,#935,.F.);
#1210=ORIENTED_EDGE('',*,*,#936,.F.);
#1211=ORIENTED_EDGE('',*,*,#937,.T.);
#1212=ORIENTED_EDGE('',*,*,#936,.T.);
#1213=ORIENTED_EDGE('',*,*,#938,.F.);
#1214=ORIENTED_EDGE('',*,*,#939,.F.);
#1215=ORIENTED_EDGE('',*,*,#940,.T.);
#1216=ORIENTED_EDGE('',*,*,#939,.T.);
#1217=ORIENTED_EDGE('',*,*,#941,.F.);
#1218=ORIENTED_EDGE('',*,*,#820,.F.);
#1219=ORIENTED_EDGE('',*,*,#942,.F.);
#1220=ORIENTED_EDGE('',*,*,#827,.T.);
#1221=ORIENTED_EDGE('',*,*,#943,.F.);
#1222=ORIENTED_EDGE('',*,*,#944,.F.);
#1223=ORIENTED_EDGE('',*,*,#945,.T.);
#1224=ORIENTED_EDGE('',*,*,#944,.T.);
#1225=ORIENTED_EDGE('',*,*,#946,.F.);
#1226=ORIENTED_EDGE('',*,*,#947,.F.);
#1227=ORIENTED_EDGE('',*,*,#948,.T.);
#1228=ORIENTED_EDGE('',*,*,#947,.T.);
#1229=ORIENTED_EDGE('',*,*,#949,.F.);
#1230=ORIENTED_EDGE('',*,*,#834,.F.);
#1231=ORIENTED_EDGE('',*,*,#950,.F.);
#1232=ORIENTED_EDGE('',*,*,#841,.T.);
#1233=ORIENTED_EDGE('',*,*,#951,.F.);
#1234=ORIENTED_EDGE('',*,*,#952,.F.);
#1235=ORIENTED_EDGE('',*,*,#953,.T.);
#1236=ORIENTED_EDGE('',*,*,#952,.T.);
#1237=ORIENTED_EDGE('',*,*,#954,.F.);
#1238=ORIENTED_EDGE('',*,*,#955,.F.);
#1239=ORIENTED_EDGE('',*,*,#956,.T.);
#1240=ORIENTED_EDGE('',*,*,#955,.T.);
#1241=ORIENTED_EDGE('',*,*,#957,.F.);
#1242=ORIENTED_EDGE('',*,*,#848,.F.);
#1243=ORIENTED_EDGE('',*,*,#958,.F.);
#1244=ORIENTED_EDGE('',*,*,#855,.T.);
#1245=ORIENTED_EDGE('',*,*,#959,.F.);
#1246=ORIENTED_EDGE('',*,*,#960,.F.);
#1247=ORIENTED_EDGE('',*,*,#961,.T.);
#1248=ORIENTED_EDGE('',*,*,#960,.T.);
#1249=ORIENTED_EDGE('',*,*,#962,.F.);
#1250=ORIENTED_EDGE('',*,*,#963,.F.);
#1251=ORIENTED_EDGE('',*,*,#964,.T.);
#1252=ORIENTED_EDGE('',*,*,#963,.T.);
#1253=ORIENTED_EDGE('',*,*,#965,.F.);
#1254=ORIENTED_EDGE('',*,*,#862,.F.);
#1255=ORIENTED_EDGE('',*,*,#966,.F.);
#1256=ORIENTED_EDGE('',*,*,#869,.T.);
#1257=ORIENTED_EDGE('',*,*,#967,.F.);
#1258=ORIENTED_EDGE('',*,*,#968,.F.);
#1259=ORIENTED_EDGE('',*,*,#969,.T.);
#1260=ORIENTED_EDGE('',*,*,#968,.T.);
#1261=ORIENTED_EDGE('',*,*,#970,.F.);
#1262=ORIENTED_EDGE('',*,*,#971,.F.);
#1263=ORIENTED_EDGE('',*,*,#972,.T.);
#1264=ORIENTED_EDGE('',*,*,#971,.T.);
#1265=ORIENTED_EDGE('',*,*,#973,.F.);
#1266=ORIENTED_EDGE('',*,*,#876,.F.);
#1267=ORIENTED_EDGE('',*,*,#974,.F.);
#1268=ORIENTED_EDGE('',*,*,#883,.T.);
#1269=ORIENTED_EDGE('',*,*,#975,.F.);
#1270=ORIENTED_EDGE('',*,*,#976,.F.);
#1271=ORIENTED_EDGE('',*,*,#977,.T.);
#1272=ORIENTED_EDGE('',*,*,#976,.T.);
#1273=ORIENTED_EDGE('',*,*,#978,.F.);
#1274=ORIENTED_EDGE('',*,*,#979,.F.);
#1275=ORIENTED_EDGE('',*,*,#980,.T.);
#1276=ORIENTED_EDGE('',*,*,#979,.T.);
#1277=ORIENTED_EDGE('',*,*,#981,.F.);
#1278=ORIENTED_EDGE('',*,*,#890,.F.);
#1279=ORIENTED_EDGE('',*,*,#982,.F.);
#1280=ORIENTED_EDGE('',*,*,#897,.T.);
#1281=ORIENTED_EDGE('',*,*,#983,.F.);
#1282=ORIENTED_EDGE('',*,*,#984,.F.);
#1283=ORIENTED_EDGE('',*,*,#985,.T.);
#1284=ORIENTED_EDGE('',*,*,#984,.T.);
#1285=ORIENTED_EDGE('',*,*,#986,.F.);
#1286=ORIENTED_EDGE('',*,*,#987,.F.);
#1287=ORIENTED_EDGE('',*,*,#988,.T.);
#1288=ORIENTED_EDGE('',*,*,#987,.T.);
#1289=ORIENTED_EDGE('',*,*,#989,.F.);
#1290=ORIENTED_EDGE('',*,*,#904,.F.);
#1291=ORIENTED_EDGE('',*,*,#990,.F.);
#1292=ORIENTED_EDGE('',*,*,#911,.T.);
#1293=ORIENTED_EDGE('',*,*,#991,.F.);
#1294=ORIENTED_EDGE('',*,*,#992,.F.);
#1295=ORIENTED_EDGE('',*,*,#993,.T.);
#1296=ORIENTED_EDGE('',*,*,#992,.T.);
#1297=ORIENTED_EDGE('',*,*,#994,.F.);
#1298=ORIENTED_EDGE('',*,*,#995,.F.);
#1299=ORIENTED_EDGE('',*,*,#996,.T.);
#1300=ORIENTED_EDGE('',*,*,#995,.T.);
#1301=ORIENTED_EDGE('',*,*,#997,.F.);
#1302=ORIENTED_EDGE('',*,*,#918,.F.);
#1303=ORIENTED_EDGE('',*,*,#998,.F.);
#1304=ORIENTED_EDGE('',*,*,#925,.T.);
#1305=ORIENTED_EDGE('',*,*,#999,.F.);
#1306=ORIENTED_EDGE('',*,*,#1000,.F.);
#1307=ORIENTED_EDGE('',*,*,#1001,.T.);
#1308=ORIENTED_EDGE('',*,*,#1000,.T.);
#1309=ORIENTED_EDGE('',*,*,#1002,.F.);
#1310=ORIENTED_EDGE('',*,*,#1003,.F.);
#1311=ORIENTED_EDGE('',*,*,#1004,.T.);
#1312=ORIENTED_EDGE('',*,*,#1003,.T.);
#1313=ORIENTED_EDGE('',*,*,#1005,.F.);
#1314=ORIENTED_EDGE('',*,*,#932,.F.);
#1315=ORIENTED_EDGE('',*,*,#824,.F.);
#1316=ORIENTED_EDGE('',*,*,#828,.T.);
#1317=ORIENTED_EDGE('',*,*,#942,.T.);
#1318=ORIENTED_EDGE('',*,*,#945,.F.);
#1319=ORIENTED_EDGE('',*,*,#948,.F.);
#1320=ORIENTED_EDGE('',*,*,#833,.F.);
#1321=ORIENTED_EDGE('',*,*,#829,.F.);
#1322=ORIENTED_EDGE('',*,*,#1006,.F.);
#1323=ORIENTED_EDGE('',*,*,#838,.F.);
#1324=ORIENTED_EDGE('',*,*,#842,.T.);
#1325=ORIENTED_EDGE('',*,*,#950,.T.);
#1326=ORIENTED_EDGE('',*,*,#953,.F.);
#1327=ORIENTED_EDGE('',*,*,#956,.F.);
#1328=ORIENTED_EDGE('',*,*,#847,.F.);
#1329=ORIENTED_EDGE('',*,*,#843,.F.);
#1330=ORIENTED_EDGE('',*,*,#1007,.F.);
#1331=ORIENTED_EDGE('',*,*,#852,.F.);
#1332=ORIENTED_EDGE('',*,*,#856,.T.);
#1333=ORIENTED_EDGE('',*,*,#958,.T.);
#1334=ORIENTED_EDGE('',*,*,#961,.F.);
#1335=ORIENTED_EDGE('',*,*,#964,.F.);
#1336=ORIENTED_EDGE('',*,*,#861,.F.);
#1337=ORIENTED_EDGE('',*,*,#857,.F.);
#1338=ORIENTED_EDGE('',*,*,#1008,.F.);
#1339=ORIENTED_EDGE('',*,*,#866,.F.);
#1340=ORIENTED_EDGE('',*,*,#870,.T.);
#1341=ORIENTED_EDGE('',*,*,#966,.T.);
#1342=ORIENTED_EDGE('',*,*,#969,.F.);
#1343=ORIENTED_EDGE('',*,*,#972,.F.);
#1344=ORIENTED_EDGE('',*,*,#875,.F.);
#1345=ORIENTED_EDGE('',*,*,#871,.F.);
#1346=ORIENTED_EDGE('',*,*,#1009,.F.);
#1347=ORIENTED_EDGE('',*,*,#880,.F.);
#1348=ORIENTED_EDGE('',*,*,#884,.T.);
#1349=ORIENTED_EDGE('',*,*,#974,.T.);
#1350=ORIENTED_EDGE('',*,*,#977,.F.);
#1351=ORIENTED_EDGE('',*,*,#980,.F.);
#1352=ORIENTED_EDGE('',*,*,#889,.F.);
#1353=ORIENTED_EDGE('',*,*,#885,.F.);
#1354=ORIENTED_EDGE('',*,*,#1010,.F.);
#1355=ORIENTED_EDGE('',*,*,#894,.F.);
#1356=ORIENTED_EDGE('',*,*,#898,.T.);
#1357=ORIENTED_EDGE('',*,*,#982,.T.);
#1358=ORIENTED_EDGE('',*,*,#985,.F.);
#1359=ORIENTED_EDGE('',*,*,#988,.F.);
#1360=ORIENTED_EDGE('',*,*,#903,.F.);
#1361=ORIENTED_EDGE('',*,*,#899,.F.);
#1362=ORIENTED_EDGE('',*,*,#1011,.F.);
#1363=ORIENTED_EDGE('',*,*,#908,.F.);
#1364=ORIENTED_EDGE('',*,*,#912,.T.);
#1365=ORIENTED_EDGE('',*,*,#990,.T.);
#1366=ORIENTED_EDGE('',*,*,#993,.F.);
#1367=ORIENTED_EDGE('',*,*,#996,.F.);
#1368=ORIENTED_EDGE('',*,*,#917,.F.);
#1369=ORIENTED_EDGE('',*,*,#913,.F.);
#1370=ORIENTED_EDGE('',*,*,#1012,.F.);
#1371=ORIENTED_EDGE('',*,*,#922,.F.);
#1372=ORIENTED_EDGE('',*,*,#926,.T.);
#1373=ORIENTED_EDGE('',*,*,#998,.T.);
#1374=ORIENTED_EDGE('',*,*,#1001,.F.);
#1375=ORIENTED_EDGE('',*,*,#1004,.F.);
#1376=ORIENTED_EDGE('',*,*,#931,.F.);
#1377=ORIENTED_EDGE('',*,*,#927,.F.);
#1378=ORIENTED_EDGE('',*,*,#1013,.F.);
#1379=ORIENTED_EDGE('',*,*,#1014,.F.);
#1380=ORIENTED_EDGE('',*,*,#1015,.T.);
#1381=ORIENTED_EDGE('',*,*,#1016,.T.);
#1382=ORIENTED_EDGE('',*,*,#1017,.F.);
#1383=ORIENTED_EDGE('',*,*,#1018,.F.);
#1384=ORIENTED_EDGE('',*,*,#1019,.F.);
#1385=ORIENTED_EDGE('',*,*,#1020,.F.);
#1386=ORIENTED_EDGE('',*,*,#1021,.F.);
#1387=ORIENTED_EDGE('',*,*,#810,.F.);
#1388=ORIENTED_EDGE('',*,*,#814,.T.);
#1389=ORIENTED_EDGE('',*,*,#934,.T.);
#1390=ORIENTED_EDGE('',*,*,#937,.F.);
#1391=ORIENTED_EDGE('',*,*,#940,.F.);
#1392=ORIENTED_EDGE('',*,*,#819,.F.);
#1393=ORIENTED_EDGE('',*,*,#815,.F.);
#1394=ORIENTED_EDGE('',*,*,#1022,.F.);
#1395=ORIENTED_EDGE('',*,*,#807,.T.);
#1396=ORIENTED_EDGE('',*,*,#930,.F.);
#1397=ORIENTED_EDGE('',*,*,#1023,.F.);
#1398=ORIENTED_EDGE('',*,*,#1024,.F.);
#1399=ORIENTED_EDGE('',*,*,#1013,.T.);
#1400=ORIENTED_EDGE('',*,*,#916,.F.);
#1401=ORIENTED_EDGE('',*,*,#1025,.F.);
#1402=ORIENTED_EDGE('',*,*,#923,.F.);
#1403=ORIENTED_EDGE('',*,*,#1012,.T.);
#1404=ORIENTED_EDGE('',*,*,#902,.F.);
#1405=ORIENTED_EDGE('',*,*,#1026,.F.);
#1406=ORIENTED_EDGE('',*,*,#909,.F.);
#1407=ORIENTED_EDGE('',*,*,#1011,.T.);
#1408=ORIENTED_EDGE('',*,*,#888,.F.);
#1409=ORIENTED_EDGE('',*,*,#1027,.F.);
#1410=ORIENTED_EDGE('',*,*,#895,.F.);
#1411=ORIENTED_EDGE('',*,*,#1010,.T.);
#1412=ORIENTED_EDGE('',*,*,#874,.F.);
#1413=ORIENTED_EDGE('',*,*,#1028,.F.);
#1414=ORIENTED_EDGE('',*,*,#881,.F.);
#1415=ORIENTED_EDGE('',*,*,#1009,.T.);
#1416=ORIENTED_EDGE('',*,*,#860,.F.);
#1417=ORIENTED_EDGE('',*,*,#1029,.F.);
#1418=ORIENTED_EDGE('',*,*,#867,.F.);
#1419=ORIENTED_EDGE('',*,*,#1008,.T.);
#1420=ORIENTED_EDGE('',*,*,#846,.F.);
#1421=ORIENTED_EDGE('',*,*,#1030,.F.);
#1422=ORIENTED_EDGE('',*,*,#853,.F.);
#1423=ORIENTED_EDGE('',*,*,#1007,.T.);
#1424=ORIENTED_EDGE('',*,*,#832,.F.);
#1425=ORIENTED_EDGE('',*,*,#1031,.F.);
#1426=ORIENTED_EDGE('',*,*,#839,.F.);
#1427=ORIENTED_EDGE('',*,*,#1006,.T.);
#1428=ORIENTED_EDGE('',*,*,#818,.F.);
#1429=ORIENTED_EDGE('',*,*,#1032,.F.);
#1430=ORIENTED_EDGE('',*,*,#825,.F.);
#1431=ORIENTED_EDGE('',*,*,#1022,.T.);
#1432=ORIENTED_EDGE('',*,*,#1033,.T.);
#1433=ORIENTED_EDGE('',*,*,#1034,.T.);
#1434=ORIENTED_EDGE('',*,*,#1014,.T.);
#1435=ORIENTED_EDGE('',*,*,#1024,.T.);
#1436=ORIENTED_EDGE('',*,*,#1034,.F.);
#1437=ORIENTED_EDGE('',*,*,#1035,.F.);
#1438=ORIENTED_EDGE('',*,*,#1036,.F.);
#1439=ORIENTED_EDGE('',*,*,#1015,.F.);
#1440=ORIENTED_EDGE('',*,*,#1020,.T.);
#1441=ORIENTED_EDGE('',*,*,#1037,.T.);
#1442=ORIENTED_EDGE('',*,*,#1038,.T.);
#1443=ORIENTED_EDGE('',*,*,#1039,.T.);
#1444=ORIENTED_EDGE('',*,*,#1037,.F.);
#1445=ORIENTED_EDGE('',*,*,#1019,.T.);
#1446=ORIENTED_EDGE('',*,*,#1040,.T.);
#1447=ORIENTED_EDGE('',*,*,#1041,.F.);
#1448=ORIENTED_EDGE('',*,*,#1016,.F.);
#1449=ORIENTED_EDGE('',*,*,#1036,.T.);
#1450=ORIENTED_EDGE('',*,*,#1042,.F.);
#1451=ORIENTED_EDGE('',*,*,#1043,.F.);
#1452=ORIENTED_EDGE('',*,*,#1017,.T.);
#1453=ORIENTED_EDGE('',*,*,#1043,.T.);
#1454=ORIENTED_EDGE('',*,*,#1044,.F.);
#1455=ORIENTED_EDGE('',*,*,#1045,.F.);
#1456=ORIENTED_EDGE('',*,*,#1018,.T.);
#1457=ORIENTED_EDGE('',*,*,#1045,.T.);
#1458=ORIENTED_EDGE('',*,*,#1046,.F.);
#1459=ORIENTED_EDGE('',*,*,#1040,.F.);
#1460=ORIENTED_EDGE('',*,*,#1047,.T.);
#1461=ORIENTED_EDGE('',*,*,#1038,.F.);
#1462=ORIENTED_EDGE('',*,*,#1041,.T.);
#1463=ORIENTED_EDGE('',*,*,#1046,.T.);
#1464=ORIENTED_EDGE('',*,*,#1044,.T.);
#1465=ORIENTED_EDGE('',*,*,#1042,.T.);
#1466=ORIENTED_EDGE('',*,*,#1035,.T.);
#1467=ORIENTED_EDGE('',*,*,#1033,.F.);
#1468=ORIENTED_EDGE('',*,*,#1023,.T.);
#1469=ORIENTED_EDGE('',*,*,#929,.F.);
#1470=ORIENTED_EDGE('',*,*,#933,.T.);
#1471=ORIENTED_EDGE('',*,*,#1005,.T.);
#1472=ORIENTED_EDGE('',*,*,#1002,.T.);
#1473=ORIENTED_EDGE('',*,*,#999,.T.);
#1474=ORIENTED_EDGE('',*,*,#924,.T.);
#1475=ORIENTED_EDGE('',*,*,#920,.F.);
#1476=ORIENTED_EDGE('',*,*,#1025,.T.);
#1477=ORIENTED_EDGE('',*,*,#915,.F.);
#1478=ORIENTED_EDGE('',*,*,#919,.T.);
#1479=ORIENTED_EDGE('',*,*,#997,.T.);
#1480=ORIENTED_EDGE('',*,*,#994,.T.);
#1481=ORIENTED_EDGE('',*,*,#991,.T.);
#1482=ORIENTED_EDGE('',*,*,#910,.T.);
#1483=ORIENTED_EDGE('',*,*,#906,.F.);
#1484=ORIENTED_EDGE('',*,*,#1026,.T.);
#1485=ORIENTED_EDGE('',*,*,#901,.F.);
#1486=ORIENTED_EDGE('',*,*,#905,.T.);
#1487=ORIENTED_EDGE('',*,*,#989,.T.);
#1488=ORIENTED_EDGE('',*,*,#986,.T.);
#1489=ORIENTED_EDGE('',*,*,#983,.T.);
#1490=ORIENTED_EDGE('',*,*,#896,.T.);
#1491=ORIENTED_EDGE('',*,*,#892,.F.);
#1492=ORIENTED_EDGE('',*,*,#1027,.T.);
#1493=ORIENTED_EDGE('',*,*,#887,.F.);
#1494=ORIENTED_EDGE('',*,*,#891,.T.);
#1495=ORIENTED_EDGE('',*,*,#981,.T.);
#1496=ORIENTED_EDGE('',*,*,#978,.T.);
#1497=ORIENTED_EDGE('',*,*,#975,.T.);
#1498=ORIENTED_EDGE('',*,*,#882,.T.);
#1499=ORIENTED_EDGE('',*,*,#878,.F.);
#1500=ORIENTED_EDGE('',*,*,#1028,.T.);
#1501=ORIENTED_EDGE('',*,*,#873,.F.);
#1502=ORIENTED_EDGE('',*,*,#877,.T.);
#1503=ORIENTED_EDGE('',*,*,#973,.T.);
#1504=ORIENTED_EDGE('',*,*,#970,.T.);
#1505=ORIENTED_EDGE('',*,*,#967,.T.);
#1506=ORIENTED_EDGE('',*,*,#868,.T.);
#1507=ORIENTED_EDGE('',*,*,#864,.F.);
#1508=ORIENTED_EDGE('',*,*,#1029,.T.);
#1509=ORIENTED_EDGE('',*,*,#859,.F.);
#1510=ORIENTED_EDGE('',*,*,#863,.T.);
#1511=ORIENTED_EDGE('',*,*,#965,.T.);
#1512=ORIENTED_EDGE('',*,*,#962,.T.);
#1513=ORIENTED_EDGE('',*,*,#959,.T.);
#1514=ORIENTED_EDGE('',*,*,#854,.T.);
#1515=ORIENTED_EDGE('',*,*,#850,.F.);
#1516=ORIENTED_EDGE('',*,*,#1030,.T.);
#1517=ORIENTED_EDGE('',*,*,#845,.F.);
#1518=ORIENTED_EDGE('',*,*,#849,.T.);
#1519=ORIENTED_EDGE('',*,*,#957,.T.);
#1520=ORIENTED_EDGE('',*,*,#954,.T.);
#1521=ORIENTED_EDGE('',*,*,#951,.T.);
#1522=ORIENTED_EDGE('',*,*,#840,.T.);
#1523=ORIENTED_EDGE('',*,*,#836,.F.);
#1524=ORIENTED_EDGE('',*,*,#1031,.T.);
#1525=ORIENTED_EDGE('',*,*,#831,.F.);
#1526=ORIENTED_EDGE('',*,*,#835,.T.);
#1527=ORIENTED_EDGE('',*,*,#949,.T.);
#1528=ORIENTED_EDGE('',*,*,#946,.T.);
#1529=ORIENTED_EDGE('',*,*,#943,.T.);
#1530=ORIENTED_EDGE('',*,*,#826,.T.);
#1531=ORIENTED_EDGE('',*,*,#822,.F.);
#1532=ORIENTED_EDGE('',*,*,#1032,.T.);
#1533=ORIENTED_EDGE('',*,*,#817,.F.);
#1534=ORIENTED_EDGE('',*,*,#821,.T.);
#1535=ORIENTED_EDGE('',*,*,#941,.T.);
#1536=ORIENTED_EDGE('',*,*,#938,.T.);
#1537=ORIENTED_EDGE('',*,*,#935,.T.);
#1538=ORIENTED_EDGE('',*,*,#812,.T.);
#1539=ORIENTED_EDGE('',*,*,#808,.F.);
#1540=ORIENTED_EDGE('',*,*,#804,.F.);
#1541=ORIENTED_EDGE('',*,*,#801,.F.);
#1542=ORIENTED_EDGE('',*,*,#811,.F.);
#1543=ORIENTED_EDGE('',*,*,#1021,.T.);
#1544=ORIENTED_EDGE('',*,*,#1039,.F.);
#1545=ORIENTED_EDGE('',*,*,#1047,.F.);
#1546=PLANE('',#1671);
#1547=PLANE('',#1678);
#1548=PLANE('',#1682);
#1549=PLANE('',#1686);
#1550=PLANE('',#1690);
#1551=PLANE('',#1694);
#1552=PLANE('',#1698);
#1553=PLANE('',#1702);
#1554=PLANE('',#1706);
#1555=PLANE('',#1710);
#1556=PLANE('',#1714);
#1557=PLANE('',#1718);
#1558=PLANE('',#1722);
#1559=PLANE('',#1726);
#1560=PLANE('',#1730);
#1561=PLANE('',#1734);
#1562=PLANE('',#1738);
#1563=PLANE('',#1742);
#1564=PLANE('',#1746);
#1565=PLANE('',#1750);
#1566=PLANE('',#1778);
#1567=PLANE('',#1812);
#1568=PLANE('',#1815);
#1569=PLANE('',#1818);
#1570=ADVANCED_FACE('',(#208),#1546,.T.);
#1571=ADVANCED_FACE('',(#209),#166,.F.);
#1572=ADVANCED_FACE('',(#210),#167,.T.);
#1573=ADVANCED_FACE('',(#211,#79),#1547,.F.);
#1574=ADVANCED_FACE('',(#212),#168,.F.);
#1575=ADVANCED_FACE('',(#213),#1548,.T.);
#1576=ADVANCED_FACE('',(#214),#169,.F.);
#1577=ADVANCED_FACE('',(#215),#1549,.T.);
#1578=ADVANCED_FACE('',(#216),#170,.F.);
#1579=ADVANCED_FACE('',(#217),#1550,.T.);
#1580=ADVANCED_FACE('',(#218),#171,.F.);
#1581=ADVANCED_FACE('',(#219),#1551,.T.);
#1582=ADVANCED_FACE('',(#220),#172,.F.);
#1583=ADVANCED_FACE('',(#221),#1552,.T.);
#1584=ADVANCED_FACE('',(#222),#173,.F.);
#1585=ADVANCED_FACE('',(#223),#1553,.T.);
#1586=ADVANCED_FACE('',(#224),#174,.F.);
#1587=ADVANCED_FACE('',(#225),#1554,.T.);
#1588=ADVANCED_FACE('',(#226),#175,.F.);
#1589=ADVANCED_FACE('',(#227),#1555,.T.);
#1590=ADVANCED_FACE('',(#228),#176,.F.);
#1591=ADVANCED_FACE('',(#229),#1556,.T.);
#1592=ADVANCED_FACE('',(#230),#177,.F.);
#1593=ADVANCED_FACE('',(#231),#1557,.T.);
#1594=ADVANCED_FACE('',(#232),#178,.F.);
#1595=ADVANCED_FACE('',(#233),#1558,.T.);
#1596=ADVANCED_FACE('',(#234),#179,.F.);
#1597=ADVANCED_FACE('',(#235),#1559,.T.);
#1598=ADVANCED_FACE('',(#236),#180,.F.);
#1599=ADVANCED_FACE('',(#237),#1560,.T.);
#1600=ADVANCED_FACE('',(#238),#181,.F.);
#1601=ADVANCED_FACE('',(#239),#1561,.T.);
#1602=ADVANCED_FACE('',(#240),#182,.F.);
#1603=ADVANCED_FACE('',(#241),#1562,.T.);
#1604=ADVANCED_FACE('',(#242),#183,.F.);
#1605=ADVANCED_FACE('',(#243),#1563,.T.);
#1606=ADVANCED_FACE('',(#244),#184,.F.);
#1607=ADVANCED_FACE('',(#245),#1564,.T.);
#1608=ADVANCED_FACE('',(#246),#185,.F.);
#1609=ADVANCED_FACE('',(#247),#1565,.T.);
#1610=ADVANCED_FACE('',(#248),#59,.T.);
#1611=ADVANCED_FACE('',(#249),#186,.T.);
#1612=ADVANCED_FACE('',(#250),#60,.T.);
#1613=ADVANCED_FACE('',(#251),#61,.T.);
#1614=ADVANCED_FACE('',(#252),#187,.T.);
#1615=ADVANCED_FACE('',(#253),#62,.T.);
#1616=ADVANCED_FACE('',(#254),#63,.T.);
#1617=ADVANCED_FACE('',(#255),#188,.T.);
#1618=ADVANCED_FACE('',(#256),#64,.T.);
#1619=ADVANCED_FACE('',(#257),#65,.T.);
#1620=ADVANCED_FACE('',(#258),#189,.T.);
#1621=ADVANCED_FACE('',(#259),#66,.T.);
#1622=ADVANCED_FACE('',(#260),#67,.T.);
#1623=ADVANCED_FACE('',(#261),#190,.T.);
#1624=ADVANCED_FACE('',(#262),#68,.T.);
#1625=ADVANCED_FACE('',(#263),#69,.T.);
#1626=ADVANCED_FACE('',(#264),#191,.T.);
#1627=ADVANCED_FACE('',(#265),#70,.T.);
#1628=ADVANCED_FACE('',(#266),#71,.T.);
#1629=ADVANCED_FACE('',(#267),#192,.T.);
#1630=ADVANCED_FACE('',(#268),#72,.T.);
#1631=ADVANCED_FACE('',(#269),#73,.T.);
#1632=ADVANCED_FACE('',(#270),#193,.T.);
#1633=ADVANCED_FACE('',(#271),#74,.T.);
#1634=ADVANCED_FACE('',(#272),#75,.T.);
#1635=ADVANCED_FACE('',(#273),#194,.T.);
#1636=ADVANCED_FACE('',(#274),#76,.T.);
#1637=ADVANCED_FACE('',(#275,#80),#1566,.F.);
#1638=ADVANCED_FACE('',(#276),#195,.T.);
#1639=ADVANCED_FACE('',(#277),#196,.T.);
#1640=ADVANCED_FACE('',(#278),#197,.T.);
#1641=ADVANCED_FACE('',(#279),#198,.T.);
#1642=ADVANCED_FACE('',(#280),#199,.T.);
#1643=ADVANCED_FACE('',(#281),#200,.T.);
#1644=ADVANCED_FACE('',(#282),#201,.T.);
#1645=ADVANCED_FACE('',(#283),#202,.T.);
#1646=ADVANCED_FACE('',(#284),#203,.T.);
#1647=ADVANCED_FACE('',(#285),#204,.F.);
#1648=ADVANCED_FACE('',(#286),#1567,.T.);
#1649=ADVANCED_FACE('',(#287),#205,.F.);
#1650=ADVANCED_FACE('',(#288),#1568,.T.);
#1651=ADVANCED_FACE('',(#289),#77,.T.);
#1652=ADVANCED_FACE('',(#290),#206,.T.);
#1653=ADVANCED_FACE('',(#291),#78,.T.);
#1654=ADVANCED_FACE('',(#292,#81),#1569,.T.);
#1655=ADVANCED_FACE('',(#293),#207,.T.);
#1656=CLOSED_SHELL('',(#1570,#1571,#1572,#1573,#1574,#1575,#1576,#1577,
#1578,#1579,#1580,#1581,#1582,#1583,#1584,#1585,#1586,#1587,#1588,#1589,
#1590,#1591,#1592,#1593,#1594,#1595,#1596,#1597,#1598,#1599,#1600,#1601,
#1602,#1603,#1604,#1605,#1606,#1607,#1608,#1609,#1610,#1611,#1612,#1613,
#1614,#1615,#1616,#1617,#1618,#1619,#1620,#1621,#1622,#1623,#1624,#1625,
#1626,#1627,#1628,#1629,#1630,#1631,#1632,#1633,#1634,#1635,#1636,#1637,
#1638,#1639,#1640,#1641,#1642,#1643,#1644,#1645,#1646,#1647,#1648,#1649,
#1650,#1651,#1652,#1653,#1654,#1655));
#1657=DERIVED_UNIT_ELEMENT(#1659,1.);
#1658=DERIVED_UNIT_ELEMENT(#8704,-3.);
#1659=(
MASS_UNIT()
NAMED_UNIT(*)
SI_UNIT(.KILO.,.GRAM.)
);
#1660=DERIVED_UNIT((#1657,#1658));
#1661=MEASURE_REPRESENTATION_ITEM('density measure',
POSITIVE_RATIO_MEASURE(7850.),#1660);
#1662=PROPERTY_DEFINITION_REPRESENTATION(#1667,#1664);
#1663=PROPERTY_DEFINITION_REPRESENTATION(#1668,#1665);
#1664=REPRESENTATION('material name',(#1666),#8701);
#1665=REPRESENTATION('density',(#1661),#8701);
#1666=DESCRIPTIVE_REPRESENTATION_ITEM('Steel','Steel');
#1667=PROPERTY_DEFINITION('material property','material name',#8716);
#1668=PROPERTY_DEFINITION('material property','density of part',#8716);
#1669=AXIS2_PLACEMENT_3D('',#2253,#1822,#1823);
#1670=AXIS2_PLACEMENT_3D('',#2254,#1824,#1825);
#1671=AXIS2_PLACEMENT_3D('',#2255,#1826,#1827);
#1672=AXIS2_PLACEMENT_3D('',#2264,#1832,#1833);
#1673=AXIS2_PLACEMENT_3D('',#2265,#1834,#1835);
#1674=AXIS2_PLACEMENT_3D('',#2266,#1836,#1837);
#1675=AXIS2_PLACEMENT_3D('',#2267,#1838,#1839);
#1676=AXIS2_PLACEMENT_3D('',#2269,#1840,#1841);
#1677=AXIS2_PLACEMENT_3D('',#2272,#1843,#1844);
#1678=AXIS2_PLACEMENT_3D('',#2273,#1845,#1846);
#1679=AXIS2_PLACEMENT_3D('',#2274,#1847,#1848);
#1680=AXIS2_PLACEMENT_3D('',#2277,#1849,#1850);
#1681=AXIS2_PLACEMENT_3D('',#2281,#1852,#1853);
#1682=AXIS2_PLACEMENT_3D('',#2283,#1855,#1856);
#1683=AXIS2_PLACEMENT_3D('',#2289,#1860,#1861);
#1684=AXIS2_PLACEMENT_3D('',#2292,#1862,#1863);
#1685=AXIS2_PLACEMENT_3D('',#2296,#1865,#1866);
#1686=AXIS2_PLACEMENT_3D('',#2298,#1868,#1869);
#1687=AXIS2_PLACEMENT_3D('',#2304,#1873,#1874);
#1688=AXIS2_PLACEMENT_3D('',#2307,#1875,#1876);
#1689=AXIS2_PLACEMENT_3D('',#2311,#1878,#1879);
#1690=AXIS2_PLACEMENT_3D('',#2313,#1881,#1882);
#1691=AXIS2_PLACEMENT_3D('',#2319,#1886,#1887);
#1692=AXIS2_PLACEMENT_3D('',#2322,#1888,#1889);
#1693=AXIS2_PLACEMENT_3D('',#2326,#1891,#1892);
#1694=AXIS2_PLACEMENT_3D('',#2328,#1894,#1895);
#1695=AXIS2_PLACEMENT_3D('',#2334,#1899,#1900);
#1696=AXIS2_PLACEMENT_3D('',#2337,#1901,#1902);
#1697=AXIS2_PLACEMENT_3D('',#2341,#1904,#1905);
#1698=AXIS2_PLACEMENT_3D('',#2343,#1907,#1908);
#1699=AXIS2_PLACEMENT_3D('',#2349,#1912,#1913);
#1700=AXIS2_PLACEMENT_3D('',#2352,#1914,#1915);
#1701=AXIS2_PLACEMENT_3D('',#2356,#1917,#1918);
#1702=AXIS2_PLACEMENT_3D('',#2358,#1920,#1921);
#1703=AXIS2_PLACEMENT_3D('',#2364,#1925,#1926);
#1704=AXIS2_PLACEMENT_3D('',#2367,#1927,#1928);
#1705=AXIS2_PLACEMENT_3D('',#2371,#1930,#1931);
#1706=AXIS2_PLACEMENT_3D('',#2373,#1933,#1934);
#1707=AXIS2_PLACEMENT_3D('',#2379,#1938,#1939);
#1708=AXIS2_PLACEMENT_3D('',#2382,#1940,#1941);
#1709=AXIS2_PLACEMENT_3D('',#2386,#1943,#1944);
#1710=AXIS2_PLACEMENT_3D('',#2388,#1946,#1947);
#1711=AXIS2_PLACEMENT_3D('',#2394,#1951,#1952);
#1712=AXIS2_PLACEMENT_3D('',#2397,#1953,#1954);
#1713=AXIS2_PLACEMENT_3D('',#2401,#1956,#1957);
#1714=AXIS2_PLACEMENT_3D('',#2403,#1959,#1960);
#1715=AXIS2_PLACEMENT_3D('',#2409,#1964,#1965);
#1716=AXIS2_PLACEMENT_3D('',#2412,#1966,#1967);
#1717=AXIS2_PLACEMENT_3D('',#2416,#1969,#1970);
#1718=AXIS2_PLACEMENT_3D('',#2418,#1972,#1973);
#1719=AXIS2_PLACEMENT_3D('',#2424,#1977,#1978);
#1720=AXIS2_PLACEMENT_3D('',#2427,#1979,#1980);
#1721=AXIS2_PLACEMENT_3D('',#2431,#1982,#1983);
#1722=AXIS2_PLACEMENT_3D('',#2433,#1985,#1986);
#1723=AXIS2_PLACEMENT_3D('',#2439,#1990,#1991);
#1724=AXIS2_PLACEMENT_3D('',#2442,#1992,#1993);
#1725=AXIS2_PLACEMENT_3D('',#2446,#1995,#1996);
#1726=AXIS2_PLACEMENT_3D('',#2448,#1998,#1999);
#1727=AXIS2_PLACEMENT_3D('',#2454,#2003,#2004);
#1728=AXIS2_PLACEMENT_3D('',#2457,#2005,#2006);
#1729=AXIS2_PLACEMENT_3D('',#2461,#2008,#2009);
#1730=AXIS2_PLACEMENT_3D('',#2463,#2011,#2012);
#1731=AXIS2_PLACEMENT_3D('',#2469,#2016,#2017);
#1732=AXIS2_PLACEMENT_3D('',#2472,#2018,#2019);
#1733=AXIS2_PLACEMENT_3D('',#2476,#2021,#2022);
#1734=AXIS2_PLACEMENT_3D('',#2478,#2024,#2025);
#1735=AXIS2_PLACEMENT_3D('',#2484,#2029,#2030);
#1736=AXIS2_PLACEMENT_3D('',#2487,#2031,#2032);
#1737=AXIS2_PLACEMENT_3D('',#2491,#2034,#2035);
#1738=AXIS2_PLACEMENT_3D('',#2493,#2037,#2038);
#1739=AXIS2_PLACEMENT_3D('',#2499,#2042,#2043);
#1740=AXIS2_PLACEMENT_3D('',#2502,#2044,#2045);
#1741=AXIS2_PLACEMENT_3D('',#2506,#2047,#2048);
#1742=AXIS2_PLACEMENT_3D('',#2508,#2050,#2051);
#1743=AXIS2_PLACEMENT_3D('',#2514,#2055,#2056);
#1744=AXIS2_PLACEMENT_3D('',#2517,#2057,#2058);
#1745=AXIS2_PLACEMENT_3D('',#2521,#2060,#2061);
#1746=AXIS2_PLACEMENT_3D('',#2523,#2063,#2064);
#1747=AXIS2_PLACEMENT_3D('',#2529,#2068,#2069);
#1748=AXIS2_PLACEMENT_3D('',#2532,#2070,#2071);
#1749=AXIS2_PLACEMENT_3D('',#2536,#2073,#2074);
#1750=AXIS2_PLACEMENT_3D('',#2538,#2076,#2077);
#1751=AXIS2_PLACEMENT_3D('',#2847,#2082,#2083);
#1752=AXIS2_PLACEMENT_3D('',#2849,#2084,#2085);
#1753=AXIS2_PLACEMENT_3D('',#2851,#2086,#2087);
#1754=AXIS2_PLACEMENT_3D('',#3456,#2090,#2091);
#1755=AXIS2_PLACEMENT_3D('',#3458,#2092,#2093);
#1756=AXIS2_PLACEMENT_3D('',#3460,#2094,#2095);
#1757=AXIS2_PLACEMENT_3D('',#4065,#2098,#2099);
#1758=AXIS2_PLACEMENT_3D('',#4067,#2100,#2101);
#1759=AXIS2_PLACEMENT_3D('',#4069,#2102,#2103);
#1760=AXIS2_PLACEMENT_3D('',#4674,#2106,#2107);
#1761=AXIS2_PLACEMENT_3D('',#4676,#2108,#2109);
#1762=AXIS2_PLACEMENT_3D('',#4678,#2110,#2111);
#1763=AXIS2_PLACEMENT_3D('',#5283,#2114,#2115);
#1764=AXIS2_PLACEMENT_3D('',#5285,#2116,#2117);
#1765=AXIS2_PLACEMENT_3D('',#5287,#2118,#2119);
#1766=AXIS2_PLACEMENT_3D('',#5892,#2122,#2123);
#1767=AXIS2_PLACEMENT_3D('',#5894,#2124,#2125);
#1768=AXIS2_PLACEMENT_3D('',#5896,#2126,#2127);
#1769=AXIS2_PLACEMENT_3D('',#6501,#2130,#2131);
#1770=AXIS2_PLACEMENT_3D('',#6503,#2132,#2133);
#1771=AXIS2_PLACEMENT_3D('',#6505,#2134,#2135);
#1772=AXIS2_PLACEMENT_3D('',#7110,#2138,#2139);
#1773=AXIS2_PLACEMENT_3D('',#7112,#2140,#2141);
#1774=AXIS2_PLACEMENT_3D('',#7114,#2142,#2143);
#1775=AXIS2_PLACEMENT_3D('',#7719,#2146,#2147);
#1776=AXIS2_PLACEMENT_3D('',#7721,#2148,#2149);
#1777=AXIS2_PLACEMENT_3D('',#7723,#2150,#2151);
#1778=AXIS2_PLACEMENT_3D('',#8025,#2153,#2154);
#1779=AXIS2_PLACEMENT_3D('',#8026,#2155,#2156);
#1780=AXIS2_PLACEMENT_3D('',#8027,#2157,#2158);
#1781=AXIS2_PLACEMENT_3D('',#8028,#2159,#2160);
#1782=AXIS2_PLACEMENT_3D('',#8029,#2161,#2162);
#1783=AXIS2_PLACEMENT_3D('',#8030,#2163,#2164);
#1784=AXIS2_PLACEMENT_3D('',#8031,#2165,#2166);
#1785=AXIS2_PLACEMENT_3D('',#8032,#2167,#2168);
#1786=AXIS2_PLACEMENT_3D('',#8034,#2169,#2170);
#1787=AXIS2_PLACEMENT_3D('',#8036,#2171,#2172);
#1788=AXIS2_PLACEMENT_3D('',#8116,#2174,#2175);
#1789=AXIS2_PLACEMENT_3D('',#8196,#2177,#2178);
#1790=AXIS2_PLACEMENT_3D('',#8197,#2179,#2180);
#1791=AXIS2_PLACEMENT_3D('',#8198,#2181,#2182);
#1792=AXIS2_PLACEMENT_3D('',#8199,#2183,#2184);
#1793=AXIS2_PLACEMENT_3D('',#8201,#2185,#2186);
#1794=AXIS2_PLACEMENT_3D('',#8203,#2188,#2189);
#1795=AXIS2_PLACEMENT_3D('',#8204,#2190,#2191);
#1796=AXIS2_PLACEMENT_3D('',#8205,#2192,#2193);
#1797=AXIS2_PLACEMENT_3D('',#8206,#2194,#2195);
#1798=AXIS2_PLACEMENT_3D('',#8207,#2196,#2197);
#1799=AXIS2_PLACEMENT_3D('',#8208,#2198,#2199);
#1800=AXIS2_PLACEMENT_3D('',#8209,#2200,#2201);
#1801=AXIS2_PLACEMENT_3D('',#8210,#2202,#2203);
#1802=AXIS2_PLACEMENT_3D('',#8211,#2204,#2205);
#1803=AXIS2_PLACEMENT_3D('',#8212,#2206,#2207);
#1804=AXIS2_PLACEMENT_3D('',#8213,#2208,#2209);
#1805=AXIS2_PLACEMENT_3D('',#8214,#2210,#2211);
#1806=AXIS2_PLACEMENT_3D('',#8215,#2212,#2213);
#1807=AXIS2_PLACEMENT_3D('',#8216,#2214,#2215);
#1808=AXIS2_PLACEMENT_3D('',#8217,#2216,#2217);
#1809=AXIS2_PLACEMENT_3D('',#8218,#2218,#2219);
#1810=AXIS2_PLACEMENT_3D('',#8219,#2220,#2221);
#1811=AXIS2_PLACEMENT_3D('',#8221,#2222,#2223);
#1812=AXIS2_PLACEMENT_3D('',#8223,#2225,#2226);
#1813=AXIS2_PLACEMENT_3D('',#8227,#2229,#2230);
#1814=AXIS2_PLACEMENT_3D('',#8231,#2232,#2233);
#1815=AXIS2_PLACEMENT_3D('',#8233,#2235,#2236);
#1816=AXIS2_PLACEMENT_3D('',#8464,#2240,#2241);
#1817=AXIS2_PLACEMENT_3D('',#8466,#2242,#2243);
#1818=AXIS2_PLACEMENT_3D('',#8693,#2245,#2246);
#1819=AXIS2_PLACEMENT_3D('',#8694,#2247,#2248);
#1820=AXIS2_PLACEMENT_3D('',#8695,#2249,#2250);
#1821=AXIS2_PLACEMENT_3D('',#8696,#2251,#2252);
#1822=DIRECTION('axis',(0.,0.,1.));
#1823=DIRECTION('refdir',(1.,0.,0.));
#1824=DIRECTION('axis',(0.,0.,1.));
#1825=DIRECTION('refdir',(1.,0.,0.));
#1826=DIRECTION('center_axis',(1.,0.,0.));
#1827=DIRECTION('ref_axis',(0.,-1.,0.));
#1828=DIRECTION('',(0.,1.,0.));
#1829=DIRECTION('',(0.,0.,1.));
#1830=DIRECTION('',(0.,-1.,0.));
#1831=DIRECTION('',(0.,0.,-1.));
#1832=DIRECTION('center_axis',(0.,0.,-1.));
#1833=DIRECTION('ref_axis',(1.,0.,0.));
#1834=DIRECTION('center_axis',(0.,0.,-1.));
#1835=DIRECTION('ref_axis',(1.,0.,0.));
#1836=DIRECTION('center_axis',(0.,0.,1.));
#1837=DIRECTION('ref_axis',(1.,0.,0.));
#1838=DIRECTION('center_axis',(0.,0.,-1.));
#1839=DIRECTION('ref_axis',(1.,0.,0.));
#1840=DIRECTION('center_axis',(0.,0.,-1.));
#1841=DIRECTION('ref_axis',(1.,0.,0.));
#1842=DIRECTION('',(0.,0.,1.));
#1843=DIRECTION('center_axis',(0.,0.,1.));
#1844=DIRECTION('ref_axis',(1.,0.,0.));
#1845=DIRECTION('center_axis',(0.,0.,1.));
#1846=DIRECTION('ref_axis',(1.,0.,0.));
#1847=DIRECTION('center_axis',(0.,0.,-1.));
#1848=DIRECTION('ref_axis',(-0.922685317950819,-0.385553892520871,0.));
#1849=DIRECTION('center_axis',(0.,0.,1.));
#1850=DIRECTION('ref_axis',(-0.922685317950819,-0.385553892520871,0.));
#1851=DIRECTION('',(0.,0.,-1.));
#1852=DIRECTION('center_axis',(0.,0.,-1.));
#1853=DIRECTION('ref_axis',(-0.922685317950819,-0.385553892520871,0.));
#1854=DIRECTION('',(0.,0.,1.));
#1855=DIRECTION('center_axis',(0.440660664196194,0.897673759798163,0.));
#1856=DIRECTION('ref_axis',(-0.897673759798163,0.440660664196194,0.));
#1857=DIRECTION('',(-0.897673759798163,0.440660664196194,0.));
#1858=DIRECTION('',(0.,0.,1.));
#1859=DIRECTION('',(0.897673759798163,-0.440660664196194,0.));
#1860=DIRECTION('center_axis',(0.,0.,1.));
#1861=DIRECTION('ref_axis',(0.0815580981578826,0.996668589163353,0.));
#1862=DIRECTION('center_axis',(0.,0.,-1.));
#1863=DIRECTION('ref_axis',(0.0815580981578826,0.996668589163353,0.));
#1864=DIRECTION('',(0.,0.,1.));
#1865=DIRECTION('center_axis',(0.,0.,1.));
#1866=DIRECTION('ref_axis',(0.0815580981578826,0.996668589163353,0.));
#1867=DIRECTION('',(0.,0.,-1.));
#1868=DIRECTION('center_axis',(-0.717566844774038,-0.696489643340827,0.));
#1869=DIRECTION('ref_axis',(0.696489643340827,-0.717566844774038,0.));
#1870=DIRECTION('',(0.696489643340827,-0.717566844774038,0.));
#1871=DIRECTION('',(0.,0.,1.));
#1872=DIRECTION('',(0.696489643340827,-0.717566844774038,0.));
#1873=DIRECTION('center_axis',(0.,0.,-1.));
#1874=DIRECTION('ref_axis',(-0.97309099467019,0.230421171101486,0.));
#1875=DIRECTION('center_axis',(0.,0.,1.));
#1876=DIRECTION('ref_axis',(-0.97309099467019,0.230421171101486,0.));
#1877=DIRECTION('',(0.,0.,-1.));
#1878=DIRECTION('center_axis',(0.,0.,-1.));
#1879=DIRECTION('ref_axis',(-0.97309099467019,0.230421171101486,0.));
#1880=DIRECTION('',(0.,0.,1.));
#1881=DIRECTION('center_axis',(0.884141363466569,0.46721948740124,0.));
#1882=DIRECTION('ref_axis',(-0.46721948740124,0.884141363466569,0.));
#1883=DIRECTION('',(-0.46721948740124,0.884141363466569,0.));
#1884=DIRECTION('',(0.,0.,1.));
#1885=DIRECTION('',(0.46721948740124,-0.884141363466569,0.));
#1886=DIRECTION('center_axis',(0.,0.,1.));
#1887=DIRECTION('ref_axis',(0.651808985571991,0.758383179090631,0.));
#1888=DIRECTION('center_axis',(0.,0.,-1.));
#1889=DIRECTION('ref_axis',(0.651808985571991,0.758383179090631,0.));
#1890=DIRECTION('',(0.,0.,1.));
#1891=DIRECTION('center_axis',(0.,0.,1.));
#1892=DIRECTION('ref_axis',(0.651808985571991,0.758383179090631,0.));
#1893=DIRECTION('',(0.,0.,-1.));
#1894=DIRECTION('center_axis',(-0.989910112752389,-0.141696748976653,0.));
#1895=DIRECTION('ref_axis',(0.141696748976653,-0.989910112752389,0.));
#1896=DIRECTION('',(0.141696748976653,-0.989910112752389,0.));
#1897=DIRECTION('',(0.,0.,1.));
#1898=DIRECTION('',(0.141696748976653,-0.989910112752389,0.));
#1899=DIRECTION('center_axis',(0.,0.,-1.));
#1900=DIRECTION('ref_axis',(-0.651808985571991,0.758383179090631,0.));
#1901=DIRECTION('center_axis',(0.,0.,1.));
#1902=DIRECTION('ref_axis',(-0.651808985571991,0.758383179090631,0.));
#1903=DIRECTION('',(0.,0.,-1.));
#1904=DIRECTION('center_axis',(0.,0.,-1.));
#1905=DIRECTION('ref_axis',(-0.651808985571991,0.758383179090631,0.));
#1906=DIRECTION('',(0.,0.,1.));
#1907=DIRECTION('center_axis',(0.989910112752389,-0.141696748976654,0.));
#1908=DIRECTION('ref_axis',(0.141696748976654,0.989910112752389,0.));
#1909=DIRECTION('',(0.141696748976654,0.989910112752389,0.));
#1910=DIRECTION('',(0.,0.,1.));
#1911=DIRECTION('',(-0.141696748976654,-0.989910112752389,0.));
#1912=DIRECTION('center_axis',(0.,0.,1.));
#1913=DIRECTION('ref_axis',(0.97309099467019,0.230421171101486,0.));
#1914=DIRECTION('center_axis',(0.,0.,-1.));
#1915=DIRECTION('ref_axis',(0.97309099467019,0.230421171101486,0.));
#1916=DIRECTION('',(0.,0.,1.));
#1917=DIRECTION('center_axis',(0.,0.,1.));
#1918=DIRECTION('ref_axis',(0.97309099467019,0.230421171101486,0.));
#1919=DIRECTION('',(0.,0.,-1.));
#1920=DIRECTION('center_axis',(-0.884141363466568,0.46721948740124,0.));
#1921=DIRECTION('ref_axis',(-0.46721948740124,-0.884141363466568,0.));
#1922=DIRECTION('',(-0.46721948740124,-0.884141363466568,0.));
#1923=DIRECTION('',(0.,0.,1.));
#1924=DIRECTION('',(-0.46721948740124,-0.884141363466568,0.));
#1925=DIRECTION('center_axis',(0.,0.,-1.));
#1926=DIRECTION('ref_axis',(-0.0815580981578827,0.996668589163353,0.));
#1927=DIRECTION('center_axis',(0.,0.,1.));
#1928=DIRECTION('ref_axis',(-0.0815580981578827,0.996668589163353,0.));
#1929=DIRECTION('',(0.,0.,-1.));
#1930=DIRECTION('center_axis',(0.,0.,-1.));
#1931=DIRECTION('ref_axis',(-0.0815580981578827,0.996668589163353,0.));
#1932=DIRECTION('',(0.,0.,1.));
#1933=DIRECTION('center_axis',(0.717566844774037,-0.696489643340827,0.));
#1934=DIRECTION('ref_axis',(0.696489643340827,0.717566844774037,0.));
#1935=DIRECTION('',(0.696489643340827,0.717566844774037,0.));
#1936=DIRECTION('',(0.,0.,1.));
#1937=DIRECTION('',(-0.696489643340827,-0.717566844774037,0.));
#1938=DIRECTION('center_axis',(0.,0.,1.));
#1939=DIRECTION('ref_axis',(0.922685317950819,-0.385553892520871,0.));
#1940=DIRECTION('center_axis',(0.,0.,-1.));
#1941=DIRECTION('ref_axis',(0.922685317950819,-0.385553892520871,0.));
#1942=DIRECTION('',(0.,0.,1.));
#1943=DIRECTION('center_axis',(0.,0.,1.));
#1944=DIRECTION('ref_axis',(0.922685317950819,-0.385553892520871,0.));
#1945=DIRECTION('',(0.,0.,-1.));
#1946=DIRECTION('center_axis',(-0.440660664196194,0.897673759798163,0.));
#1947=DIRECTION('ref_axis',(-0.897673759798163,-0.440660664196193,0.));
#1948=DIRECTION('',(-0.897673759798163,-0.440660664196193,0.));
#1949=DIRECTION('',(0.,0.,1.));
#1950=DIRECTION('',(-0.897673759798163,-0.440660664196193,0.));
#1951=DIRECTION('center_axis',(0.,0.,-1.));
#1952=DIRECTION('ref_axis',(0.519845210694739,0.85426047369508,0.));
#1953=DIRECTION('center_axis',(0.,0.,1.));
#1954=DIRECTION('ref_axis',(0.519845210694739,0.85426047369508,0.));
#1955=DIRECTION('',(0.,0.,-1.));
#1956=DIRECTION('center_axis',(0.,0.,-1.));
#1957=DIRECTION('ref_axis',(0.519845210694739,0.85426047369508,0.));
#1958=DIRECTION('',(0.,0.,1.));
#1959=DIRECTION('center_axis',(0.171137431292023,-0.985247166761097,0.));
#1960=DIRECTION('ref_axis',(0.985247166761096,0.171137431292023,0.));
#1961=DIRECTION('',(0.985247166761096,0.171137431292023,0.));
#1962=DIRECTION('',(0.,0.,1.));
#1963=DIRECTION('',(-0.985247166761096,-0.171137431292023,0.));
#1964=DIRECTION('center_axis',(0.,0.,1.));
#1965=DIRECTION('ref_axis',(0.519845210694738,-0.85426047369508,0.));
#1966=DIRECTION('center_axis',(0.,0.,-1.));
#1967=DIRECTION('ref_axis',(0.519845210694738,-0.85426047369508,0.));
#1968=DIRECTION('',(0.,0.,1.));
#1969=DIRECTION('center_axis',(0.,0.,1.));
#1970=DIRECTION('ref_axis',(0.519845210694738,-0.85426047369508,0.));
#1971=DIRECTION('',(0.,0.,-1.));
#1972=DIRECTION('center_axis',(0.171137431292024,0.985247166761096,0.));
#1973=DIRECTION('ref_axis',(-0.985247166761096,0.171137431292024,0.));
#1974=DIRECTION('',(-0.985247166761096,0.171137431292024,0.));
#1975=DIRECTION('',(0.,0.,1.));
#1976=DIRECTION('',(-0.985247166761096,0.171137431292024,0.));
#1977=DIRECTION('center_axis',(0.,0.,-1.));
#1978=DIRECTION('ref_axis',(0.922685317950819,0.385553892520872,0.));
#1979=DIRECTION('center_axis',(0.,0.,1.));
#1980=DIRECTION('ref_axis',(0.922685317950819,0.385553892520872,0.));
#1981=DIRECTION('',(0.,0.,-1.));
#1982=DIRECTION('center_axis',(0.,0.,-1.));
#1983=DIRECTION('ref_axis',(0.922685317950819,0.385553892520872,0.));
#1984=DIRECTION('',(0.,0.,1.));
#1985=DIRECTION('center_axis',(-0.440660664196194,-0.897673759798163,0.));
#1986=DIRECTION('ref_axis',(0.897673759798163,-0.440660664196194,0.));
#1987=DIRECTION('',(0.897673759798163,-0.440660664196194,0.));
#1988=DIRECTION('',(0.,0.,1.));
#1989=DIRECTION('',(-0.897673759798163,0.440660664196194,0.));
#1990=DIRECTION('center_axis',(0.,0.,1.));
#1991=DIRECTION('ref_axis',(-0.0815580981578816,-0.996668589163353,0.));
#1992=DIRECTION('center_axis',(0.,0.,-1.));
#1993=DIRECTION('ref_axis',(-0.0815580981578816,-0.996668589163353,0.));
#1994=DIRECTION('',(0.,0.,1.));
#1995=DIRECTION('center_axis',(0.,0.,1.));
#1996=DIRECTION('ref_axis',(-0.0815580981578816,-0.996668589163353,0.));
#1997=DIRECTION('',(0.,0.,-1.));
#1998=DIRECTION('center_axis',(0.717566844774038,0.696489643340827,0.));
#1999=DIRECTION('ref_axis',(-0.696489643340827,0.717566844774038,0.));
#2000=DIRECTION('',(-0.696489643340827,0.717566844774038,0.));
#2001=DIRECTION('',(0.,0.,1.));
#2002=DIRECTION('',(-0.696489643340827,0.717566844774038,0.));
#2003=DIRECTION('center_axis',(0.,0.,-1.));
#2004=DIRECTION('ref_axis',(0.97309099467019,-0.230421171101486,0.));
#2005=DIRECTION('center_axis',(0.,0.,1.));
#2006=DIRECTION('ref_axis',(0.97309099467019,-0.230421171101486,0.));
#2007=DIRECTION('',(0.,0.,-1.));
#2008=DIRECTION('center_axis',(0.,0.,-1.));
#2009=DIRECTION('ref_axis',(0.97309099467019,-0.230421171101486,0.));
#2010=DIRECTION('',(0.,0.,1.));
#2011=DIRECTION('center_axis',(-0.884141363466569,-0.46721948740124,0.));
#2012=DIRECTION('ref_axis',(0.46721948740124,-0.884141363466569,0.));
#2013=DIRECTION('',(0.46721948740124,-0.884141363466569,0.));
#2014=DIRECTION('',(0.,0.,1.));
#2015=DIRECTION('',(-0.46721948740124,0.884141363466569,0.));
#2016=DIRECTION('center_axis',(0.,0.,1.));
#2017=DIRECTION('ref_axis',(-0.651808985571991,-0.758383179090631,0.));
#2018=DIRECTION('center_axis',(0.,0.,-1.));
#2019=DIRECTION('ref_axis',(-0.651808985571991,-0.758383179090631,0.));
#2020=DIRECTION('',(0.,0.,1.));
#2021=DIRECTION('center_axis',(0.,0.,1.));
#2022=DIRECTION('ref_axis',(-0.651808985571991,-0.758383179090631,0.));
#2023=DIRECTION('',(0.,0.,-1.));
#2024=DIRECTION('center_axis',(0.989910112752389,0.141696748976653,0.));
#2025=DIRECTION('ref_axis',(-0.141696748976653,0.989910112752389,0.));
#2026=DIRECTION('',(-0.141696748976653,0.989910112752389,0.));
#2027=DIRECTION('',(0.,0.,1.));
#2028=DIRECTION('',(-0.141696748976653,0.989910112752389,0.));
#2029=DIRECTION('center_axis',(0.,0.,-1.));
#2030=DIRECTION('ref_axis',(0.651808985571991,-0.758383179090631,0.));
#2031=DIRECTION('center_axis',(0.,0.,1.));
#2032=DIRECTION('ref_axis',(0.651808985571991,-0.758383179090631,0.));
#2033=DIRECTION('',(0.,0.,-1.));
#2034=DIRECTION('center_axis',(0.,0.,-1.));
#2035=DIRECTION('ref_axis',(0.651808985571991,-0.758383179090631,0.));
#2036=DIRECTION('',(0.,0.,1.));
#2037=DIRECTION('center_axis',(-0.989910112752389,0.141696748976654,0.));
#2038=DIRECTION('ref_axis',(-0.141696748976654,-0.989910112752389,0.));
#2039=DIRECTION('',(-0.141696748976654,-0.989910112752389,0.));
#2040=DIRECTION('',(0.,0.,1.));
#2041=DIRECTION('',(0.141696748976654,0.989910112752389,0.));
#2042=DIRECTION('center_axis',(0.,0.,1.));
#2043=DIRECTION('ref_axis',(-0.97309099467019,-0.230421171101486,0.));
#2044=DIRECTION('center_axis',(0.,0.,-1.));
#2045=DIRECTION('ref_axis',(-0.97309099467019,-0.230421171101486,0.));
#2046=DIRECTION('',(0.,0.,1.));
#2047=DIRECTION('center_axis',(0.,0.,1.));
#2048=DIRECTION('ref_axis',(-0.97309099467019,-0.230421171101486,0.));
#2049=DIRECTION('',(0.,0.,-1.));
#2050=DIRECTION('center_axis',(0.884141363466569,-0.46721948740124,0.));
#2051=DIRECTION('ref_axis',(0.46721948740124,0.884141363466568,0.));
#2052=DIRECTION('',(0.46721948740124,0.884141363466568,0.));
#2053=DIRECTION('',(0.,0.,1.));
#2054=DIRECTION('',(0.46721948740124,0.884141363466568,0.));
#2055=DIRECTION('center_axis',(0.,0.,-1.));
#2056=DIRECTION('ref_axis',(0.0815580981578827,-0.996668589163353,0.));
#2057=DIRECTION('center_axis',(0.,0.,1.));
#2058=DIRECTION('ref_axis',(0.0815580981578827,-0.996668589163353,0.));
#2059=DIRECTION('',(0.,0.,-1.));
#2060=DIRECTION('center_axis',(0.,0.,-1.));
#2061=DIRECTION('ref_axis',(0.0815580981578827,-0.996668589163353,0.));
#2062=DIRECTION('',(0.,0.,1.));
#2063=DIRECTION('center_axis',(-0.717566844774037,0.696489643340827,0.));
#2064=DIRECTION('ref_axis',(-0.696489643340827,-0.717566844774037,0.));
#2065=DIRECTION('',(-0.696489643340827,-0.717566844774037,0.));
#2066=DIRECTION('',(0.,0.,1.));
#2067=DIRECTION('',(0.696489643340827,0.717566844774037,0.));
#2068=DIRECTION('center_axis',(0.,0.,1.));
#2069=DIRECTION('ref_axis',(-0.922685317950819,0.385553892520872,0.));
#2070=DIRECTION('center_axis',(0.,0.,-1.));
#2071=DIRECTION('ref_axis',(-0.922685317950819,0.385553892520872,0.));
#2072=DIRECTION('',(0.,0.,1.));
#2073=DIRECTION('center_axis',(0.,0.,1.));
#2074=DIRECTION('ref_axis',(-0.922685317950819,0.385553892520872,0.));
#2075=DIRECTION('',(0.,0.,-1.));
#2076=DIRECTION('center_axis',(0.440660664196194,-0.897673759798163,0.));
#2077=DIRECTION('ref_axis',(0.897673759798163,0.440660664196193,0.));
#2078=DIRECTION('',(0.897673759798163,0.440660664196193,0.));
#2079=DIRECTION('',(0.,0.,1.));
#2080=DIRECTION('',(0.897673759798163,0.440660664196193,0.));
#2081=DIRECTION('',(0.,0.,1.));
#2082=DIRECTION('center_axis',(0.,0.,1.));
#2083=DIRECTION('ref_axis',(0.779271010009485,-0.62668707738296,0.));
#2084=DIRECTION('center_axis',(0.,0.,1.));
#2085=DIRECTION('ref_axis',(0.779271010009485,-0.62668707738296,0.));
#2086=DIRECTION('center_axis',(0.,0.,1.));
#2087=DIRECTION('ref_axis',(0.779271010009485,-0.62668707738296,0.));
#2088=DIRECTION('',(0.,0.,1.));
#2089=DIRECTION('',(0.,0.,1.));
#2090=DIRECTION('center_axis',(0.,0.,1.));
#2091=DIRECTION('ref_axis',(0.262086068433427,-0.965044502980618,0.));
#2092=DIRECTION('center_axis',(0.,0.,1.));
#2093=DIRECTION('ref_axis',(0.262086068433427,-0.965044502980618,0.));
#2094=DIRECTION('center_axis',(0.,0.,1.));
#2095=DIRECTION('ref_axis',(0.262086068433427,-0.965044502980618,0.));
#2096=DIRECTION('',(0.,0.,1.));
#2097=DIRECTION('',(0.,0.,1.));
#2098=DIRECTION('center_axis',(0.,0.,1.));
#2099=DIRECTION('ref_axis',(-0.355206843306369,-0.934787729095929,0.));
#2100=DIRECTION('center_axis',(0.,0.,1.));
#2101=DIRECTION('ref_axis',(-0.355206843306369,-0.934787729095929,0.));
#2102=DIRECTION('center_axis',(0.,0.,1.));
#2103=DIRECTION('ref_axis',(-0.355206843306369,-0.934787729095929,0.));
#2104=DIRECTION('',(0.,0.,1.));
#2105=DIRECTION('',(0.,0.,1.));
#2106=DIRECTION('center_axis',(0.,0.,1.));
#2107=DIRECTION('ref_axis',(-0.83682281393969,-0.547473814962924,0.));
#2108=DIRECTION('center_axis',(0.,0.,1.));
#2109=DIRECTION('ref_axis',(-0.83682281393969,-0.547473814962924,0.));
#2110=DIRECTION('center_axis',(0.,0.,1.));
#2111=DIRECTION('ref_axis',(-0.83682281393969,-0.547473814962924,0.));
#2112=DIRECTION('',(0.,0.,1.));
#2113=DIRECTION('',(0.,0.,1.));
#2114=DIRECTION('center_axis',(0.,0.,1.));
#2115=DIRECTION('ref_axis',(-0.998800912209379,0.048956488535347,0.));
#2116=DIRECTION('center_axis',(0.,0.,1.));
#2117=DIRECTION('ref_axis',(-0.998800912209379,0.048956488535347,0.));
#2118=DIRECTION('center_axis',(0.,0.,1.));
#2119=DIRECTION('ref_axis',(-0.998800912209379,0.048956488535347,0.));
#2120=DIRECTION('',(0.,0.,1.));
#2121=DIRECTION('',(0.,0.,1.));
#2122=DIRECTION('center_axis',(0.,0.,1.));
#2123=DIRECTION('ref_axis',(-0.779271010009485,0.62668707738296,0.));
#2124=DIRECTION('center_axis',(0.,0.,1.));
#2125=DIRECTION('ref_axis',(-0.779271010009485,0.62668707738296,0.));
#2126=DIRECTION('center_axis',(0.,0.,1.));
#2127=DIRECTION('ref_axis',(-0.779271010009485,0.62668707738296,0.));
#2128=DIRECTION('',(0.,0.,1.));
#2129=DIRECTION('',(0.,0.,1.));
#2130=DIRECTION('center_axis',(0.,0.,1.));
#2131=DIRECTION('ref_axis',(-0.262086068433428,0.965044502980618,0.));
#2132=DIRECTION('center_axis',(0.,0.,1.));
#2133=DIRECTION('ref_axis',(-0.262086068433428,0.965044502980618,0.));
#2134=DIRECTION('center_axis',(0.,0.,1.));
#2135=DIRECTION('ref_axis',(-0.262086068433428,0.965044502980618,0.));
#2136=DIRECTION('',(0.,0.,1.));
#2137=DIRECTION('',(0.,0.,1.));
#2138=DIRECTION('center_axis',(0.,0.,1.));
#2139=DIRECTION('ref_axis',(0.355206843306369,0.934787729095929,0.));
#2140=DIRECTION('center_axis',(0.,0.,1.));
#2141=DIRECTION('ref_axis',(0.355206843306369,0.934787729095929,0.));
#2142=DIRECTION('center_axis',(0.,0.,1.));
#2143=DIRECTION('ref_axis',(0.355206843306369,0.934787729095929,0.));
#2144=DIRECTION('',(0.,0.,1.));
#2145=DIRECTION('',(0.,0.,1.));
#2146=DIRECTION('center_axis',(0.,0.,1.));
#2147=DIRECTION('ref_axis',(0.83682281393969,0.547473814962924,0.));
#2148=DIRECTION('center_axis',(0.,0.,1.));
#2149=DIRECTION('ref_axis',(0.83682281393969,0.547473814962924,0.));
#2150=DIRECTION('center_axis',(0.,0.,1.));
#2151=DIRECTION('ref_axis',(0.83682281393969,0.547473814962924,0.));
#2152=DIRECTION('',(0.,0.,1.));
#2153=DIRECTION('center_axis',(0.,0.,1.));
#2154=DIRECTION('ref_axis',(1.,0.,0.));
#2155=DIRECTION('center_axis',(0.,0.,1.));
#2156=DIRECTION('ref_axis',(1.,0.,0.));
#2157=DIRECTION('center_axis',(0.,0.,1.));
#2158=DIRECTION('ref_axis',(1.,0.,0.));
#2159=DIRECTION('center_axis',(0.,0.,1.));
#2160=DIRECTION('ref_axis',(1.,0.,0.));
#2161=DIRECTION('center_axis',(0.,0.,1.));
#2162=DIRECTION('ref_axis',(1.,0.,0.));
#2163=DIRECTION('center_axis',(0.,0.,1.));
#2164=DIRECTION('ref_axis',(1.,0.,0.));
#2165=DIRECTION('center_axis',(0.,0.,1.));
#2166=DIRECTION('ref_axis',(1.,0.,0.));
#2167=DIRECTION('center_axis',(0.,0.,1.));
#2168=DIRECTION('ref_axis',(1.,0.,0.));
#2169=DIRECTION('center_axis',(0.,0.,1.));
#2170=DIRECTION('ref_axis',(1.,0.,0.));
#2171=DIRECTION('center_axis',(0.,0.,-1.));
#2172=DIRECTION('ref_axis',(-0.519845210694738,-0.854260473695081,0.));
#2173=DIRECTION('',(0.985247166761096,0.171137431292023,0.));
#2174=DIRECTION('center_axis',(0.,0.,1.));
#2175=DIRECTION('ref_axis',(0.998800912209379,-0.0489564885353468,0.));
#2176=DIRECTION('',(0.985247166761096,-0.171137431292023,0.));
#2177=DIRECTION('center_axis',(0.,0.,-1.));
#2178=DIRECTION('ref_axis',(-0.519845210694738,0.854260473695081,0.));
#2179=DIRECTION('center_axis',(0.,0.,1.));
#2180=DIRECTION('ref_axis',(1.,0.,0.));
#2181=DIRECTION('center_axis',(0.,0.,1.));
#2182=DIRECTION('ref_axis',(1.,0.,0.));
#2183=DIRECTION('center_axis',(0.,0.,1.));
#2184=DIRECTION('ref_axis',(1.,0.,0.));
#2185=DIRECTION('center_axis',(0.,0.,1.));
#2186=DIRECTION('ref_axis',(1.,0.,0.));
#2187=DIRECTION('',(0.,0.,1.));
#2188=DIRECTION('center_axis',(0.,0.,1.));
#2189=DIRECTION('ref_axis',(1.,0.,0.));
#2190=DIRECTION('center_axis',(0.,0.,1.));
#2191=DIRECTION('ref_axis',(1.,0.,0.));
#2192=DIRECTION('center_axis',(0.,0.,1.));
#2193=DIRECTION('ref_axis',(1.,0.,0.));
#2194=DIRECTION('center_axis',(0.,0.,1.));
#2195=DIRECTION('ref_axis',(1.,0.,0.));
#2196=DIRECTION('center_axis',(0.,0.,1.));
#2197=DIRECTION('ref_axis',(1.,0.,0.));
#2198=DIRECTION('center_axis',(0.,0.,1.));
#2199=DIRECTION('ref_axis',(1.,0.,0.));
#2200=DIRECTION('center_axis',(0.,0.,1.));
#2201=DIRECTION('ref_axis',(1.,0.,0.));
#2202=DIRECTION('center_axis',(0.,0.,1.));
#2203=DIRECTION('ref_axis',(1.,0.,0.));
#2204=DIRECTION('center_axis',(0.,0.,1.));
#2205=DIRECTION('ref_axis',(1.,0.,0.));
#2206=DIRECTION('center_axis',(0.,0.,1.));
#2207=DIRECTION('ref_axis',(1.,0.,0.));
#2208=DIRECTION('center_axis',(0.,0.,1.));
#2209=DIRECTION('ref_axis',(1.,0.,0.));
#2210=DIRECTION('center_axis',(0.,0.,1.));
#2211=DIRECTION('ref_axis',(1.,0.,0.));
#2212=DIRECTION('center_axis',(0.,0.,1.));
#2213=DIRECTION('ref_axis',(1.,0.,0.));
#2214=DIRECTION('center_axis',(0.,0.,1.));
#2215=DIRECTION('ref_axis',(1.,0.,0.));
#2216=DIRECTION('center_axis',(0.,0.,1.));
#2217=DIRECTION('ref_axis',(1.,0.,0.));
#2218=DIRECTION('center_axis',(0.,0.,1.));
#2219=DIRECTION('ref_axis',(1.,0.,0.));
#2220=DIRECTION('center_axis',(0.,0.,-1.));
#2221=DIRECTION('ref_axis',(-0.519845210694738,-0.854260473695081,0.));
#2222=DIRECTION('center_axis',(0.,0.,1.));
#2223=DIRECTION('ref_axis',(-0.519845210694738,-0.854260473695081,0.));
#2224=DIRECTION('',(0.,0.,-1.));
#2225=DIRECTION('center_axis',(-0.171137431292023,0.985247166761097,0.));
#2226=DIRECTION('ref_axis',(-0.985247166761096,-0.171137431292023,0.));
#2227=DIRECTION('',(-0.985247166761096,-0.171137431292023,0.));
#2228=DIRECTION('',(0.,0.,1.));
#2229=DIRECTION('center_axis',(0.,0.,1.));
#2230=DIRECTION('ref_axis',(-0.519845210694738,0.854260473695081,0.));
#2231=DIRECTION('',(0.,0.,1.));
#2232=DIRECTION('center_axis',(0.,0.,1.));
#2233=DIRECTION('ref_axis',(-0.519845210694738,0.854260473695081,0.));
#2234=DIRECTION('',(0.,0.,-1.));
#2235=DIRECTION('center_axis',(-0.171137431292023,-0.985247166761097,0.));
#2236=DIRECTION('ref_axis',(0.985247166761096,-0.171137431292023,0.));
#2237=DIRECTION('',(0.,0.,1.));
#2238=DIRECTION('',(0.985247166761096,-0.171137431292023,0.));
#2239=DIRECTION('',(0.,0.,1.));
#2240=DIRECTION('center_axis',(0.,0.,1.));
#2241=DIRECTION('ref_axis',(0.998800912209379,-0.0489564885353468,0.));
#2242=DIRECTION('center_axis',(0.,0.,1.));
#2243=DIRECTION('ref_axis',(0.998800912209379,-0.0489564885353468,0.));
#2244=DIRECTION('',(0.,0.,1.));
#2245=DIRECTION('center_axis',(0.,0.,1.));
#2246=DIRECTION('ref_axis',(1.,0.,0.));
#2247=DIRECTION('center_axis',(0.,0.,1.));
#2248=DIRECTION('ref_axis',(1.,0.,0.));
#2249=DIRECTION('center_axis',(0.,0.,1.));
#2250=DIRECTION('ref_axis',(1.,0.,0.));
#2251=DIRECTION('',(0.,-1.,0.));
#2252=DIRECTION('',(1.,0.,0.));
#2253=CARTESIAN_POINT('',(0.,0.,0.));
#2254=CARTESIAN_POINT('',(0.,0.,0.));
#2255=CARTESIAN_POINT('Origin',(-1.1,1.16189500386223,0.));
#2256=CARTESIAN_POINT('',(-1.1,-1.16189500386223,-0.4));
#2257=CARTESIAN_POINT('',(-1.1,1.16189500386223,-0.4));
#2258=CARTESIAN_POINT('',(-1.1,0.580947501931113,-0.4));
#2259=CARTESIAN_POINT('',(-1.1,1.16189500386223,3.));
#2260=CARTESIAN_POINT('',(-1.1,1.16189500386223,0.));
#2261=CARTESIAN_POINT('',(-1.1,-1.16189500386223,3.));
#2262=CARTESIAN_POINT('',(-1.1,-0.580947501931113,3.));
#2263=CARTESIAN_POINT('',(-1.1,-1.16189500386223,0.));
#2264=CARTESIAN_POINT('Origin',(0.,0.,0.));
#2265=CARTESIAN_POINT('Origin',(0.,0.,-0.4));
#2266=CARTESIAN_POINT('Origin',(0.,0.,3.));
#2267=CARTESIAN_POINT('Origin',(0.,0.,0.));
#2268=CARTESIAN_POINT('',(-3.8,-4.65365783675994E-16,-0.4));
#2269=CARTESIAN_POINT('Origin',(0.,0.,-0.4));
#2270=CARTESIAN_POINT('',(-3.8,-4.65365783675994E-16,0.));
#2271=CARTESIAN_POINT('',(-3.8,4.65365783675994E-16,0.));
#2272=CARTESIAN_POINT('Origin',(0.,0.,0.));
#2273=CARTESIAN_POINT('Origin',(0.,0.,-0.4));
#2274=CARTESIAN_POINT('Origin',(4.20397531075016,-1.40644252872384,0.));
#2275=CARTESIAN_POINT('',(3.64445682815539,-1.21925527585963,3.));
#2276=CARTESIAN_POINT('',(3.9439855188744,-1.93607004700476,3.));
#2277=CARTESIAN_POINT('Origin',(4.20397531075016,-1.40644252872384,3.));
#2278=CARTESIAN_POINT('',(3.9439855188744,-1.93607004700476,0.));
#2279=CARTESIAN_POINT('',(3.9439855188744,-1.93607004700476,0.));
#2280=CARTESIAN_POINT('',(3.64445682815539,-1.21925527585963,0.));
#2281=CARTESIAN_POINT('Origin',(4.20397531075016,-1.40644252872384,0.));
#2282=CARTESIAN_POINT('',(3.64445682815539,-1.21925527585963,0.));
#2283=CARTESIAN_POINT('Origin',(4.21768703977738,-2.0704278720789,0.));
#2284=CARTESIAN_POINT('',(4.21768703977738,-2.0704278720789,3.));
#2285=CARTESIAN_POINT('',(3.44078352130636,-1.68905232586401,3.));
#2286=CARTESIAN_POINT('',(4.21768703977738,-2.0704278720789,0.));
#2287=CARTESIAN_POINT('',(4.21768703977738,-2.0704278720789,0.));
#2288=CARTESIAN_POINT('',(3.44078352130636,-1.68905232586401,0.));
#2289=CARTESIAN_POINT('Origin',(2.63670614669194,-3.56360347064554,0.));
#2290=CARTESIAN_POINT('',(2.28577977029937,-3.08931381405162,0.));
#2291=CARTESIAN_POINT('',(3.06007058510862,-3.15267458107445,0.));
#2292=CARTESIAN_POINT('Origin',(2.63670614669194,-3.56360347064554,0.));
#2293=CARTESIAN_POINT('',(3.06007058510862,-3.15267458107445,3.));
#2294=CARTESIAN_POINT('',(3.06007058510862,-3.15267458107445,0.));
#2295=CARTESIAN_POINT('',(2.28577977029937,-3.08931381405162,3.));
#2296=CARTESIAN_POINT('Origin',(2.63670614669194,-3.56360347064554,3.));
#2297=CARTESIAN_POINT('',(2.28577977029937,-3.08931381405162,0.));
#2298=CARTESIAN_POINT('Origin',(2.66964480292539,-2.75043371601889,0.));
#2299=CARTESIAN_POINT('',(3.27243089150592,-3.37146134477395,0.));
#2300=CARTESIAN_POINT('',(2.66964480292539,-2.75043371601889,0.));
#2301=CARTESIAN_POINT('',(3.27243089150592,-3.37146134477395,3.));
#2302=CARTESIAN_POINT('',(3.27243089150592,-3.37146134477395,0.));
#2303=CARTESIAN_POINT('',(2.66964480292539,-2.75043371601889,3.));
#2304=CARTESIAN_POINT('Origin',(2.57440129374877,-3.60887059600987,0.));
#2305=CARTESIAN_POINT('',(2.23176723931345,-3.12855621485809,3.));
#2306=CARTESIAN_POINT('',(2.0527578893035,-3.8845300935766,3.));
#2307=CARTESIAN_POINT('Origin',(2.57440129374877,-3.60887059600987,3.));
#2308=CARTESIAN_POINT('',(2.0527578893035,-3.8845300935766,0.));
#2309=CARTESIAN_POINT('',(2.0527578893035,-3.8845300935766,0.));
#2310=CARTESIAN_POINT('',(2.23176723931345,-3.12855621485809,0.));
#2311=CARTESIAN_POINT('Origin',(2.57440129374877,-3.60887059600987,0.));
#2312=CARTESIAN_POINT('',(2.23176723931345,-3.12855621485809,0.));
#2313=CARTESIAN_POINT('Origin',(2.1952135229916,-4.15410557490563,0.));
#2314=CARTESIAN_POINT('',(2.1952135229916,-4.15410557490563,3.));
#2315=CARTESIAN_POINT('',(1.79085229520895,-3.38891384616736,3.));
#2316=CARTESIAN_POINT('',(2.1952135229916,-4.15410557490563,0.));
#2317=CARTESIAN_POINT('',(2.1952135229916,-4.15410557490563,0.));
#2318=CARTESIAN_POINT('',(1.79085229520895,-3.38891384616736,0.));
#2319=CARTESIAN_POINT('Origin',(0.0385065167829406,-4.43283275662022,0.));
#2320=CARTESIAN_POINT('',(0.033381579967706,-3.84285501549549,0.));
#2321=CARTESIAN_POINT('',(0.62255348330685,-4.349231674724,0.));
#2322=CARTESIAN_POINT('Origin',(0.0385065167829406,-4.43283275662022,0.));
#2323=CARTESIAN_POINT('',(0.62255348330685,-4.349231674724,3.));
#2324=CARTESIAN_POINT('',(0.62255348330685,-4.349231674724,0.));
#2325=CARTESIAN_POINT('',(0.033381579967706,-3.84285501549549,3.));
#2326=CARTESIAN_POINT('Origin',(0.0385065167829406,-4.43283275662022,3.));
#2327=CARTESIAN_POINT('',(0.033381579967706,-3.84285501549549,0.));
#2328=CARTESIAN_POINT('Origin',(0.543123638827513,-3.79432546217991,0.));
#2329=CARTESIAN_POINT('',(0.665756947013573,-4.65105614097383,0.));
#2330=CARTESIAN_POINT('',(0.543123638827513,-3.79432546217991,0.));
#2331=CARTESIAN_POINT('',(0.665756947013573,-4.65105614097383,3.));
#2332=CARTESIAN_POINT('',(0.665756947013573,-4.65105614097383,0.));
#2333=CARTESIAN_POINT('',(0.543123638827513,-3.79432546217991,3.));
#2334=CARTESIAN_POINT('Origin',(-0.0385065167829421,-4.43283275662022,0.));
#2335=CARTESIAN_POINT('',(-0.0333815799677073,-3.84285501549549,3.));
#2336=CARTESIAN_POINT('',(-0.622553483306851,-4.349231674724,3.));
#2337=CARTESIAN_POINT('Origin',(-0.0385065167829421,-4.43283275662022,3.));
#2338=CARTESIAN_POINT('',(-0.622553483306851,-4.349231674724,0.));
#2339=CARTESIAN_POINT('',(-0.622553483306852,-4.349231674724,0.));
#2340=CARTESIAN_POINT('',(-0.0333815799677073,-3.84285501549549,0.));
#2341=CARTESIAN_POINT('Origin',(-0.0385065167829421,-4.43283275662022,0.));
#2342=CARTESIAN_POINT('',(-0.0333815799677073,-3.84285501549549,0.));
#2343=CARTESIAN_POINT('Origin',(-0.665756947013574,-4.65105614097383,0.));
#2344=CARTESIAN_POINT('',(-0.665756947013574,-4.65105614097383,3.));
#2345=CARTESIAN_POINT('',(-0.543123638827514,-3.79432546217991,3.));
#2346=CARTESIAN_POINT('',(-0.665756947013574,-4.65105614097383,0.));
#2347=CARTESIAN_POINT('',(-0.665756947013574,-4.65105614097383,0.));
#2348=CARTESIAN_POINT('',(-0.543123638827514,-3.79432546217991,0.));
#2349=CARTESIAN_POINT('Origin',(-2.57440129374877,-3.60887059600987,0.));
#2350=CARTESIAN_POINT('',(-2.23176723931345,-3.12855621485809,0.));
#2351=CARTESIAN_POINT('',(-2.0527578893035,-3.8845300935766,0.));
#2352=CARTESIAN_POINT('Origin',(-2.57440129374877,-3.60887059600987,0.));
#2353=CARTESIAN_POINT('',(-2.0527578893035,-3.8845300935766,3.));
#2354=CARTESIAN_POINT('',(-2.0527578893035,-3.8845300935766,0.));
#2355=CARTESIAN_POINT('',(-2.23176723931345,-3.12855621485809,3.));
#2356=CARTESIAN_POINT('Origin',(-2.57440129374877,-3.60887059600987,3.));
#2357=CARTESIAN_POINT('',(-2.23176723931345,-3.12855621485809,0.));
#2358=CARTESIAN_POINT('Origin',(-1.79085229520895,-3.38891384616736,0.));
#2359=CARTESIAN_POINT('',(-2.1952135229916,-4.15410557490563,0.));
#2360=CARTESIAN_POINT('',(-1.79085229520895,-3.38891384616736,0.));
#2361=CARTESIAN_POINT('',(-2.1952135229916,-4.15410557490563,3.));
#2362=CARTESIAN_POINT('',(-2.1952135229916,-4.15410557490563,0.));
#2363=CARTESIAN_POINT('',(-1.79085229520895,-3.38891384616736,3.));
#2364=CARTESIAN_POINT('Origin',(-2.63670614669194,-3.56360347064554,0.));
#2365=CARTESIAN_POINT('',(-2.28577977029937,-3.08931381405162,3.));
#2366=CARTESIAN_POINT('',(-3.06007058510862,-3.15267458107445,3.));
#2367=CARTESIAN_POINT('Origin',(-2.63670614669194,-3.56360347064554,3.));
#2368=CARTESIAN_POINT('',(-3.06007058510862,-3.15267458107445,0.));
#2369=CARTESIAN_POINT('',(-3.06007058510862,-3.15267458107445,0.));
#2370=CARTESIAN_POINT('',(-2.28577977029937,-3.08931381405162,0.));
#2371=CARTESIAN_POINT('Origin',(-2.63670614669194,-3.56360347064554,0.));
#2372=CARTESIAN_POINT('',(-2.28577977029937,-3.08931381405162,0.));
#2373=CARTESIAN_POINT('Origin',(-3.27243089150592,-3.37146134477395,0.));
#2374=CARTESIAN_POINT('',(-3.27243089150592,-3.37146134477395,3.));
#2375=CARTESIAN_POINT('',(-2.66964480292539,-2.75043371601888,3.));
#2376=CARTESIAN_POINT('',(-3.27243089150592,-3.37146134477395,0.));
#2377=CARTESIAN_POINT('',(-3.27243089150592,-3.37146134477395,0.));
#2378=CARTESIAN_POINT('',(-2.66964480292539,-2.75043371601888,0.));
#2379=CARTESIAN_POINT('Origin',(-4.20397531075016,-1.40644252872384,0.));
#2380=CARTESIAN_POINT('',(-3.64445682815539,-1.21925527585962,0.));
#2381=CARTESIAN_POINT('',(-3.9439855188744,-1.93607004700476,0.));
#2382=CARTESIAN_POINT('Origin',(-4.20397531075016,-1.40644252872384,0.));
#2383=CARTESIAN_POINT('',(-3.9439855188744,-1.93607004700476,3.));
#2384=CARTESIAN_POINT('',(-3.9439855188744,-1.93607004700476,0.));
#2385=CARTESIAN_POINT('',(-3.64445682815539,-1.21925527585962,3.));
#2386=CARTESIAN_POINT('Origin',(-4.20397531075016,-1.40644252872384,3.));
#2387=CARTESIAN_POINT('',(-3.64445682815539,-1.21925527585962,0.));
#2388=CARTESIAN_POINT('Origin',(-3.44078352130636,-1.68905232586401,0.));
#2389=CARTESIAN_POINT('',(-4.21768703977738,-2.0704278720789,0.));
#2390=CARTESIAN_POINT('',(-3.44078352130636,-1.68905232586401,0.));
#2391=CARTESIAN_POINT('',(-4.21768703977738,-2.0704278720789,3.));
#2392=CARTESIAN_POINT('',(-4.21768703977738,-2.0704278720789,0.));
#2393=CARTESIAN_POINT('',(-3.44078352130636,-1.68905232586401,3.));
#2394=CARTESIAN_POINT('Origin',(-4.22777364691038,-1.33319878131135,0.));
#2395=CARTESIAN_POINT('',(-3.66508777917361,-1.15575973755459,3.));
#2396=CARTESIAN_POINT('',(-4.32874473137268,-0.751902952922301,3.));
#2397=CARTESIAN_POINT('Origin',(-4.22777364691038,-1.33319878131135,3.));
#2398=CARTESIAN_POINT('',(-4.32874473137268,-0.751902952922301,0.));
#2399=CARTESIAN_POINT('',(-4.32874473137268,-0.751902952922301,0.));
#2400=CARTESIAN_POINT('',(-3.66508777917361,-1.15575973755459,0.));
#2401=CARTESIAN_POINT('Origin',(-4.22777364691038,-1.33319878131135,0.));
#2402=CARTESIAN_POINT('',(-3.66508777917361,-1.15575973755459,0.));
#2403=CARTESIAN_POINT('Origin',(-4.62914746127813,-0.804082906626848,0.));
#2404=CARTESIAN_POINT('',(-4.62914746127813,-0.804082906626848,3.));
#2405=CARTESIAN_POINT('',(-3.77645239019528,-0.655969774142325,3.));
#2406=CARTESIAN_POINT('',(-4.62914746127813,-0.804082906626848,0.));
#2407=CARTESIAN_POINT('',(-4.62914746127813,-0.804082906626848,0.));
#2408=CARTESIAN_POINT('',(-3.77645239019528,-0.655969774142325,0.));
#2409=CARTESIAN_POINT('Origin',(-4.22777364691038,1.33319878131135,0.));
#2410=CARTESIAN_POINT('',(-3.66508777917361,1.15575973755459,0.));
#2411=CARTESIAN_POINT('',(-4.32874473137268,0.751902952922303,0.));
#2412=CARTESIAN_POINT('Origin',(-4.22777364691038,1.33319878131135,0.));
#2413=CARTESIAN_POINT('',(-4.32874473137268,0.751902952922303,3.));
#2414=CARTESIAN_POINT('',(-4.32874473137268,0.751902952922302,0.));
#2415=CARTESIAN_POINT('',(-3.66508777917361,1.15575973755459,3.));
#2416=CARTESIAN_POINT('Origin',(-4.22777364691038,1.33319878131135,3.));
#2417=CARTESIAN_POINT('',(-3.66508777917361,1.15575973755459,0.));
#2418=CARTESIAN_POINT('Origin',(-3.77645239019528,0.655969774142326,0.));
#2419=CARTESIAN_POINT('',(-4.62914746127813,0.80408290662685,0.));
#2420=CARTESIAN_POINT('',(-3.77645239019528,0.655969774142326,0.));
#2421=CARTESIAN_POINT('',(-4.62914746127813,0.80408290662685,3.));
#2422=CARTESIAN_POINT('',(-4.62914746127813,0.80408290662685,0.));
#2423=CARTESIAN_POINT('',(-3.77645239019528,0.655969774142326,3.));
#2424=CARTESIAN_POINT('Origin',(-4.20397531075016,1.40644252872384,0.));
#2425=CARTESIAN_POINT('',(-3.64445682815539,1.21925527585962,3.));
#2426=CARTESIAN_POINT('',(-3.9439855188744,1.93607004700476,3.));
#2427=CARTESIAN_POINT('Origin',(-4.20397531075016,1.40644252872384,3.));
#2428=CARTESIAN_POINT('',(-3.9439855188744,1.93607004700476,0.));
#2429=CARTESIAN_POINT('',(-3.9439855188744,1.93607004700476,0.));
#2430=CARTESIAN_POINT('',(-3.64445682815539,1.21925527585962,0.));
#2431=CARTESIAN_POINT('Origin',(-4.20397531075016,1.40644252872384,0.));
#2432=CARTESIAN_POINT('',(-3.64445682815539,1.21925527585962,0.));
#2433=CARTESIAN_POINT('Origin',(-4.21768703977738,2.0704278720789,0.));
#2434=CARTESIAN_POINT('',(-4.21768703977738,2.0704278720789,3.));
#2435=CARTESIAN_POINT('',(-3.44078352130636,1.68905232586401,3.));
#2436=CARTESIAN_POINT('',(-4.21768703977738,2.0704278720789,0.));
#2437=CARTESIAN_POINT('',(-4.21768703977738,2.0704278720789,0.));
#2438=CARTESIAN_POINT('',(-3.44078352130636,1.68905232586401,0.));
#2439=CARTESIAN_POINT('Origin',(-2.63670614669194,3.56360347064554,0.));
#2440=CARTESIAN_POINT('',(-2.28577977029937,3.08931381405162,0.));
#2441=CARTESIAN_POINT('',(-3.06007058510862,3.15267458107445,0.));
#2442=CARTESIAN_POINT('Origin',(-2.63670614669194,3.56360347064554,0.));
#2443=CARTESIAN_POINT('',(-3.06007058510862,3.15267458107445,3.));
#2444=CARTESIAN_POINT('',(-3.06007058510862,3.15267458107445,0.));
#2445=CARTESIAN_POINT('',(-2.28577977029937,3.08931381405162,3.));
#2446=CARTESIAN_POINT('Origin',(-2.63670614669194,3.56360347064554,3.));
#2447=CARTESIAN_POINT('',(-2.28577977029937,3.08931381405162,0.));
#2448=CARTESIAN_POINT('Origin',(-2.66964480292539,2.75043371601889,0.));
#2449=CARTESIAN_POINT('',(-3.27243089150592,3.37146134477395,0.));
#2450=CARTESIAN_POINT('',(-2.66964480292539,2.75043371601889,0.));
#2451=CARTESIAN_POINT('',(-3.27243089150592,3.37146134477395,3.));
#2452=CARTESIAN_POINT('',(-3.27243089150592,3.37146134477395,0.));
#2453=CARTESIAN_POINT('',(-2.66964480292539,2.75043371601889,3.));
#2454=CARTESIAN_POINT('Origin',(-2.57440129374877,3.60887059600987,0.));
#2455=CARTESIAN_POINT('',(-2.23176723931345,3.12855621485809,3.));
#2456=CARTESIAN_POINT('',(-2.0527578893035,3.8845300935766,3.));
#2457=CARTESIAN_POINT('Origin',(-2.57440129374877,3.60887059600987,3.));
#2458=CARTESIAN_POINT('',(-2.0527578893035,3.8845300935766,0.));
#2459=CARTESIAN_POINT('',(-2.0527578893035,3.8845300935766,0.));
#2460=CARTESIAN_POINT('',(-2.23176723931345,3.12855621485809,0.));
#2461=CARTESIAN_POINT('Origin',(-2.57440129374877,3.60887059600987,0.));
#2462=CARTESIAN_POINT('',(-2.23176723931345,3.12855621485809,0.));
#2463=CARTESIAN_POINT('Origin',(-2.1952135229916,4.15410557490563,0.));
#2464=CARTESIAN_POINT('',(-2.1952135229916,4.15410557490563,3.));
#2465=CARTESIAN_POINT('',(-1.79085229520895,3.38891384616736,3.));
#2466=CARTESIAN_POINT('',(-2.1952135229916,4.15410557490563,0.));
#2467=CARTESIAN_POINT('',(-2.1952135229916,4.15410557490563,0.));
#2468=CARTESIAN_POINT('',(-1.79085229520895,3.38891384616736,0.));
#2469=CARTESIAN_POINT('Origin',(-0.0385065167829411,4.43283275662022,0.));
#2470=CARTESIAN_POINT('',(-0.0333815799677064,3.84285501549549,0.));
#2471=CARTESIAN_POINT('',(-0.62255348330685,4.349231674724,0.));
#2472=CARTESIAN_POINT('Origin',(-0.0385065167829411,4.43283275662022,0.));
#2473=CARTESIAN_POINT('',(-0.62255348330685,4.349231674724,3.));
#2474=CARTESIAN_POINT('',(-0.62255348330685,4.349231674724,0.));
#2475=CARTESIAN_POINT('',(-0.0333815799677064,3.84285501549549,3.));
#2476=CARTESIAN_POINT('Origin',(-0.0385065167829411,4.43283275662022,3.));
#2477=CARTESIAN_POINT('',(-0.0333815799677064,3.84285501549549,0.));
#2478=CARTESIAN_POINT('Origin',(-0.543123638827513,3.79432546217991,0.));
#2479=CARTESIAN_POINT('',(-0.665756947013573,4.65105614097383,0.));
#2480=CARTESIAN_POINT('',(-0.543123638827513,3.79432546217991,0.));
#2481=CARTESIAN_POINT('',(-0.665756947013573,4.65105614097383,3.));
#2482=CARTESIAN_POINT('',(-0.665756947013573,4.65105614097383,0.));
#2483=CARTESIAN_POINT('',(-0.543123638827513,3.79432546217991,3.));
#2484=CARTESIAN_POINT('Origin',(0.0385065167829416,4.43283275662022,0.));
#2485=CARTESIAN_POINT('',(0.0333815799677069,3.84285501549549,3.));
#2486=CARTESIAN_POINT('',(0.622553483306851,4.349231674724,3.));
#2487=CARTESIAN_POINT('Origin',(0.0385065167829416,4.43283275662022,3.));
#2488=CARTESIAN_POINT('',(0.622553483306851,4.349231674724,0.));
#2489=CARTESIAN_POINT('',(0.622553483306851,4.349231674724,0.));
#2490=CARTESIAN_POINT('',(0.0333815799677069,3.84285501549549,0.));
#2491=CARTESIAN_POINT('Origin',(0.0385065167829416,4.43283275662022,0.));
#2492=CARTESIAN_POINT('',(0.0333815799677069,3.84285501549549,0.));
#2493=CARTESIAN_POINT('Origin',(0.665756947013574,4.65105614097383,0.));
#2494=CARTESIAN_POINT('',(0.665756947013574,4.65105614097383,3.));
#2495=CARTESIAN_POINT('',(0.543123638827514,3.79432546217991,3.));
#2496=CARTESIAN_POINT('',(0.665756947013574,4.65105614097383,0.));
#2497=CARTESIAN_POINT('',(0.665756947013574,4.65105614097383,0.));
#2498=CARTESIAN_POINT('',(0.543123638827514,3.79432546217991,0.));
#2499=CARTESIAN_POINT('Origin',(2.57440129374877,3.60887059600987,0.));
#2500=CARTESIAN_POINT('',(2.23176723931345,3.12855621485809,0.));
#2501=CARTESIAN_POINT('',(2.0527578893035,3.8845300935766,0.));
#2502=CARTESIAN_POINT('Origin',(2.57440129374877,3.60887059600987,0.));
#2503=CARTESIAN_POINT('',(2.0527578893035,3.8845300935766,3.));
#2504=CARTESIAN_POINT('',(2.0527578893035,3.8845300935766,0.));
#2505=CARTESIAN_POINT('',(2.23176723931345,3.12855621485809,3.));
#2506=CARTESIAN_POINT('Origin',(2.57440129374877,3.60887059600987,3.));
#2507=CARTESIAN_POINT('',(2.23176723931345,3.12855621485809,0.));
#2508=CARTESIAN_POINT('Origin',(1.79085229520895,3.38891384616736,0.));
#2509=CARTESIAN_POINT('',(2.1952135229916,4.15410557490563,0.));
#2510=CARTESIAN_POINT('',(1.79085229520895,3.38891384616736,0.));
#2511=CARTESIAN_POINT('',(2.1952135229916,4.15410557490563,3.));
#2512=CARTESIAN_POINT('',(2.1952135229916,4.15410557490563,0.));
#2513=CARTESIAN_POINT('',(1.79085229520895,3.38891384616736,3.));
#2514=CARTESIAN_POINT('Origin',(2.63670614669194,3.56360347064554,0.));
#2515=CARTESIAN_POINT('',(2.28577977029937,3.08931381405162,3.));
#2516=CARTESIAN_POINT('',(3.06007058510862,3.15267458107445,3.));
#2517=CARTESIAN_POINT('Origin',(2.63670614669194,3.56360347064554,3.));
#2518=CARTESIAN_POINT('',(3.06007058510862,3.15267458107445,0.));
#2519=CARTESIAN_POINT('',(3.06007058510862,3.15267458107445,0.));
#2520=CARTESIAN_POINT('',(2.28577977029937,3.08931381405162,0.));
#2521=CARTESIAN_POINT('Origin',(2.63670614669194,3.56360347064554,0.));
#2522=CARTESIAN_POINT('',(2.28577977029937,3.08931381405162,0.));
#2523=CARTESIAN_POINT('Origin',(3.27243089150592,3.37146134477395,0.));
#2524=CARTESIAN_POINT('',(3.27243089150592,3.37146134477395,3.));
#2525=CARTESIAN_POINT('',(2.66964480292539,2.75043371601889,3.));
#2526=CARTESIAN_POINT('',(3.27243089150592,3.37146134477395,0.));
#2527=CARTESIAN_POINT('',(3.27243089150592,3.37146134477395,0.));
#2528=CARTESIAN_POINT('',(2.66964480292539,2.75043371601889,0.));
#2529=CARTESIAN_POINT('Origin',(4.20397531075016,1.40644252872384,0.));
#2530=CARTESIAN_POINT('',(3.64445682815539,1.21925527585962,0.));
#2531=CARTESIAN_POINT('',(3.9439855188744,1.93607004700476,0.));
#2532=CARTESIAN_POINT('Origin',(4.20397531075016,1.40644252872384,0.));
#2533=CARTESIAN_POINT('',(3.9439855188744,1.93607004700476,3.));
#2534=CARTESIAN_POINT('',(3.9439855188744,1.93607004700476,0.));
#2535=CARTESIAN_POINT('',(3.64445682815539,1.21925527585962,3.));
#2536=CARTESIAN_POINT('Origin',(4.20397531075016,1.40644252872384,3.));
#2537=CARTESIAN_POINT('',(3.64445682815539,1.21925527585962,0.));
#2538=CARTESIAN_POINT('Origin',(3.44078352130636,1.68905232586401,0.));
#2539=CARTESIAN_POINT('',(4.21768703977738,2.0704278720789,0.));
#2540=CARTESIAN_POINT('',(3.44078352130636,1.68905232586401,0.));
#2541=CARTESIAN_POINT('',(4.21768703977738,2.0704278720789,3.));
#2542=CARTESIAN_POINT('',(4.21768703977738,2.0704278720789,0.));
#2543=CARTESIAN_POINT('',(3.44078352130636,1.68905232586401,3.));
#2544=CARTESIAN_POINT('Ctrl Pts',(5.02093688363814,-3.28484288977755,0.));
#2545=CARTESIAN_POINT('Ctrl Pts',(5.02093688363814,-3.28484288977755,3.));
#2546=CARTESIAN_POINT('Ctrl Pts',(5.01947701488453,-3.2804417998645,0.));
#2547=CARTESIAN_POINT('Ctrl Pts',(5.01947701488453,-3.2804417998645,3.));
#2548=CARTESIAN_POINT('Ctrl Pts',(5.0165454692911,-3.27164966137783,0.));
#2549=CARTESIAN_POINT('Ctrl Pts',(5.0165454692911,-3.27164966137783,3.));
#2550=CARTESIAN_POINT('Ctrl Pts',(5.01211272664594,-3.25849157766874,0.));
#2551=CARTESIAN_POINT('Ctrl Pts',(5.01211272664594,-3.25849157766874,3.));
#2552=CARTESIAN_POINT('Ctrl Pts',(5.00613153103889,-3.24100773409275,0.));
#2553=CARTESIAN_POINT('Ctrl Pts',(5.00613153103889,-3.24100773409275,3.));
#2554=CARTESIAN_POINT('Ctrl Pts',(4.99853679024226,-3.2192535530751,0.));
#2555=CARTESIAN_POINT('Ctrl Pts',(4.99853679024226,-3.2192535530751,3.));
#2556=CARTESIAN_POINT('Ctrl Pts',(4.99082366014651,-3.19760032462383,0.));
#2557=CARTESIAN_POINT('Ctrl Pts',(4.99082366014651,-3.19760032462383,3.));
#2558=CARTESIAN_POINT('Ctrl Pts',(4.9829920333383,-3.17604855688892,0.));
#2559=CARTESIAN_POINT('Ctrl Pts',(4.9829920333383,-3.17604855688892,3.));
#2560=CARTESIAN_POINT('Ctrl Pts',(4.9750418877969,-3.15459896028009,0.));
#2561=CARTESIAN_POINT('Ctrl Pts',(4.9750418877969,-3.15459896028009,3.));
#2562=CARTESIAN_POINT('Ctrl Pts',(4.96697334595339,-3.1332524783125,0.));
#2563=CARTESIAN_POINT('Ctrl Pts',(4.96697334595339,-3.1332524783125,3.));
#2564=CARTESIAN_POINT('Ctrl Pts',(4.9587866396157,-3.11201023092575,0.));
#2565=CARTESIAN_POINT('Ctrl Pts',(4.9587866396157,-3.11201023092575,3.));
#2566=CARTESIAN_POINT('Ctrl Pts',(4.95048206502689,-3.09087344827483,0.));
#2567=CARTESIAN_POINT('Ctrl Pts',(4.95048206502689,-3.09087344827483,3.));
#2568=CARTESIAN_POINT('Ctrl Pts',(4.9420599413112,-3.0698434053072,0.));
#2569=CARTESIAN_POINT('Ctrl Pts',(4.9420599413112,-3.0698434053072,3.));
#2570=CARTESIAN_POINT('Ctrl Pts',(4.93352057082466,-3.04892135996308,0.));
#2571=CARTESIAN_POINT('Ctrl Pts',(4.93352057082466,-3.04892135996308,3.));
#2572=CARTESIAN_POINT('Ctrl Pts',(4.92486419330454,-3.02810847699279,0.));
#2573=CARTESIAN_POINT('Ctrl Pts',(4.92486419330454,-3.02810847699279,3.));
#2574=CARTESIAN_POINT('Ctrl Pts',(4.91609099057761,-3.00740584750099,0.));
#2575=CARTESIAN_POINT('Ctrl Pts',(4.91609099057761,-3.00740584750099,3.));
#2576=CARTESIAN_POINT('Ctrl Pts',(4.90720110422535,-2.986814531241,0.));
#2577=CARTESIAN_POINT('Ctrl Pts',(4.90720110422535,-2.986814531241,3.));
#2578=CARTESIAN_POINT('Ctrl Pts',(4.89819465003003,-2.96633559173738,0.));
#2579=CARTESIAN_POINT('Ctrl Pts',(4.89819465003003,-2.96633559173738,3.));
#2580=CARTESIAN_POINT('Ctrl Pts',(4.8890717335851,-2.94597013042092,0.));
#2581=CARTESIAN_POINT('Ctrl Pts',(4.8890717335851,-2.94597013042092,3.));
#2582=CARTESIAN_POINT('Ctrl Pts',(4.87983246882023,-2.92571932844722,0.));
#2583=CARTESIAN_POINT('Ctrl Pts',(4.87983246882023,-2.92571932844722,3.));
#2584=CARTESIAN_POINT('Ctrl Pts',(4.87047698098266,-2.90558443780937,0.));
#2585=CARTESIAN_POINT('Ctrl Pts',(4.87047698098266,-2.90558443780937,3.));
#2586=CARTESIAN_POINT('Ctrl Pts',(4.86100540341423,-2.88556675301628,0.));
#2587=CARTESIAN_POINT('Ctrl Pts',(4.86100540341423,-2.88556675301628,3.));
#2588=CARTESIAN_POINT('Ctrl Pts',(4.85141787768841,-2.86566758663376,0.));
#2589=CARTESIAN_POINT('Ctrl Pts',(4.85141787768841,-2.86566758663376,3.));
#2590=CARTESIAN_POINT('Ctrl Pts',(4.84171455206634,-2.8458882463073,0.));
#2591=CARTESIAN_POINT('Ctrl Pts',(4.84171455206634,-2.8458882463073,3.));
#2592=CARTESIAN_POINT('Ctrl Pts',(4.83189558442419,-2.82623000042968,0.));
#2593=CARTESIAN_POINT('Ctrl Pts',(4.83189558442419,-2.82623000042968,3.));
#2594=CARTESIAN_POINT('Ctrl Pts',(4.82196112990655,-2.80669409693529,0.));
#2595=CARTESIAN_POINT('Ctrl Pts',(4.82196112990655,-2.80669409693529,3.));
#2596=CARTESIAN_POINT('Ctrl Pts',(4.81191132202827,-2.78728180809102,0.));
#2597=CARTESIAN_POINT('Ctrl Pts',(4.81191132202827,-2.78728180809102,3.));
#2598=CARTESIAN_POINT('Ctrl Pts',(4.80174625500687,-2.76799446931022,0.));
#2599=CARTESIAN_POINT('Ctrl Pts',(4.80174625500687,-2.76799446931022,3.));
#2600=CARTESIAN_POINT('Ctrl Pts',(4.79146596987257,-2.74883351302351,0.));
#2601=CARTESIAN_POINT('Ctrl Pts',(4.79146596987257,-2.74883351302351,3.));
#2602=CARTESIAN_POINT('Ctrl Pts',(4.78107043107746,-2.72980052026036,0.));
#2603=CARTESIAN_POINT('Ctrl Pts',(4.78107043107746,-2.72980052026036,3.));
#2604=CARTESIAN_POINT('Ctrl Pts',(4.77055954746002,-2.71089718894901,0.));
#2605=CARTESIAN_POINT('Ctrl Pts',(4.77055954746002,-2.71089718894901,3.));
#2606=CARTESIAN_POINT('Ctrl Pts',(4.75993321905663,-2.69212525284677,0.));
#2607=CARTESIAN_POINT('Ctrl Pts',(4.75993321905663,-2.69212525284677,3.));
#2608=CARTESIAN_POINT('Ctrl Pts',(4.74919138116229,-2.67348640758766,0.));
#2609=CARTESIAN_POINT('Ctrl Pts',(4.74919138116229,-2.67348640758766,3.));
#2610=CARTESIAN_POINT('Ctrl Pts',(4.73833404094383,-2.65498224821268,0.));
#2611=CARTESIAN_POINT('Ctrl Pts',(4.73833404094383,-2.65498224821268,3.));
#2612=CARTESIAN_POINT('Ctrl Pts',(4.72736134162504,-2.63661416251809,0.));
#2613=CARTESIAN_POINT('Ctrl Pts',(4.72736134162504,-2.63661416251809,3.));
#2614=CARTESIAN_POINT('Ctrl Pts',(4.71627351344057,-2.61838340893768,0.));
#2615=CARTESIAN_POINT('Ctrl Pts',(4.71627351344057,-2.61838340893768,3.));
#2616=CARTESIAN_POINT('Ctrl Pts',(4.70507074970527,-2.60029131693066,0.));
#2617=CARTESIAN_POINT('Ctrl Pts',(4.70507074970527,-2.60029131693066,3.));
#2618=CARTESIAN_POINT('Ctrl Pts',(4.69375309585185,-2.58233946614594,0.));
#2619=CARTESIAN_POINT('Ctrl Pts',(4.69375309585185,-2.58233946614594,3.));
#2620=CARTESIAN_POINT('Ctrl Pts',(4.68232035550782,-2.56452983888511,0.));
#2621=CARTESIAN_POINT('Ctrl Pts',(4.68232035550782,-2.56452983888511,3.));
#2622=CARTESIAN_POINT('Ctrl Pts',(4.67077193619989,-2.54686506924505,0.));
#2623=CARTESIAN_POINT('Ctrl Pts',(4.67077193619989,-2.54686506924505,3.));
#2624=CARTESIAN_POINT('Ctrl Pts',(4.65910695209661,-2.52934828138251,0.));
#2625=CARTESIAN_POINT('Ctrl Pts',(4.65910695209661,-2.52934828138251,3.));
#2626=CARTESIAN_POINT('Ctrl Pts',(4.64732450430598,-2.51198264383539,0.));
#2627=CARTESIAN_POINT('Ctrl Pts',(4.64732450430598,-2.51198264383539,3.));
#2628=CARTESIAN_POINT('Ctrl Pts',(4.63542393358415,-2.49477096843868,0.));
#2629=CARTESIAN_POINT('Ctrl Pts',(4.63542393358415,-2.49477096843868,3.));
#2630=CARTESIAN_POINT('Ctrl Pts',(4.62340503356991,-2.47771537208239,0.));
#2631=CARTESIAN_POINT('Ctrl Pts',(4.62340503356991,-2.47771537208239,3.));
#2632=CARTESIAN_POINT('Ctrl Pts',(4.61126841082723,-2.46081670510648,0.));
#2633=CARTESIAN_POINT('Ctrl Pts',(4.61126841082723,-2.46081670510648,3.));
#2634=CARTESIAN_POINT('Ctrl Pts',(4.59901522344485,-2.44407496891941,0.));
#2635=CARTESIAN_POINT('Ctrl Pts',(4.59901522344485,-2.44407496891941,3.));
#2636=CARTESIAN_POINT('Ctrl Pts',(4.58664650517431,-2.4274903935511,0.));
#2637=CARTESIAN_POINT('Ctrl Pts',(4.58664650517431,-2.4274903935511,3.));
#2638=CARTESIAN_POINT('Ctrl Pts',(4.57416255784868,-2.41106440653791,0.));
#2639=CARTESIAN_POINT('Ctrl Pts',(4.57416255784868,-2.41106440653791,3.));
#2640=CARTESIAN_POINT('Ctrl Pts',(4.56156243589752,-2.39480045578522,0.));
#2641=CARTESIAN_POINT('Ctrl Pts',(4.56156243589752,-2.39480045578522,3.));
#2642=CARTESIAN_POINT('Ctrl Pts',(4.54884309218008,-2.3787053706892,0.));
#2643=CARTESIAN_POINT('Ctrl Pts',(4.54884309218008,-2.3787053706892,3.));
#2644=CARTESIAN_POINT('Ctrl Pts',(4.53600002670632,-2.36278833545073,0.));
#2645=CARTESIAN_POINT('Ctrl Pts',(4.53600002670632,-2.36278833545073,3.));
#2646=CARTESIAN_POINT('Ctrl Pts',(4.52302882914138,-2.34705844255283,0.));
#2647=CARTESIAN_POINT('Ctrl Pts',(4.52302882914138,-2.34705844255283,3.));
#2648=CARTESIAN_POINT('Ctrl Pts',(4.50992657838346,-2.3315224731367,0.));
#2649=CARTESIAN_POINT('Ctrl Pts',(4.50992657838346,-2.3315224731367,3.));
#2650=CARTESIAN_POINT('Ctrl Pts',(4.49669302572078,-2.31618302220247,0.));
#2651=CARTESIAN_POINT('Ctrl Pts',(4.49669302572078,-2.31618302220247,3.));
#2652=CARTESIAN_POINT('Ctrl Pts',(4.48333257097244,-2.30103536193862,0.));
#2653=CARTESIAN_POINT('Ctrl Pts',(4.48333257097244,-2.30103536193862,3.));
#2654=CARTESIAN_POINT('Ctrl Pts',(4.46985246166149,-2.28607031574345,0.));
#2655=CARTESIAN_POINT('Ctrl Pts',(4.46985246166149,-2.28607031574345,3.));
#2656=CARTESIAN_POINT('Ctrl Pts',(4.45625914497229,-2.27128007234111,0.));
#2657=CARTESIAN_POINT('Ctrl Pts',(4.45625914497229,-2.27128007234111,3.));
#2658=CARTESIAN_POINT('Ctrl Pts',(4.44255492624483,-2.25666351143909,0.));
#2659=CARTESIAN_POINT('Ctrl Pts',(4.44255492624483,-2.25666351143909,3.));
#2660=CARTESIAN_POINT('Ctrl Pts',(4.42873509731686,-2.24223078362528,0.));
#2661=CARTESIAN_POINT('Ctrl Pts',(4.42873509731686,-2.24223078362528,3.));
#2662=CARTESIAN_POINT('Ctrl Pts',(4.41478333282944,-2.2280106420575,0.));
#2663=CARTESIAN_POINT('Ctrl Pts',(4.41478333282944,-2.2280106420575,3.));
#2664=CARTESIAN_POINT('Ctrl Pts',(4.40067650485429,-2.21404281309615,0.));
#2665=CARTESIAN_POINT('Ctrl Pts',(4.40067650485429,-2.21404281309615,3.));
#2666=CARTESIAN_POINT('Ctrl Pts',(4.38639292709531,-2.20036492539022,0.));
#2667=CARTESIAN_POINT('Ctrl Pts',(4.38639292709531,-2.20036492539022,3.));
#2668=CARTESIAN_POINT('Ctrl Pts',(4.37192001810692,-2.18700034911679,0.));
#2669=CARTESIAN_POINT('Ctrl Pts',(4.37192001810692,-2.18700034911679,3.));
#2670=CARTESIAN_POINT('Ctrl Pts',(4.35726102100771,-2.17394756393591,0.));
#2671=CARTESIAN_POINT('Ctrl Pts',(4.35726102100771,-2.17394756393591,3.));
#2672=CARTESIAN_POINT('Ctrl Pts',(4.34244524077883,-2.16116386374027,0.));
#2673=CARTESIAN_POINT('Ctrl Pts',(4.34244524077883,-2.16116386374027,3.));
#2674=CARTESIAN_POINT('Ctrl Pts',(4.32751397783927,-2.14858815700962,0.));
#2675=CARTESIAN_POINT('Ctrl Pts',(4.32751397783927,-2.14858815700962,3.));
#2676=CARTESIAN_POINT('Ctrl Pts',(4.31250059512112,-2.13617319200855,0.));
#2677=CARTESIAN_POINT('Ctrl Pts',(4.31250059512112,-2.13617319200855,3.));
#2678=CARTESIAN_POINT('Ctrl Pts',(4.29741193427593,-2.123915637796,0.));
#2679=CARTESIAN_POINT('Ctrl Pts',(4.29741193427593,-2.123915637796,3.));
#2680=CARTESIAN_POINT('Ctrl Pts',(4.28221059619558,-2.11188471876958,0.));
#2681=CARTESIAN_POINT('Ctrl Pts',(4.28221059619558,-2.11188471876958,3.));
#2682=CARTESIAN_POINT('Ctrl Pts',(4.26679291843461,-2.1002579210933,0.));
#2683=CARTESIAN_POINT('Ctrl Pts',(4.26679291843461,-2.1002579210933,3.));
#2684=CARTESIAN_POINT('Ctrl Pts',(4.25101781753033,-2.08927324316061,0.));
#2685=CARTESIAN_POINT('Ctrl Pts',(4.25101781753033,-2.08927324316061,3.));
#2686=CARTESIAN_POINT('Ctrl Pts',(4.23799702753447,-2.08119167061285,0.));
#2687=CARTESIAN_POINT('Ctrl Pts',(4.23799702753447,-2.08119167061285,3.));
#2688=CARTESIAN_POINT('Ctrl Pts',(4.22795516561798,-2.07561273737652,0.));
#2689=CARTESIAN_POINT('Ctrl Pts',(4.22795516561798,-2.07561273737652,3.));
#2690=CARTESIAN_POINT('Ctrl Pts',(4.2211312975473,-2.07211862988483,0.));
#2691=CARTESIAN_POINT('Ctrl Pts',(4.2211312975473,-2.07211862988483,3.));
#2692=CARTESIAN_POINT('Ctrl Pts',(4.21768703977738,-2.0704278720789,0.));
#2693=CARTESIAN_POINT('Ctrl Pts',(4.21768703977738,-2.0704278720789,3.));
#2694=CARTESIAN_POINT('',(5.02093688363813,-3.28484288977756,0.));
#2695=CARTESIAN_POINT('Ctrl Pts',(4.21768703977738,-2.0704278720789,0.));
#2696=CARTESIAN_POINT('Ctrl Pts',(4.2211312975473,-2.07211862988483,0.));
#2697=CARTESIAN_POINT('Ctrl Pts',(4.22795516561798,-2.07561273737652,0.));
#2698=CARTESIAN_POINT('Ctrl Pts',(4.23799702753447,-2.08119167061285,0.));
#2699=CARTESIAN_POINT('Ctrl Pts',(4.25101781753033,-2.08927324316061,0.));
#2700=CARTESIAN_POINT('Ctrl Pts',(4.26679291843461,-2.1002579210933,0.));
#2701=CARTESIAN_POINT('Ctrl Pts',(4.28221059619558,-2.11188471876958,0.));
#2702=CARTESIAN_POINT('Ctrl Pts',(4.29741193427593,-2.123915637796,0.));
#2703=CARTESIAN_POINT('Ctrl Pts',(4.31250059512112,-2.13617319200855,0.));
#2704=CARTESIAN_POINT('Ctrl Pts',(4.32751397783927,-2.14858815700962,0.));
#2705=CARTESIAN_POINT('Ctrl Pts',(4.34244524077883,-2.16116386374027,0.));
#2706=CARTESIAN_POINT('Ctrl Pts',(4.35726102100771,-2.17394756393591,0.));
#2707=CARTESIAN_POINT('Ctrl Pts',(4.37192001810692,-2.18700034911679,0.));
#2708=CARTESIAN_POINT('Ctrl Pts',(4.38639292709531,-2.20036492539022,0.));
#2709=CARTESIAN_POINT('Ctrl Pts',(4.40067650485429,-2.21404281309615,0.));
#2710=CARTESIAN_POINT('Ctrl Pts',(4.41478333282944,-2.2280106420575,0.));
#2711=CARTESIAN_POINT('Ctrl Pts',(4.42873509731686,-2.24223078362528,0.));
#2712=CARTESIAN_POINT('Ctrl Pts',(4.44255492624483,-2.25666351143909,0.));
#2713=CARTESIAN_POINT('Ctrl Pts',(4.45625914497229,-2.27128007234111,0.));
#2714=CARTESIAN_POINT('Ctrl Pts',(4.46985246166149,-2.28607031574345,0.));
#2715=CARTESIAN_POINT('Ctrl Pts',(4.48333257097244,-2.30103536193862,0.));
#2716=CARTESIAN_POINT('Ctrl Pts',(4.49669302572078,-2.31618302220247,0.));
#2717=CARTESIAN_POINT('Ctrl Pts',(4.50992657838346,-2.3315224731367,0.));
#2718=CARTESIAN_POINT('Ctrl Pts',(4.52302882914138,-2.34705844255283,0.));
#2719=CARTESIAN_POINT('Ctrl Pts',(4.53600002670632,-2.36278833545073,0.));
#2720=CARTESIAN_POINT('Ctrl Pts',(4.54884309218008,-2.3787053706892,0.));
#2721=CARTESIAN_POINT('Ctrl Pts',(4.56156243589752,-2.39480045578522,0.));
#2722=CARTESIAN_POINT('Ctrl Pts',(4.57416255784868,-2.41106440653791,0.));
#2723=CARTESIAN_POINT('Ctrl Pts',(4.58664650517431,-2.4274903935511,0.));
#2724=CARTESIAN_POINT('Ctrl Pts',(4.59901522344485,-2.44407496891941,0.));
#2725=CARTESIAN_POINT('Ctrl Pts',(4.61126841082723,-2.46081670510648,0.));
#2726=CARTESIAN_POINT('Ctrl Pts',(4.62340503356991,-2.47771537208239,0.));
#2727=CARTESIAN_POINT('Ctrl Pts',(4.63542393358415,-2.49477096843868,0.));
#2728=CARTESIAN_POINT('Ctrl Pts',(4.64732450430598,-2.51198264383539,0.));
#2729=CARTESIAN_POINT('Ctrl Pts',(4.65910695209661,-2.52934828138251,0.));
#2730=CARTESIAN_POINT('Ctrl Pts',(4.67077193619989,-2.54686506924505,0.));
#2731=CARTESIAN_POINT('Ctrl Pts',(4.68232035550782,-2.56452983888511,0.));
#2732=CARTESIAN_POINT('Ctrl Pts',(4.69375309585185,-2.58233946614594,0.));
#2733=CARTESIAN_POINT('Ctrl Pts',(4.70507074970527,-2.60029131693066,0.));
#2734=CARTESIAN_POINT('Ctrl Pts',(4.71627351344057,-2.61838340893768,0.));
#2735=CARTESIAN_POINT('Ctrl Pts',(4.72736134162504,-2.63661416251809,0.));
#2736=CARTESIAN_POINT('Ctrl Pts',(4.73833404094383,-2.65498224821268,0.));
#2737=CARTESIAN_POINT('Ctrl Pts',(4.74919138116229,-2.67348640758766,0.));
#2738=CARTESIAN_POINT('Ctrl Pts',(4.75993321905663,-2.69212525284677,0.));
#2739=CARTESIAN_POINT('Ctrl Pts',(4.77055954746002,-2.71089718894901,0.));
#2740=CARTESIAN_POINT('Ctrl Pts',(4.78107043107746,-2.72980052026036,0.));
#2741=CARTESIAN_POINT('Ctrl Pts',(4.79146596987257,-2.74883351302351,0.));
#2742=CARTESIAN_POINT('Ctrl Pts',(4.80174625500687,-2.76799446931022,0.));
#2743=CARTESIAN_POINT('Ctrl Pts',(4.81191132202827,-2.78728180809102,0.));
#2744=CARTESIAN_POINT('Ctrl Pts',(4.82196112990655,-2.80669409693529,0.));
#2745=CARTESIAN_POINT('Ctrl Pts',(4.83189558442419,-2.82623000042968,0.));
#2746=CARTESIAN_POINT('Ctrl Pts',(4.84171455206634,-2.8458882463073,0.));
#2747=CARTESIAN_POINT('Ctrl Pts',(4.85141787768841,-2.86566758663376,0.));
#2748=CARTESIAN_POINT('Ctrl Pts',(4.86100540341423,-2.88556675301628,0.));
#2749=CARTESIAN_POINT('Ctrl Pts',(4.87047698098266,-2.90558443780937,0.));
#2750=CARTESIAN_POINT('Ctrl Pts',(4.87983246882023,-2.92571932844722,0.));
#2751=CARTESIAN_POINT('Ctrl Pts',(4.8890717335851,-2.94597013042092,0.));
#2752=CARTESIAN_POINT('Ctrl Pts',(4.89819465003003,-2.96633559173738,0.));
#2753=CARTESIAN_POINT('Ctrl Pts',(4.90720110422535,-2.986814531241,0.));
#2754=CARTESIAN_POINT('Ctrl Pts',(4.91609099057761,-3.00740584750099,0.));
#2755=CARTESIAN_POINT('Ctrl Pts',(4.92486419330454,-3.02810847699279,0.));
#2756=CARTESIAN_POINT('Ctrl Pts',(4.93352057082466,-3.04892135996308,0.));
#2757=CARTESIAN_POINT('Ctrl Pts',(4.9420599413112,-3.0698434053072,0.));
#2758=CARTESIAN_POINT('Ctrl Pts',(4.95048206502689,-3.09087344827483,0.));
#2759=CARTESIAN_POINT('Ctrl Pts',(4.9587866396157,-3.11201023092575,0.));
#2760=CARTESIAN_POINT('Ctrl Pts',(4.96697334595339,-3.1332524783125,0.));
#2761=CARTESIAN_POINT('Ctrl Pts',(4.9750418877969,-3.15459896028009,0.));
#2762=CARTESIAN_POINT('Ctrl Pts',(4.9829920333383,-3.17604855688892,0.));
#2763=CARTESIAN_POINT('Ctrl Pts',(4.99082366014651,-3.19760032462383,0.));
#2764=CARTESIAN_POINT('Ctrl Pts',(4.99853679024226,-3.2192535530751,0.));
#2765=CARTESIAN_POINT('Ctrl Pts',(5.00613153103889,-3.24100773409275,0.));
#2766=CARTESIAN_POINT('Ctrl Pts',(5.01211272664594,-3.25849157766874,0.));
#2767=CARTESIAN_POINT('Ctrl Pts',(5.0165454692911,-3.27164966137783,0.));
#2768=CARTESIAN_POINT('Ctrl Pts',(5.01947701488453,-3.2804417998645,0.));
#2769=CARTESIAN_POINT('Ctrl Pts',(5.02093688363814,-3.28484288977755,0.));
#2770=CARTESIAN_POINT('',(5.02093688363813,-3.28484288977756,3.));
#2771=CARTESIAN_POINT('Ctrl Pts',(5.02093688363814,-3.28484288977755,3.));
#2772=CARTESIAN_POINT('Ctrl Pts',(5.01947701488453,-3.2804417998645,3.));
#2773=CARTESIAN_POINT('Ctrl Pts',(5.0165454692911,-3.27164966137783,3.));
#2774=CARTESIAN_POINT('Ctrl Pts',(5.01211272664594,-3.25849157766874,3.));
#2775=CARTESIAN_POINT('Ctrl Pts',(5.00613153103889,-3.24100773409275,3.));
#2776=CARTESIAN_POINT('Ctrl Pts',(4.99853679024226,-3.2192535530751,3.));
#2777=CARTESIAN_POINT('Ctrl Pts',(4.99082366014651,-3.19760032462383,3.));
#2778=CARTESIAN_POINT('Ctrl Pts',(4.9829920333383,-3.17604855688892,3.));
#2779=CARTESIAN_POINT('Ctrl Pts',(4.9750418877969,-3.15459896028009,3.));
#2780=CARTESIAN_POINT('Ctrl Pts',(4.96697334595339,-3.1332524783125,3.));
#2781=CARTESIAN_POINT('Ctrl Pts',(4.9587866396157,-3.11201023092575,3.));
#2782=CARTESIAN_POINT('Ctrl Pts',(4.95048206502689,-3.09087344827483,3.));
#2783=CARTESIAN_POINT('Ctrl Pts',(4.9420599413112,-3.0698434053072,3.));
#2784=CARTESIAN_POINT('Ctrl Pts',(4.93352057082466,-3.04892135996308,3.));
#2785=CARTESIAN_POINT('Ctrl Pts',(4.92486419330454,-3.02810847699279,3.));
#2786=CARTESIAN_POINT('Ctrl Pts',(4.91609099057761,-3.00740584750099,3.));
#2787=CARTESIAN_POINT('Ctrl Pts',(4.90720110422535,-2.986814531241,3.));
#2788=CARTESIAN_POINT('Ctrl Pts',(4.89819465003003,-2.96633559173738,3.));
#2789=CARTESIAN_POINT('Ctrl Pts',(4.8890717335851,-2.94597013042092,3.));
#2790=CARTESIAN_POINT('Ctrl Pts',(4.87983246882023,-2.92571932844722,3.));
#2791=CARTESIAN_POINT('Ctrl Pts',(4.87047698098266,-2.90558443780937,3.));
#2792=CARTESIAN_POINT('Ctrl Pts',(4.86100540341423,-2.88556675301628,3.));
#2793=CARTESIAN_POINT('Ctrl Pts',(4.85141787768841,-2.86566758663376,3.));
#2794=CARTESIAN_POINT('Ctrl Pts',(4.84171455206634,-2.8458882463073,3.));
#2795=CARTESIAN_POINT('Ctrl Pts',(4.83189558442419,-2.82623000042968,3.));
#2796=CARTESIAN_POINT('Ctrl Pts',(4.82196112990655,-2.80669409693529,3.));
#2797=CARTESIAN_POINT('Ctrl Pts',(4.81191132202827,-2.78728180809102,3.));
#2798=CARTESIAN_POINT('Ctrl Pts',(4.80174625500687,-2.76799446931022,3.));
#2799=CARTESIAN_POINT('Ctrl Pts',(4.79146596987257,-2.74883351302351,3.));
#2800=CARTESIAN_POINT('Ctrl Pts',(4.78107043107746,-2.72980052026036,3.));
#2801=CARTESIAN_POINT('Ctrl Pts',(4.77055954746002,-2.71089718894901,3.));
#2802=CARTESIAN_POINT('Ctrl Pts',(4.75993321905663,-2.69212525284677,3.));
#2803=CARTESIAN_POINT('Ctrl Pts',(4.74919138116229,-2.67348640758766,3.));
#2804=CARTESIAN_POINT('Ctrl Pts',(4.73833404094383,-2.65498224821268,3.));
#2805=CARTESIAN_POINT('Ctrl Pts',(4.72736134162504,-2.63661416251809,3.));
#2806=CARTESIAN_POINT('Ctrl Pts',(4.71627351344057,-2.61838340893768,3.));
#2807=CARTESIAN_POINT('Ctrl Pts',(4.70507074970527,-2.60029131693066,3.));
#2808=CARTESIAN_POINT('Ctrl Pts',(4.69375309585185,-2.58233946614594,3.));
#2809=CARTESIAN_POINT('Ctrl Pts',(4.68232035550782,-2.56452983888511,3.));
#2810=CARTESIAN_POINT('Ctrl Pts',(4.67077193619989,-2.54686506924505,3.));
#2811=CARTESIAN_POINT('Ctrl Pts',(4.65910695209661,-2.52934828138251,3.));
#2812=CARTESIAN_POINT('Ctrl Pts',(4.64732450430598,-2.51198264383539,3.));
#2813=CARTESIAN_POINT('Ctrl Pts',(4.63542393358415,-2.49477096843868,3.));
#2814=CARTESIAN_POINT('Ctrl Pts',(4.62340503356991,-2.47771537208239,3.));
#2815=CARTESIAN_POINT('Ctrl Pts',(4.61126841082723,-2.46081670510648,3.));
#2816=CARTESIAN_POINT('Ctrl Pts',(4.59901522344485,-2.44407496891941,3.));
#2817=CARTESIAN_POINT('Ctrl Pts',(4.58664650517431,-2.4274903935511,3.));
#2818=CARTESIAN_POINT('Ctrl Pts',(4.57416255784868,-2.41106440653791,3.));
#2819=CARTESIAN_POINT('Ctrl Pts',(4.56156243589752,-2.39480045578522,3.));
#2820=CARTESIAN_POINT('Ctrl Pts',(4.54884309218008,-2.3787053706892,3.));
#2821=CARTESIAN_POINT('Ctrl Pts',(4.53600002670632,-2.36278833545073,3.));
#2822=CARTESIAN_POINT('Ctrl Pts',(4.52302882914138,-2.34705844255283,3.));
#2823=CARTESIAN_POINT('Ctrl Pts',(4.50992657838346,-2.3315224731367,3.));
#2824=CARTESIAN_POINT('Ctrl Pts',(4.49669302572078,-2.31618302220247,3.));
#2825=CARTESIAN_POINT('Ctrl Pts',(4.48333257097244,-2.30103536193862,3.));
#2826=CARTESIAN_POINT('Ctrl Pts',(4.46985246166149,-2.28607031574345,3.));
#2827=CARTESIAN_POINT('Ctrl Pts',(4.45625914497229,-2.27128007234111,3.));
#2828=CARTESIAN_POINT('Ctrl Pts',(4.44255492624483,-2.25666351143909,3.));
#2829=CARTESIAN_POINT('Ctrl Pts',(4.42873509731686,-2.24223078362528,3.));
#2830=CARTESIAN_POINT('Ctrl Pts',(4.41478333282944,-2.2280106420575,3.));
#2831=CARTESIAN_POINT('Ctrl Pts',(4.40067650485429,-2.21404281309615,3.));
#2832=CARTESIAN_POINT('Ctrl Pts',(4.38639292709531,-2.20036492539022,3.));
#2833=CARTESIAN_POINT('Ctrl Pts',(4.37192001810692,-2.18700034911679,3.));
#2834=CARTESIAN_POINT('Ctrl Pts',(4.35726102100771,-2.17394756393591,3.));
#2835=CARTESIAN_POINT('Ctrl Pts',(4.34244524077883,-2.16116386374027,3.));
#2836=CARTESIAN_POINT('Ctrl Pts',(4.32751397783927,-2.14858815700962,3.));
#2837=CARTESIAN_POINT('Ctrl Pts',(4.31250059512112,-2.13617319200855,3.));
#2838=CARTESIAN_POINT('Ctrl Pts',(4.29741193427593,-2.123915637796,3.));
#2839=CARTESIAN_POINT('Ctrl Pts',(4.28221059619558,-2.11188471876958,3.));
#2840=CARTESIAN_POINT('Ctrl Pts',(4.26679291843461,-2.1002579210933,3.));
#2841=CARTESIAN_POINT('Ctrl Pts',(4.25101781753033,-2.08927324316061,3.));
#2842=CARTESIAN_POINT('Ctrl Pts',(4.23799702753447,-2.08119167061285,3.));
#2843=CARTESIAN_POINT('Ctrl Pts',(4.22795516561798,-2.07561273737652,3.));
#2844=CARTESIAN_POINT('Ctrl Pts',(4.2211312975473,-2.07211862988483,3.));
#2845=CARTESIAN_POINT('Ctrl Pts',(4.21768703977738,-2.0704278720789,3.));
#2846=CARTESIAN_POINT('',(5.02093688363813,-3.28484288977756,0.));
#2847=CARTESIAN_POINT('Origin',(2.33427252074109E-14,-1.69809249441115E-14,
0.));
#2848=CARTESIAN_POINT('',(4.67562606005691,-3.76012246429776,0.));
#2849=CARTESIAN_POINT('Origin',(2.33427252074109E-14,-1.69809249441115E-14,
0.));
#2850=CARTESIAN_POINT('',(4.67562606005691,-3.76012246429776,3.));
#2851=CARTESIAN_POINT('Origin',(2.33427252074109E-14,-1.69809249441115E-14,
3.));
#2852=CARTESIAN_POINT('',(4.67562606005691,-3.76012246429776,0.));
#2853=CARTESIAN_POINT('Ctrl Pts',(3.27243089150592,-3.37146134477395,0.));
#2854=CARTESIAN_POINT('Ctrl Pts',(3.27243089150592,-3.37146134477395,3.));
#2855=CARTESIAN_POINT('Ctrl Pts',(3.27510323191864,-3.37421455567444,0.));
#2856=CARTESIAN_POINT('Ctrl Pts',(3.27510323191864,-3.37421455567444,3.));
#2857=CARTESIAN_POINT('Ctrl Pts',(3.28053501681846,-3.37962470127429,0.));
#2858=CARTESIAN_POINT('Ctrl Pts',(3.28053501681846,-3.37962470127429,3.));
#2859=CARTESIAN_POINT('Ctrl Pts',(3.28894400361421,-3.3874510943052,0.));
#2860=CARTESIAN_POINT('Ctrl Pts',(3.28894400361421,-3.3874510943052,3.));
#2861=CARTESIAN_POINT('Ctrl Pts',(3.30065368123658,-3.39733725821954,0.));
#2862=CARTESIAN_POINT('Ctrl Pts',(3.30065368123658,-3.39733725821954,3.));
#2863=CARTESIAN_POINT('Ctrl Pts',(3.31597550503127,-3.40894581857083,0.));
#2864=CARTESIAN_POINT('Ctrl Pts',(3.31597550503127,-3.40894581857083,3.));
#2865=CARTESIAN_POINT('Ctrl Pts',(3.33179757116688,-3.42001602339941,0.));
#2866=CARTESIAN_POINT('Ctrl Pts',(3.33179757116688,-3.42001602339941,3.));
#2867=CARTESIAN_POINT('Ctrl Pts',(3.34793712690804,-3.43075559660002,0.));
#2868=CARTESIAN_POINT('Ctrl Pts',(3.34793712690804,-3.43075559660002,3.));
#2869=CARTESIAN_POINT('Ctrl Pts',(3.36425740633925,-3.44131797325785,0.));
#2870=CARTESIAN_POINT('Ctrl Pts',(3.36425740633925,-3.44131797325785,3.));
#2871=CARTESIAN_POINT('Ctrl Pts',(3.38070413010605,-3.45176011355368,0.));
#2872=CARTESIAN_POINT('Ctrl Pts',(3.38070413010605,-3.45176011355368,3.));
#2873=CARTESIAN_POINT('Ctrl Pts',(3.39727835193506,-3.46207448137282,0.));
#2874=CARTESIAN_POINT('Ctrl Pts',(3.39727835193506,-3.46207448137282,3.));
#2875=CARTESIAN_POINT('Ctrl Pts',(3.41401470118414,-3.47221474509204,0.));
#2876=CARTESIAN_POINT('Ctrl Pts',(3.41401470118414,-3.47221474509204,3.));
#2877=CARTESIAN_POINT('Ctrl Pts',(3.43095851681036,-3.48212274736078,0.));
#2878=CARTESIAN_POINT('Ctrl Pts',(3.43095851681036,-3.48212274736078,3.));
#2879=CARTESIAN_POINT('Ctrl Pts',(3.44814135899818,-3.49175742057283,0.));
#2880=CARTESIAN_POINT('Ctrl Pts',(3.44814135899818,-3.49175742057283,3.));
#2881=CARTESIAN_POINT('Ctrl Pts',(3.46556367149807,-3.50111521052823,0.));
#2882=CARTESIAN_POINT('Ctrl Pts',(3.46556367149807,-3.50111521052823,3.));
#2883=CARTESIAN_POINT('Ctrl Pts',(3.4832071158313,-3.51021530467467,0.));
#2884=CARTESIAN_POINT('Ctrl Pts',(3.4832071158313,-3.51021530467467,3.));
#2885=CARTESIAN_POINT('Ctrl Pts',(3.50104260646011,-3.51908995579738,0.));
#2886=CARTESIAN_POINT('Ctrl Pts',(3.50104260646011,-3.51908995579738,3.));
#2887=CARTESIAN_POINT('Ctrl Pts',(3.51903950829344,-3.52777343598376,0.));
#2888=CARTESIAN_POINT('Ctrl Pts',(3.51903950829344,-3.52777343598376,3.));
#2889=CARTESIAN_POINT('Ctrl Pts',(3.53717552026654,-3.53629015678721,0.));
#2890=CARTESIAN_POINT('Ctrl Pts',(3.53717552026654,-3.53629015678721,3.));
#2891=CARTESIAN_POINT('Ctrl Pts',(3.55544244349882,-3.54464773264027,0.));
#2892=CARTESIAN_POINT('Ctrl Pts',(3.55544244349882,-3.54464773264027,3.));
#2893=CARTESIAN_POINT('Ctrl Pts',(3.57384063106251,-3.55284362484491,0.));
#2894=CARTESIAN_POINT('Ctrl Pts',(3.57384063106251,-3.55284362484491,3.));
#2895=CARTESIAN_POINT('Ctrl Pts',(3.59237551963288,-3.56086928794743,0.));
#2896=CARTESIAN_POINT('Ctrl Pts',(3.59237551963288,-3.56086928794743,3.));
#2897=CARTESIAN_POINT('Ctrl Pts',(3.611053597069,-3.56871499341795,0.));
#2898=CARTESIAN_POINT('Ctrl Pts',(3.611053597069,-3.56871499341795,3.));
#2899=CARTESIAN_POINT('Ctrl Pts',(3.62987800016793,-3.57637509580573,0.));
#2900=CARTESIAN_POINT('Ctrl Pts',(3.62987800016793,-3.57637509580573,3.));
#2901=CARTESIAN_POINT('Ctrl Pts',(3.64884633779406,-3.58385063354887,0.));
#2902=CARTESIAN_POINT('Ctrl Pts',(3.64884633779406,-3.58385063354887,3.));
#2903=CARTESIAN_POINT('Ctrl Pts',(3.66795306336898,-3.59114648026815,0.));
#2904=CARTESIAN_POINT('Ctrl Pts',(3.66795306336898,-3.59114648026815,3.));
#2905=CARTESIAN_POINT('Ctrl Pts',(3.68719089229585,-3.59826964017303,0.));
#2906=CARTESIAN_POINT('Ctrl Pts',(3.68719089229585,-3.59826964017303,3.));
#2907=CARTESIAN_POINT('Ctrl Pts',(3.70655248045401,-3.60522723108254,0.));
#2908=CARTESIAN_POINT('Ctrl Pts',(3.70655248045401,-3.60522723108254,3.));
#2909=CARTESIAN_POINT('Ctrl Pts',(3.72603227431997,-3.6120242613992,0.));
#2910=CARTESIAN_POINT('Ctrl Pts',(3.72603227431997,-3.6120242613992,3.));
#2911=CARTESIAN_POINT('Ctrl Pts',(3.74562728693823,-3.61866269587532,0.));
#2912=CARTESIAN_POINT('Ctrl Pts',(3.74562728693823,-3.61866269587532,3.));
#2913=CARTESIAN_POINT('Ctrl Pts',(3.76533606736945,-3.62514268858357,0.));
#2914=CARTESIAN_POINT('Ctrl Pts',(3.76533606736945,-3.62514268858357,3.));
#2915=CARTESIAN_POINT('Ctrl Pts',(3.7851580773954,-3.63146332745098,0.));
#2916=CARTESIAN_POINT('Ctrl Pts',(3.7851580773954,-3.63146332745098,3.));
#2917=CARTESIAN_POINT('Ctrl Pts',(3.80509295780744,-3.63762351150492,0.));
#2918=CARTESIAN_POINT('Ctrl Pts',(3.80509295780744,-3.63762351150492,3.));
#2919=CARTESIAN_POINT('Ctrl Pts',(3.82513971244565,-3.64362292663831,0.));
#2920=CARTESIAN_POINT('Ctrl Pts',(3.82513971244565,-3.64362292663831,3.));
#2921=CARTESIAN_POINT('Ctrl Pts',(3.8452963917971,-3.64946242326727,0.));
#2922=CARTESIAN_POINT('Ctrl Pts',(3.8452963917971,-3.64946242326727,3.));
#2923=CARTESIAN_POINT('Ctrl Pts',(3.86556052536536,-3.65514349727479,0.));
#2924=CARTESIAN_POINT('Ctrl Pts',(3.86556052536536,-3.65514349727479,3.));
#2925=CARTESIAN_POINT('Ctrl Pts',(3.88592937746471,-3.66066798269001,0.));
#2926=CARTESIAN_POINT('Ctrl Pts',(3.88592937746471,-3.66066798269001,3.));
#2927=CARTESIAN_POINT('Ctrl Pts',(3.90640025058248,-3.66603768740623,0.));
#2928=CARTESIAN_POINT('Ctrl Pts',(3.90640025058248,-3.66603768740623,3.));
#2929=CARTESIAN_POINT('Ctrl Pts',(3.92697082262801,-3.67125398887974,0.));
#2930=CARTESIAN_POINT('Ctrl Pts',(3.92697082262801,-3.67125398887974,3.));
#2931=CARTESIAN_POINT('Ctrl Pts',(3.94763926900287,-3.67631768643675,0.));
#2932=CARTESIAN_POINT('Ctrl Pts',(3.94763926900287,-3.67631768643675,3.));
#2933=CARTESIAN_POINT('Ctrl Pts',(3.96840407333221,-3.68122922500654,0.));
#2934=CARTESIAN_POINT('Ctrl Pts',(3.96840407333221,-3.68122922500654,3.));
#2935=CARTESIAN_POINT('Ctrl Pts',(3.98926391148758,-3.68598883156126,0.));
#2936=CARTESIAN_POINT('Ctrl Pts',(3.98926391148758,-3.68598883156126,3.));
#2937=CARTESIAN_POINT('Ctrl Pts',(4.01021751548094,-3.69059667601217,0.));
#2938=CARTESIAN_POINT('Ctrl Pts',(4.01021751548094,-3.69059667601217,3.));
#2939=CARTESIAN_POINT('Ctrl Pts',(4.031263521181,-3.69505305099797,0.));
#2940=CARTESIAN_POINT('Ctrl Pts',(4.031263521181,-3.69505305099797,3.));
#2941=CARTESIAN_POINT('Ctrl Pts',(4.05240040939897,-3.6993584425974,0.));
#2942=CARTESIAN_POINT('Ctrl Pts',(4.05240040939897,-3.6993584425974,3.));
#2943=CARTESIAN_POINT('Ctrl Pts',(4.073626587486,-3.70351343632828,0.));
#2944=CARTESIAN_POINT('Ctrl Pts',(4.073626587486,-3.70351343632828,3.));
#2945=CARTESIAN_POINT('Ctrl Pts',(4.09494043743137,-3.70751866302214,0.));
#2946=CARTESIAN_POINT('Ctrl Pts',(4.09494043743137,-3.70751866302214,3.));
#2947=CARTESIAN_POINT('Ctrl Pts',(4.11634037257982,-3.71137473406742,0.));
#2948=CARTESIAN_POINT('Ctrl Pts',(4.11634037257982,-3.71137473406742,3.));
#2949=CARTESIAN_POINT('Ctrl Pts',(4.13782490026786,-3.71508217183715,0.));
#2950=CARTESIAN_POINT('Ctrl Pts',(4.13782490026786,-3.71508217183715,3.));
#2951=CARTESIAN_POINT('Ctrl Pts',(4.159392645494,-3.71864137995471,0.));
#2952=CARTESIAN_POINT('Ctrl Pts',(4.159392645494,-3.71864137995471,3.));
#2953=CARTESIAN_POINT('Ctrl Pts',(4.18104230908984,-3.72205268147932,0.));
#2954=CARTESIAN_POINT('Ctrl Pts',(4.18104230908984,-3.72205268147932,3.));
#2955=CARTESIAN_POINT('Ctrl Pts',(4.20277263979933,-3.72531634258289,0.));
#2956=CARTESIAN_POINT('Ctrl Pts',(4.20277263979933,-3.72531634258289,3.));
#2957=CARTESIAN_POINT('Ctrl Pts',(4.224582402824,-3.72843260134709,0.));
#2958=CARTESIAN_POINT('Ctrl Pts',(4.224582402824,-3.72843260134709,3.));
#2959=CARTESIAN_POINT('Ctrl Pts',(4.24647034306423,-3.73140169957769,0.));
#2960=CARTESIAN_POINT('Ctrl Pts',(4.24647034306423,-3.73140169957769,3.));
#2961=CARTESIAN_POINT('Ctrl Pts',(4.26843517106002,-3.73422390035464,0.));
#2962=CARTESIAN_POINT('Ctrl Pts',(4.26843517106002,-3.73422390035464,3.));
#2963=CARTESIAN_POINT('Ctrl Pts',(4.29047559473851,-3.7368994746387,0.));
#2964=CARTESIAN_POINT('Ctrl Pts',(4.29047559473851,-3.7368994746387,3.));
#2965=CARTESIAN_POINT('Ctrl Pts',(4.31259034174368,-3.73942869563951,0.));
#2966=CARTESIAN_POINT('Ctrl Pts',(4.31259034174368,-3.73942869563951,3.));
#2967=CARTESIAN_POINT('Ctrl Pts',(4.3347781826558,-3.741811831127,0.));
#2968=CARTESIAN_POINT('Ctrl Pts',(4.3347781826558,-3.741811831127,3.));
#2969=CARTESIAN_POINT('Ctrl Pts',(4.35703795892295,-3.74404913774478,0.));
#2970=CARTESIAN_POINT('Ctrl Pts',(4.35703795892295,-3.74404913774478,3.));
#2971=CARTESIAN_POINT('Ctrl Pts',(4.37936859039202,-3.74614085542834,0.));
#2972=CARTESIAN_POINT('Ctrl Pts',(4.37936859039202,-3.74614085542834,3.));
#2973=CARTESIAN_POINT('Ctrl Pts',(4.40176902981235,-3.74808720270935,0.));
#2974=CARTESIAN_POINT('Ctrl Pts',(4.40176902981235,-3.74808720270935,3.));
#2975=CARTESIAN_POINT('Ctrl Pts',(4.42423822554758,-3.74988837241762,0.));
#2976=CARTESIAN_POINT('Ctrl Pts',(4.42423822554758,-3.74988837241762,3.));
#2977=CARTESIAN_POINT('Ctrl Pts',(4.44677508370793,-3.75154452879548,0.));
#2978=CARTESIAN_POINT('Ctrl Pts',(4.44677508370793,-3.75154452879548,3.));
#2979=CARTESIAN_POINT('Ctrl Pts',(4.46937842246714,-3.7530558037669,0.));
#2980=CARTESIAN_POINT('Ctrl Pts',(4.46937842246714,-3.7530558037669,3.));
#2981=CARTESIAN_POINT('Ctrl Pts',(4.49204695201981,-3.7544222984991,0.));
#2982=CARTESIAN_POINT('Ctrl Pts',(4.49204695201981,-3.7544222984991,3.));
#2983=CARTESIAN_POINT('Ctrl Pts',(4.51477936120403,-3.75564410346733,0.));
#2984=CARTESIAN_POINT('Ctrl Pts',(4.51477936120403,-3.75564410346733,3.));
#2985=CARTESIAN_POINT('Ctrl Pts',(4.53757438852876,-3.7567213170665,0.));
#2986=CARTESIAN_POINT('Ctrl Pts',(4.53757438852876,-3.7567213170665,3.));
#2987=CARTESIAN_POINT('Ctrl Pts',(4.56043089723554,-3.75765406491452,0.));
#2988=CARTESIAN_POINT('Ctrl Pts',(4.56043089723554,-3.75765406491452,3.));
#2989=CARTESIAN_POINT('Ctrl Pts',(4.58334795215484,-3.75844252213476,0.));
#2990=CARTESIAN_POINT('Ctrl Pts',(4.58334795215484,-3.75844252213476,3.));
#2991=CARTESIAN_POINT('Ctrl Pts',(4.60632488445166,-3.75908692919883,0.));
#2992=CARTESIAN_POINT('Ctrl Pts',(4.60632488445166,-3.75908692919883,3.));
#2993=CARTESIAN_POINT('Ctrl Pts',(4.62936124403919,-3.75958754528988,0.));
#2994=CARTESIAN_POINT('Ctrl Pts',(4.62936124403919,-3.75958754528988,3.));
#2995=CARTESIAN_POINT('Ctrl Pts',(4.64783765849128,-3.75987319555522,0.));
#2996=CARTESIAN_POINT('Ctrl Pts',(4.64783765849128,-3.75987319555522,3.));
#2997=CARTESIAN_POINT('Ctrl Pts',(4.66172153255382,-3.76002291285344,0.));
#2998=CARTESIAN_POINT('Ctrl Pts',(4.66172153255382,-3.76002291285344,3.));
#2999=CARTESIAN_POINT('Ctrl Pts',(4.67098925056188,-3.76009405818361,0.));
#3000=CARTESIAN_POINT('Ctrl Pts',(4.67098925056188,-3.76009405818361,3.));
#3001=CARTESIAN_POINT('Ctrl Pts',(4.67562606005691,-3.76012246429776,0.));
#3002=CARTESIAN_POINT('Ctrl Pts',(4.67562606005691,-3.76012246429776,3.));
#3003=CARTESIAN_POINT('Ctrl Pts',(3.27243089150592,-3.37146134477395,0.));
#3004=CARTESIAN_POINT('Ctrl Pts',(3.27510323191864,-3.37421455567444,0.));
#3005=CARTESIAN_POINT('Ctrl Pts',(3.28053501681846,-3.37962470127429,0.));
#3006=CARTESIAN_POINT('Ctrl Pts',(3.28894400361421,-3.3874510943052,0.));
#3007=CARTESIAN_POINT('Ctrl Pts',(3.30065368123658,-3.39733725821954,0.));
#3008=CARTESIAN_POINT('Ctrl Pts',(3.31597550503127,-3.40894581857083,0.));
#3009=CARTESIAN_POINT('Ctrl Pts',(3.33179757116688,-3.42001602339941,0.));
#3010=CARTESIAN_POINT('Ctrl Pts',(3.34793712690804,-3.43075559660002,0.));
#3011=CARTESIAN_POINT('Ctrl Pts',(3.36425740633925,-3.44131797325785,0.));
#3012=CARTESIAN_POINT('Ctrl Pts',(3.38070413010605,-3.45176011355368,0.));
#3013=CARTESIAN_POINT('Ctrl Pts',(3.39727835193506,-3.46207448137282,0.));
#3014=CARTESIAN_POINT('Ctrl Pts',(3.41401470118414,-3.47221474509204,0.));
#3015=CARTESIAN_POINT('Ctrl Pts',(3.43095851681036,-3.48212274736078,0.));
#3016=CARTESIAN_POINT('Ctrl Pts',(3.44814135899818,-3.49175742057283,0.));
#3017=CARTESIAN_POINT('Ctrl Pts',(3.46556367149807,-3.50111521052823,0.));
#3018=CARTESIAN_POINT('Ctrl Pts',(3.4832071158313,-3.51021530467467,0.));
#3019=CARTESIAN_POINT('Ctrl Pts',(3.50104260646011,-3.51908995579738,0.));
#3020=CARTESIAN_POINT('Ctrl Pts',(3.51903950829344,-3.52777343598376,0.));
#3021=CARTESIAN_POINT('Ctrl Pts',(3.53717552026654,-3.53629015678721,0.));
#3022=CARTESIAN_POINT('Ctrl Pts',(3.55544244349882,-3.54464773264027,0.));
#3023=CARTESIAN_POINT('Ctrl Pts',(3.57384063106251,-3.55284362484491,0.));
#3024=CARTESIAN_POINT('Ctrl Pts',(3.59237551963288,-3.56086928794743,0.));
#3025=CARTESIAN_POINT('Ctrl Pts',(3.611053597069,-3.56871499341795,0.));
#3026=CARTESIAN_POINT('Ctrl Pts',(3.62987800016793,-3.57637509580573,0.));
#3027=CARTESIAN_POINT('Ctrl Pts',(3.64884633779406,-3.58385063354887,0.));
#3028=CARTESIAN_POINT('Ctrl Pts',(3.66795306336898,-3.59114648026815,0.));
#3029=CARTESIAN_POINT('Ctrl Pts',(3.68719089229585,-3.59826964017303,0.));
#3030=CARTESIAN_POINT('Ctrl Pts',(3.70655248045401,-3.60522723108254,0.));
#3031=CARTESIAN_POINT('Ctrl Pts',(3.72603227431997,-3.6120242613992,0.));
#3032=CARTESIAN_POINT('Ctrl Pts',(3.74562728693823,-3.61866269587532,0.));
#3033=CARTESIAN_POINT('Ctrl Pts',(3.76533606736945,-3.62514268858357,0.));
#3034=CARTESIAN_POINT('Ctrl Pts',(3.7851580773954,-3.63146332745098,0.));
#3035=CARTESIAN_POINT('Ctrl Pts',(3.80509295780744,-3.63762351150492,0.));
#3036=CARTESIAN_POINT('Ctrl Pts',(3.82513971244565,-3.64362292663831,0.));
#3037=CARTESIAN_POINT('Ctrl Pts',(3.8452963917971,-3.64946242326727,0.));
#3038=CARTESIAN_POINT('Ctrl Pts',(3.86556052536536,-3.65514349727479,0.));
#3039=CARTESIAN_POINT('Ctrl Pts',(3.88592937746471,-3.66066798269001,0.));
#3040=CARTESIAN_POINT('Ctrl Pts',(3.90640025058248,-3.66603768740623,0.));
#3041=CARTESIAN_POINT('Ctrl Pts',(3.92697082262801,-3.67125398887974,0.));
#3042=CARTESIAN_POINT('Ctrl Pts',(3.94763926900287,-3.67631768643675,0.));
#3043=CARTESIAN_POINT('Ctrl Pts',(3.96840407333221,-3.68122922500654,0.));
#3044=CARTESIAN_POINT('Ctrl Pts',(3.98926391148758,-3.68598883156126,0.));
#3045=CARTESIAN_POINT('Ctrl Pts',(4.01021751548094,-3.69059667601217,0.));
#3046=CARTESIAN_POINT('Ctrl Pts',(4.031263521181,-3.69505305099797,0.));
#3047=CARTESIAN_POINT('Ctrl Pts',(4.05240040939897,-3.6993584425974,0.));
#3048=CARTESIAN_POINT('Ctrl Pts',(4.073626587486,-3.70351343632828,0.));
#3049=CARTESIAN_POINT('Ctrl Pts',(4.09494043743137,-3.70751866302214,0.));
#3050=CARTESIAN_POINT('Ctrl Pts',(4.11634037257982,-3.71137473406742,0.));
#3051=CARTESIAN_POINT('Ctrl Pts',(4.13782490026786,-3.71508217183715,0.));
#3052=CARTESIAN_POINT('Ctrl Pts',(4.159392645494,-3.71864137995471,0.));
#3053=CARTESIAN_POINT('Ctrl Pts',(4.18104230908984,-3.72205268147932,0.));
#3054=CARTESIAN_POINT('Ctrl Pts',(4.20277263979933,-3.72531634258289,0.));
#3055=CARTESIAN_POINT('Ctrl Pts',(4.224582402824,-3.72843260134709,0.));
#3056=CARTESIAN_POINT('Ctrl Pts',(4.24647034306423,-3.73140169957769,0.));
#3057=CARTESIAN_POINT('Ctrl Pts',(4.26843517106002,-3.73422390035464,0.));
#3058=CARTESIAN_POINT('Ctrl Pts',(4.29047559473851,-3.7368994746387,0.));
#3059=CARTESIAN_POINT('Ctrl Pts',(4.31259034174368,-3.73942869563951,0.));
#3060=CARTESIAN_POINT('Ctrl Pts',(4.3347781826558,-3.741811831127,0.));
#3061=CARTESIAN_POINT('Ctrl Pts',(4.35703795892295,-3.74404913774478,0.));
#3062=CARTESIAN_POINT('Ctrl Pts',(4.37936859039202,-3.74614085542834,0.));
#3063=CARTESIAN_POINT('Ctrl Pts',(4.40176902981235,-3.74808720270935,0.));
#3064=CARTESIAN_POINT('Ctrl Pts',(4.42423822554758,-3.74988837241762,0.));
#3065=CARTESIAN_POINT('Ctrl Pts',(4.44677508370793,-3.75154452879548,0.));
#3066=CARTESIAN_POINT('Ctrl Pts',(4.46937842246714,-3.7530558037669,0.));
#3067=CARTESIAN_POINT('Ctrl Pts',(4.49204695201981,-3.7544222984991,0.));
#3068=CARTESIAN_POINT('Ctrl Pts',(4.51477936120403,-3.75564410346733,0.));
#3069=CARTESIAN_POINT('Ctrl Pts',(4.53757438852876,-3.7567213170665,0.));
#3070=CARTESIAN_POINT('Ctrl Pts',(4.56043089723554,-3.75765406491452,0.));
#3071=CARTESIAN_POINT('Ctrl Pts',(4.58334795215484,-3.75844252213476,0.));
#3072=CARTESIAN_POINT('Ctrl Pts',(4.60632488445166,-3.75908692919883,0.));
#3073=CARTESIAN_POINT('Ctrl Pts',(4.62936124403919,-3.75958754528988,0.));
#3074=CARTESIAN_POINT('Ctrl Pts',(4.64783765849128,-3.75987319555522,0.));
#3075=CARTESIAN_POINT('Ctrl Pts',(4.66172153255382,-3.76002291285344,0.));
#3076=CARTESIAN_POINT('Ctrl Pts',(4.67098925056188,-3.76009405818361,0.));
#3077=CARTESIAN_POINT('Ctrl Pts',(4.67562606005691,-3.76012246429776,0.));
#3078=CARTESIAN_POINT('Ctrl Pts',(3.27243089150592,-3.37146134477395,3.));
#3079=CARTESIAN_POINT('Ctrl Pts',(3.27510323191864,-3.37421455567444,3.));
#3080=CARTESIAN_POINT('Ctrl Pts',(3.28053501681846,-3.37962470127429,3.));
#3081=CARTESIAN_POINT('Ctrl Pts',(3.28894400361421,-3.3874510943052,3.));
#3082=CARTESIAN_POINT('Ctrl Pts',(3.30065368123658,-3.39733725821954,3.));
#3083=CARTESIAN_POINT('Ctrl Pts',(3.31597550503127,-3.40894581857083,3.));
#3084=CARTESIAN_POINT('Ctrl Pts',(3.33179757116688,-3.42001602339941,3.));
#3085=CARTESIAN_POINT('Ctrl Pts',(3.34793712690804,-3.43075559660002,3.));
#3086=CARTESIAN_POINT('Ctrl Pts',(3.36425740633925,-3.44131797325785,3.));
#3087=CARTESIAN_POINT('Ctrl Pts',(3.38070413010605,-3.45176011355368,3.));
#3088=CARTESIAN_POINT('Ctrl Pts',(3.39727835193506,-3.46207448137282,3.));
#3089=CARTESIAN_POINT('Ctrl Pts',(3.41401470118414,-3.47221474509204,3.));
#3090=CARTESIAN_POINT('Ctrl Pts',(3.43095851681036,-3.48212274736078,3.));
#3091=CARTESIAN_POINT('Ctrl Pts',(3.44814135899818,-3.49175742057283,3.));
#3092=CARTESIAN_POINT('Ctrl Pts',(3.46556367149807,-3.50111521052823,3.));
#3093=CARTESIAN_POINT('Ctrl Pts',(3.4832071158313,-3.51021530467467,3.));
#3094=CARTESIAN_POINT('Ctrl Pts',(3.50104260646011,-3.51908995579738,3.));
#3095=CARTESIAN_POINT('Ctrl Pts',(3.51903950829344,-3.52777343598376,3.));
#3096=CARTESIAN_POINT('Ctrl Pts',(3.53717552026654,-3.53629015678721,3.));
#3097=CARTESIAN_POINT('Ctrl Pts',(3.55544244349882,-3.54464773264027,3.));
#3098=CARTESIAN_POINT('Ctrl Pts',(3.57384063106251,-3.55284362484491,3.));
#3099=CARTESIAN_POINT('Ctrl Pts',(3.59237551963288,-3.56086928794743,3.));
#3100=CARTESIAN_POINT('Ctrl Pts',(3.611053597069,-3.56871499341795,3.));
#3101=CARTESIAN_POINT('Ctrl Pts',(3.62987800016793,-3.57637509580573,3.));
#3102=CARTESIAN_POINT('Ctrl Pts',(3.64884633779406,-3.58385063354887,3.));
#3103=CARTESIAN_POINT('Ctrl Pts',(3.66795306336898,-3.59114648026815,3.));
#3104=CARTESIAN_POINT('Ctrl Pts',(3.68719089229585,-3.59826964017303,3.));
#3105=CARTESIAN_POINT('Ctrl Pts',(3.70655248045401,-3.60522723108254,3.));
#3106=CARTESIAN_POINT('Ctrl Pts',(3.72603227431997,-3.6120242613992,3.));
#3107=CARTESIAN_POINT('Ctrl Pts',(3.74562728693823,-3.61866269587532,3.));
#3108=CARTESIAN_POINT('Ctrl Pts',(3.76533606736945,-3.62514268858357,3.));
#3109=CARTESIAN_POINT('Ctrl Pts',(3.7851580773954,-3.63146332745098,3.));
#3110=CARTESIAN_POINT('Ctrl Pts',(3.80509295780744,-3.63762351150492,3.));
#3111=CARTESIAN_POINT('Ctrl Pts',(3.82513971244565,-3.64362292663831,3.));
#3112=CARTESIAN_POINT('Ctrl Pts',(3.8452963917971,-3.64946242326727,3.));
#3113=CARTESIAN_POINT('Ctrl Pts',(3.86556052536536,-3.65514349727479,3.));
#3114=CARTESIAN_POINT('Ctrl Pts',(3.88592937746471,-3.66066798269001,3.));
#3115=CARTESIAN_POINT('Ctrl Pts',(3.90640025058248,-3.66603768740623,3.));
#3116=CARTESIAN_POINT('Ctrl Pts',(3.92697082262801,-3.67125398887974,3.));
#3117=CARTESIAN_POINT('Ctrl Pts',(3.94763926900287,-3.67631768643675,3.));
#3118=CARTESIAN_POINT('Ctrl Pts',(3.96840407333221,-3.68122922500654,3.));
#3119=CARTESIAN_POINT('Ctrl Pts',(3.98926391148758,-3.68598883156126,3.));
#3120=CARTESIAN_POINT('Ctrl Pts',(4.01021751548094,-3.69059667601217,3.));
#3121=CARTESIAN_POINT('Ctrl Pts',(4.031263521181,-3.69505305099797,3.));
#3122=CARTESIAN_POINT('Ctrl Pts',(4.05240040939897,-3.6993584425974,3.));
#3123=CARTESIAN_POINT('Ctrl Pts',(4.073626587486,-3.70351343632828,3.));
#3124=CARTESIAN_POINT('Ctrl Pts',(4.09494043743137,-3.70751866302214,3.));
#3125=CARTESIAN_POINT('Ctrl Pts',(4.11634037257982,-3.71137473406742,3.));
#3126=CARTESIAN_POINT('Ctrl Pts',(4.13782490026786,-3.71508217183715,3.));
#3127=CARTESIAN_POINT('Ctrl Pts',(4.159392645494,-3.71864137995471,3.));
#3128=CARTESIAN_POINT('Ctrl Pts',(4.18104230908984,-3.72205268147932,3.));
#3129=CARTESIAN_POINT('Ctrl Pts',(4.20277263979933,-3.72531634258289,3.));
#3130=CARTESIAN_POINT('Ctrl Pts',(4.224582402824,-3.72843260134709,3.));
#3131=CARTESIAN_POINT('Ctrl Pts',(4.24647034306423,-3.73140169957769,3.));
#3132=CARTESIAN_POINT('Ctrl Pts',(4.26843517106002,-3.73422390035464,3.));
#3133=CARTESIAN_POINT('Ctrl Pts',(4.29047559473851,-3.7368994746387,3.));
#3134=CARTESIAN_POINT('Ctrl Pts',(4.31259034174368,-3.73942869563951,3.));
#3135=CARTESIAN_POINT('Ctrl Pts',(4.3347781826558,-3.741811831127,3.));
#3136=CARTESIAN_POINT('Ctrl Pts',(4.35703795892295,-3.74404913774478,3.));
#3137=CARTESIAN_POINT('Ctrl Pts',(4.37936859039202,-3.74614085542834,3.));
#3138=CARTESIAN_POINT('Ctrl Pts',(4.40176902981235,-3.74808720270935,3.));
#3139=CARTESIAN_POINT('Ctrl Pts',(4.42423822554758,-3.74988837241762,3.));
#3140=CARTESIAN_POINT('Ctrl Pts',(4.44677508370793,-3.75154452879548,3.));
#3141=CARTESIAN_POINT('Ctrl Pts',(4.46937842246714,-3.7530558037669,3.));
#3142=CARTESIAN_POINT('Ctrl Pts',(4.49204695201981,-3.7544222984991,3.));
#3143=CARTESIAN_POINT('Ctrl Pts',(4.51477936120403,-3.75564410346733,3.));
#3144=CARTESIAN_POINT('Ctrl Pts',(4.53757438852876,-3.7567213170665,3.));
#3145=CARTESIAN_POINT('Ctrl Pts',(4.56043089723554,-3.75765406491452,3.));
#3146=CARTESIAN_POINT('Ctrl Pts',(4.58334795215484,-3.75844252213476,3.));
#3147=CARTESIAN_POINT('Ctrl Pts',(4.60632488445166,-3.75908692919883,3.));
#3148=CARTESIAN_POINT('Ctrl Pts',(4.62936124403919,-3.75958754528988,3.));
#3149=CARTESIAN_POINT('Ctrl Pts',(4.64783765849128,-3.75987319555522,3.));
#3150=CARTESIAN_POINT('Ctrl Pts',(4.66172153255382,-3.76002291285344,3.));
#3151=CARTESIAN_POINT('Ctrl Pts',(4.67098925056188,-3.76009405818361,3.));
#3152=CARTESIAN_POINT('Ctrl Pts',(4.67562606005691,-3.76012246429776,3.));
#3153=CARTESIAN_POINT('Ctrl Pts',(2.13124105983821,-5.60872637457558,0.));
#3154=CARTESIAN_POINT('Ctrl Pts',(2.13124105983821,-5.60872637457558,3.));
#3155=CARTESIAN_POINT('Ctrl Pts',(2.13264689695189,-5.60430772871849,0.));
#3156=CARTESIAN_POINT('Ctrl Pts',(2.13264689695189,-5.60430772871849,3.));
#3157=CARTESIAN_POINT('Ctrl Pts',(2.13544311608559,-5.59547161999964,0.));
#3158=CARTESIAN_POINT('Ctrl Pts',(2.13544311608559,-5.59547161999964,3.));
#3159=CARTESIAN_POINT('Ctrl Pts',(2.1395910795066,-5.58222100591155,0.));
#3160=CARTESIAN_POINT('Ctrl Pts',(2.1395910795066,-5.58222100591155,3.));
#3161=CARTESIAN_POINT('Ctrl Pts',(2.14502893602118,-5.56456062076267,0.));
#3162=CARTESIAN_POINT('Ctrl Pts',(2.14502893602118,-5.56456062076267,3.));
#3163=CARTESIAN_POINT('Ctrl Pts',(2.1516714484267,-5.54249704198544,0.));
#3164=CARTESIAN_POINT('Ctrl Pts',(2.1516714484267,-5.54249704198544,3.));
#3165=CARTESIAN_POINT('Ctrl Pts',(2.15815884344759,-5.52044554806599,0.));
#3166=CARTESIAN_POINT('Ctrl Pts',(2.15815884344759,-5.52044554806599,3.));
#3167=CARTESIAN_POINT('Ctrl Pts',(2.16449073550156,-5.4984064869703,0.));
#3168=CARTESIAN_POINT('Ctrl Pts',(2.16449073550156,-5.4984064869703,3.));
#3169=CARTESIAN_POINT('Ctrl Pts',(2.17066668920511,-5.47638042048846,0.));
#3170=CARTESIAN_POINT('Ctrl Pts',(2.17066668920511,-5.47638042048846,3.));
#3171=CARTESIAN_POINT('Ctrl Pts',(2.17668624902276,-5.45436818390344,0.));
#3172=CARTESIAN_POINT('Ctrl Pts',(2.17668624902276,-5.45436818390344,3.));
#3173=CARTESIAN_POINT('Ctrl Pts',(2.18254894420709,-5.4323708195187,0.));
#3174=CARTESIAN_POINT('Ctrl Pts',(2.18254894420709,-5.4323708195187,3.));
#3175=CARTESIAN_POINT('Ctrl Pts',(2.18825429135682,-5.41038949667782,0.));
#3176=CARTESIAN_POINT('Ctrl Pts',(2.18825429135682,-5.41038949667782,3.));
#3177=CARTESIAN_POINT('Ctrl Pts',(2.19380179925354,-5.38842543441151,0.));
#3178=CARTESIAN_POINT('Ctrl Pts',(2.19380179925354,-5.38842543441151,3.));
#3179=CARTESIAN_POINT('Ctrl Pts',(2.19919097310974,-5.36647982813519,0.));
#3180=CARTESIAN_POINT('Ctrl Pts',(2.19919097310974,-5.36647982813519,3.));
#3181=CARTESIAN_POINT('Ctrl Pts',(2.20442132225386,-5.34455376106568,0.));
#3182=CARTESIAN_POINT('Ctrl Pts',(2.20442132225386,-5.34455376106568,3.));
#3183=CARTESIAN_POINT('Ctrl Pts',(2.20949235245163,-5.32264822280031,0.));
#3184=CARTESIAN_POINT('Ctrl Pts',(2.20949235245163,-5.32264822280031,3.));
#3185=CARTESIAN_POINT('Ctrl Pts',(2.2144035553375,-5.30076415391702,0.));
#3186=CARTESIAN_POINT('Ctrl Pts',(2.2144035553375,-5.30076415391702,3.));
#3187=CARTESIAN_POINT('Ctrl Pts',(2.21915439945724,-5.27890248288035,0.));
#3188=CARTESIAN_POINT('Ctrl Pts',(2.21915439945724,-5.27890248288035,3.));
#3189=CARTESIAN_POINT('Ctrl Pts',(2.22374432283298,-5.25706416283282,0.));
#3190=CARTESIAN_POINT('Ctrl Pts',(2.22374432283298,-5.25706416283282,3.));
#3191=CARTESIAN_POINT('Ctrl Pts',(2.22817272336991,-5.23525021631555,0.));
#3192=CARTESIAN_POINT('Ctrl Pts',(2.22817272336991,-5.23525021631555,3.));
#3193=CARTESIAN_POINT('Ctrl Pts',(2.2324389664921,-5.21346172983074,0.));
#3194=CARTESIAN_POINT('Ctrl Pts',(2.2324389664921,-5.21346172983074,3.));
#3195=CARTESIAN_POINT('Ctrl Pts',(2.23654239918211,-5.19169982903442,0.));
#3196=CARTESIAN_POINT('Ctrl Pts',(2.23654239918211,-5.19169982903442,3.));
#3197=CARTESIAN_POINT('Ctrl Pts',(2.24048236446847,-5.16996565902945,0.));
#3198=CARTESIAN_POINT('Ctrl Pts',(2.24048236446847,-5.16996565902945,3.));
#3199=CARTESIAN_POINT('Ctrl Pts',(2.24425821368223,-5.14826036486897,0.));
#3200=CARTESIAN_POINT('Ctrl Pts',(2.24425821368223,-5.14826036486897,3.));
#3201=CARTESIAN_POINT('Ctrl Pts',(2.24786932900532,-5.12658506550158,0.));
#3202=CARTESIAN_POINT('Ctrl Pts',(2.24786932900532,-5.12658506550158,3.));
#3203=CARTESIAN_POINT('Ctrl Pts',(2.25131510243491,-5.10494086171911,0.));
#3204=CARTESIAN_POINT('Ctrl Pts',(2.25131510243491,-5.10494086171911,3.));
#3205=CARTESIAN_POINT('Ctrl Pts',(2.25459489416708,-5.08332886128516,0.));
#3206=CARTESIAN_POINT('Ctrl Pts',(2.25459489416708,-5.08332886128516,3.));
#3207=CARTESIAN_POINT('Ctrl Pts',(2.25770799548914,-5.06175019995149,0.));
#3208=CARTESIAN_POINT('Ctrl Pts',(2.25770799548914,-5.06175019995149,3.));
#3209=CARTESIAN_POINT('Ctrl Pts',(2.26065359763362,-5.04020606069575,0.));
#3210=CARTESIAN_POINT('Ctrl Pts',(2.26065359763362,-5.04020606069575,3.));
#3211=CARTESIAN_POINT('Ctrl Pts',(2.26343074253586,-5.01869770170315,0.));
#3212=CARTESIAN_POINT('Ctrl Pts',(2.26343074253586,-5.01869770170315,3.));
#3213=CARTESIAN_POINT('Ctrl Pts',(2.26603835842747,-4.99722644304308,0.));
#3214=CARTESIAN_POINT('Ctrl Pts',(2.26603835842747,-4.99722644304308,3.));
#3215=CARTESIAN_POINT('Ctrl Pts',(2.26847534535919,-4.97579362859751,0.));
#3216=CARTESIAN_POINT('Ctrl Pts',(2.26847534535919,-4.97579362859751,3.));
#3217=CARTESIAN_POINT('Ctrl Pts',(2.27074065431492,-4.95440059213056,0.));
#3218=CARTESIAN_POINT('Ctrl Pts',(2.27074065431492,-4.95440059213056,3.));
#3219=CARTESIAN_POINT('Ctrl Pts',(2.27283335355115,-4.93304862827004,0.));
#3220=CARTESIAN_POINT('Ctrl Pts',(2.27283335355115,-4.93304862827004,3.));
#3221=CARTESIAN_POINT('Ctrl Pts',(2.2747527432122,-4.91173894395157,0.));
#3222=CARTESIAN_POINT('Ctrl Pts',(2.2747527432122,-4.91173894395157,3.));
#3223=CARTESIAN_POINT('Ctrl Pts',(2.27649826987301,-4.89047269259796,0.));
#3224=CARTESIAN_POINT('Ctrl Pts',(2.27649826987301,-4.89047269259796,3.));
#3225=CARTESIAN_POINT('Ctrl Pts',(2.27806930849203,-4.86925106339196,0.));
#3226=CARTESIAN_POINT('Ctrl Pts',(2.27806930849203,-4.86925106339196,3.));
#3227=CARTESIAN_POINT('Ctrl Pts',(2.27946496733077,-4.84807536100105,0.));
#3228=CARTESIAN_POINT('Ctrl Pts',(2.27946496733077,-4.84807536100105,3.));
#3229=CARTESIAN_POINT('Ctrl Pts',(2.28068392235291,-4.82694707371605,0.));
#3230=CARTESIAN_POINT('Ctrl Pts',(2.28068392235291,-4.82694707371605,3.));
#3231=CARTESIAN_POINT('Ctrl Pts',(2.2817241459542,-4.80586798431903,0.));
#3232=CARTESIAN_POINT('Ctrl Pts',(2.2817241459542,-4.80586798431903,3.));
#3233=CARTESIAN_POINT('Ctrl Pts',(2.28258308514867,-4.78484009962724,0.));
#3234=CARTESIAN_POINT('Ctrl Pts',(2.28258308514867,-4.78484009962724,3.));
#3235=CARTESIAN_POINT('Ctrl Pts',(2.28325815029757,-4.76386545468622,0.));
#3236=CARTESIAN_POINT('Ctrl Pts',(2.28325815029757,-4.76386545468622,3.));
#3237=CARTESIAN_POINT('Ctrl Pts',(2.28374715530628,-4.74294593682446,0.));
#3238=CARTESIAN_POINT('Ctrl Pts',(2.28374715530628,-4.74294593682446,3.));
#3239=CARTESIAN_POINT('Ctrl Pts',(2.28404868894835,-4.72208313734588,0.));
#3240=CARTESIAN_POINT('Ctrl Pts',(2.28404868894835,-4.72208313734588,3.));
#3241=CARTESIAN_POINT('Ctrl Pts',(2.28416274212704,-4.7012781007193,0.));
#3242=CARTESIAN_POINT('Ctrl Pts',(2.28416274212704,-4.7012781007193,3.));
#3243=CARTESIAN_POINT('Ctrl Pts',(2.28409025092797,-4.68053150879168,0.));
#3244=CARTESIAN_POINT('Ctrl Pts',(2.28409025092797,-4.68053150879168,3.));
#3245=CARTESIAN_POINT('Ctrl Pts',(2.28383191646549,-4.65984415528504,0.));
#3246=CARTESIAN_POINT('Ctrl Pts',(2.28383191646549,-4.65984415528504,3.));
#3247=CARTESIAN_POINT('Ctrl Pts',(2.28338714384288,-4.63921737251359,0.));
#3248=CARTESIAN_POINT('Ctrl Pts',(2.28338714384288,-4.63921737251359,3.));
#3249=CARTESIAN_POINT('Ctrl Pts',(2.28275314144963,-4.618653394099,0.));
#3250=CARTESIAN_POINT('Ctrl Pts',(2.28275314144963,-4.618653394099,3.));
#3251=CARTESIAN_POINT('Ctrl Pts',(2.28192342987876,-4.59815595407447,0.));
#3252=CARTESIAN_POINT('Ctrl Pts',(2.28192342987876,-4.59815595407447,3.));
#3253=CARTESIAN_POINT('Ctrl Pts',(2.28088897022401,-4.57772983758677,0.));
#3254=CARTESIAN_POINT('Ctrl Pts',(2.28088897022401,-4.57772983758677,3.));
#3255=CARTESIAN_POINT('Ctrl Pts',(2.2796408500221,-4.55737980827943,0.));
#3256=CARTESIAN_POINT('Ctrl Pts',(2.2796408500221,-4.55737980827943,3.));
#3257=CARTESIAN_POINT('Ctrl Pts',(2.27817272019726,-4.53710963523035,0.));
#3258=CARTESIAN_POINT('Ctrl Pts',(2.27817272019726,-4.53710963523035,3.));
#3259=CARTESIAN_POINT('Ctrl Pts',(2.27648285423459,-4.51692127164962,0.));
#3260=CARTESIAN_POINT('Ctrl Pts',(2.27648285423459,-4.51692127164962,3.));
#3261=CARTESIAN_POINT('Ctrl Pts',(2.27457759060044,-4.49681347880615,0.));
#3262=CARTESIAN_POINT('Ctrl Pts',(2.27457759060044,-4.49681347880615,3.));
#3263=CARTESIAN_POINT('Ctrl Pts',(2.27246818653524,-4.47678309266039,0.));
#3264=CARTESIAN_POINT('Ctrl Pts',(2.27246818653524,-4.47678309266039,3.));
#3265=CARTESIAN_POINT('Ctrl Pts',(2.27016444927347,-4.45682758331729,0.));
#3266=CARTESIAN_POINT('Ctrl Pts',(2.27016444927347,-4.45682758331729,3.));
#3267=CARTESIAN_POINT('Ctrl Pts',(2.26766890236576,-4.43694739948605,0.));
#3268=CARTESIAN_POINT('Ctrl Pts',(2.26766890236576,-4.43694739948605,3.));
#3269=CARTESIAN_POINT('Ctrl Pts',(2.26497177046299,-4.41714798577643,0.));
#3270=CARTESIAN_POINT('Ctrl Pts',(2.26497177046299,-4.41714798577643,3.));
#3271=CARTESIAN_POINT('Ctrl Pts',(2.2620429453902,-4.39744300817651,0.));
#3272=CARTESIAN_POINT('Ctrl Pts',(2.2620429453902,-4.39744300817651,3.));
#3273=CARTESIAN_POINT('Ctrl Pts',(2.25884036569161,-4.37785101173184,0.));
#3274=CARTESIAN_POINT('Ctrl Pts',(2.25884036569161,-4.37785101173184,3.));
#3275=CARTESIAN_POINT('Ctrl Pts',(2.25532436922018,-4.35838969177388,0.));
#3276=CARTESIAN_POINT('Ctrl Pts',(2.25532436922018,-4.35838969177388,3.));
#3277=CARTESIAN_POINT('Ctrl Pts',(2.25147104072719,-4.33907055998491,0.));
#3278=CARTESIAN_POINT('Ctrl Pts',(2.25147104072719,-4.33907055998491,3.));
#3279=CARTESIAN_POINT('Ctrl Pts',(2.2472838975841,-4.31989429264134,0.));
#3280=CARTESIAN_POINT('Ctrl Pts',(2.2472838975841,-4.31989429264134,3.));
#3281=CARTESIAN_POINT('Ctrl Pts',(2.24281175003873,-4.30084356481233,0.));
#3282=CARTESIAN_POINT('Ctrl Pts',(2.24281175003873,-4.30084356481233,3.));
#3283=CARTESIAN_POINT('Ctrl Pts',(2.23812391952658,-4.28189322819699,0.));
#3284=CARTESIAN_POINT('Ctrl Pts',(2.23812391952658,-4.28189322819699,3.));
#3285=CARTESIAN_POINT('Ctrl Pts',(2.2332751710999,-4.2630246655778,0.));
#3286=CARTESIAN_POINT('Ctrl Pts',(2.2332751710999,-4.2630246655778,3.));
#3287=CARTESIAN_POINT('Ctrl Pts',(2.22827299764909,-4.24423920358873,0.));
#3288=CARTESIAN_POINT('Ctrl Pts',(2.22827299764909,-4.24423920358873,3.));
#3289=CARTESIAN_POINT('Ctrl Pts',(2.2230464535801,-4.22557086329967,0.));
#3290=CARTESIAN_POINT('Ctrl Pts',(2.2230464535801,-4.22557086329967,3.));
#3291=CARTESIAN_POINT('Ctrl Pts',(2.21740735046319,-4.2071023027769,0.));
#3292=CARTESIAN_POINT('Ctrl Pts',(2.21740735046319,-4.2071023027769,3.));
#3293=CARTESIAN_POINT('Ctrl Pts',(2.21110165743367,-4.18894313998666,0.));
#3294=CARTESIAN_POINT('Ctrl Pts',(2.21110165743367,-4.18894313998666,3.));
#3295=CARTESIAN_POINT('Ctrl Pts',(2.20531784620573,-4.17475158212148,0.));
#3296=CARTESIAN_POINT('Ctrl Pts',(2.20531784620573,-4.17475158212148,3.));
#3297=CARTESIAN_POINT('Ctrl Pts',(2.20047302393996,-4.16433567198274,0.));
#3298=CARTESIAN_POINT('Ctrl Pts',(2.20047302393996,-4.16433567198274,3.));
#3299=CARTESIAN_POINT('Ctrl Pts',(2.19700618355695,-4.15749791062626,0.));
#3300=CARTESIAN_POINT('Ctrl Pts',(2.19700618355695,-4.15749791062626,3.));
#3301=CARTESIAN_POINT('Ctrl Pts',(2.1952135229916,-4.15410557490563,0.));
#3302=CARTESIAN_POINT('Ctrl Pts',(2.1952135229916,-4.15410557490563,3.));
#3303=CARTESIAN_POINT('',(2.1312410598382,-5.60872637457558,0.));
#3304=CARTESIAN_POINT('Ctrl Pts',(2.1952135229916,-4.15410557490563,0.));
#3305=CARTESIAN_POINT('Ctrl Pts',(2.19700618355695,-4.15749791062626,0.));
#3306=CARTESIAN_POINT('Ctrl Pts',(2.20047302393996,-4.16433567198274,0.));
#3307=CARTESIAN_POINT('Ctrl Pts',(2.20531784620573,-4.17475158212148,0.));
#3308=CARTESIAN_POINT('Ctrl Pts',(2.21110165743367,-4.18894313998666,0.));
#3309=CARTESIAN_POINT('Ctrl Pts',(2.21740735046319,-4.2071023027769,0.));
#3310=CARTESIAN_POINT('Ctrl Pts',(2.2230464535801,-4.22557086329967,0.));
#3311=CARTESIAN_POINT('Ctrl Pts',(2.22827299764909,-4.24423920358873,0.));
#3312=CARTESIAN_POINT('Ctrl Pts',(2.2332751710999,-4.2630246655778,0.));
#3313=CARTESIAN_POINT('Ctrl Pts',(2.23812391952658,-4.28189322819699,0.));
#3314=CARTESIAN_POINT('Ctrl Pts',(2.24281175003873,-4.30084356481233,0.));
#3315=CARTESIAN_POINT('Ctrl Pts',(2.2472838975841,-4.31989429264134,0.));
#3316=CARTESIAN_POINT('Ctrl Pts',(2.25147104072719,-4.33907055998491,0.));
#3317=CARTESIAN_POINT('Ctrl Pts',(2.25532436922018,-4.35838969177388,0.));
#3318=CARTESIAN_POINT('Ctrl Pts',(2.25884036569161,-4.37785101173184,0.));
#3319=CARTESIAN_POINT('Ctrl Pts',(2.2620429453902,-4.39744300817651,0.));
#3320=CARTESIAN_POINT('Ctrl Pts',(2.26497177046299,-4.41714798577643,0.));
#3321=CARTESIAN_POINT('Ctrl Pts',(2.26766890236576,-4.43694739948605,0.));
#3322=CARTESIAN_POINT('Ctrl Pts',(2.27016444927347,-4.45682758331729,0.));
#3323=CARTESIAN_POINT('Ctrl Pts',(2.27246818653524,-4.47678309266039,0.));
#3324=CARTESIAN_POINT('Ctrl Pts',(2.27457759060044,-4.49681347880615,0.));
#3325=CARTESIAN_POINT('Ctrl Pts',(2.27648285423459,-4.51692127164962,0.));
#3326=CARTESIAN_POINT('Ctrl Pts',(2.27817272019726,-4.53710963523035,0.));
#3327=CARTESIAN_POINT('Ctrl Pts',(2.2796408500221,-4.55737980827943,0.));
#3328=CARTESIAN_POINT('Ctrl Pts',(2.28088897022401,-4.57772983758677,0.));
#3329=CARTESIAN_POINT('Ctrl Pts',(2.28192342987876,-4.59815595407447,0.));
#3330=CARTESIAN_POINT('Ctrl Pts',(2.28275314144963,-4.618653394099,0.));
#3331=CARTESIAN_POINT('Ctrl Pts',(2.28338714384288,-4.63921737251359,0.));
#3332=CARTESIAN_POINT('Ctrl Pts',(2.28383191646549,-4.65984415528504,0.));
#3333=CARTESIAN_POINT('Ctrl Pts',(2.28409025092797,-4.68053150879168,0.));
#3334=CARTESIAN_POINT('Ctrl Pts',(2.28416274212704,-4.7012781007193,0.));
#3335=CARTESIAN_POINT('Ctrl Pts',(2.28404868894835,-4.72208313734588,0.));
#3336=CARTESIAN_POINT('Ctrl Pts',(2.28374715530628,-4.74294593682446,0.));
#3337=CARTESIAN_POINT('Ctrl Pts',(2.28325815029757,-4.76386545468622,0.));
#3338=CARTESIAN_POINT('Ctrl Pts',(2.28258308514867,-4.78484009962724,0.));
#3339=CARTESIAN_POINT('Ctrl Pts',(2.2817241459542,-4.80586798431903,0.));
#3340=CARTESIAN_POINT('Ctrl Pts',(2.28068392235291,-4.82694707371605,0.));
#3341=CARTESIAN_POINT('Ctrl Pts',(2.27946496733077,-4.84807536100105,0.));
#3342=CARTESIAN_POINT('Ctrl Pts',(2.27806930849203,-4.86925106339196,0.));
#3343=CARTESIAN_POINT('Ctrl Pts',(2.27649826987301,-4.89047269259796,0.));
#3344=CARTESIAN_POINT('Ctrl Pts',(2.2747527432122,-4.91173894395157,0.));
#3345=CARTESIAN_POINT('Ctrl Pts',(2.27283335355115,-4.93304862827004,0.));
#3346=CARTESIAN_POINT('Ctrl Pts',(2.27074065431492,-4.95440059213056,0.));
#3347=CARTESIAN_POINT('Ctrl Pts',(2.26847534535919,-4.97579362859751,0.));
#3348=CARTESIAN_POINT('Ctrl Pts',(2.26603835842747,-4.99722644304308,0.));
#3349=CARTESIAN_POINT('Ctrl Pts',(2.26343074253586,-5.01869770170315,0.));
#3350=CARTESIAN_POINT('Ctrl Pts',(2.26065359763362,-5.04020606069575,0.));
#3351=CARTESIAN_POINT('Ctrl Pts',(2.25770799548914,-5.06175019995149,0.));
#3352=CARTESIAN_POINT('Ctrl Pts',(2.25459489416708,-5.08332886128516,0.));
#3353=CARTESIAN_POINT('Ctrl Pts',(2.25131510243491,-5.10494086171911,0.));
#3354=CARTESIAN_POINT('Ctrl Pts',(2.24786932900532,-5.12658506550158,0.));
#3355=CARTESIAN_POINT('Ctrl Pts',(2.24425821368223,-5.14826036486897,0.));
#3356=CARTESIAN_POINT('Ctrl Pts',(2.24048236446847,-5.16996565902945,0.));
#3357=CARTESIAN_POINT('Ctrl Pts',(2.23654239918211,-5.19169982903442,0.));
#3358=CARTESIAN_POINT('Ctrl Pts',(2.2324389664921,-5.21346172983074,0.));
#3359=CARTESIAN_POINT('Ctrl Pts',(2.22817272336991,-5.23525021631555,0.));
#3360=CARTESIAN_POINT('Ctrl Pts',(2.22374432283298,-5.25706416283282,0.));
#3361=CARTESIAN_POINT('Ctrl Pts',(2.21915439945724,-5.27890248288035,0.));
#3362=CARTESIAN_POINT('Ctrl Pts',(2.2144035553375,-5.30076415391702,0.));
#3363=CARTESIAN_POINT('Ctrl Pts',(2.20949235245163,-5.32264822280031,0.));
#3364=CARTESIAN_POINT('Ctrl Pts',(2.20442132225386,-5.34455376106568,0.));
#3365=CARTESIAN_POINT('Ctrl Pts',(2.19919097310974,-5.36647982813519,0.));
#3366=CARTESIAN_POINT('Ctrl Pts',(2.19380179925354,-5.38842543441151,0.));
#3367=CARTESIAN_POINT('Ctrl Pts',(2.18825429135682,-5.41038949667782,0.));
#3368=CARTESIAN_POINT('Ctrl Pts',(2.18254894420709,-5.4323708195187,0.));
#3369=CARTESIAN_POINT('Ctrl Pts',(2.17668624902276,-5.45436818390344,0.));
#3370=CARTESIAN_POINT('Ctrl Pts',(2.17066668920511,-5.47638042048846,0.));
#3371=CARTESIAN_POINT('Ctrl Pts',(2.16449073550156,-5.4984064869703,0.));
#3372=CARTESIAN_POINT('Ctrl Pts',(2.15815884344759,-5.52044554806599,0.));
#3373=CARTESIAN_POINT('Ctrl Pts',(2.1516714484267,-5.54249704198544,0.));
#3374=CARTESIAN_POINT('Ctrl Pts',(2.14502893602118,-5.56456062076267,0.));
#3375=CARTESIAN_POINT('Ctrl Pts',(2.1395910795066,-5.58222100591155,0.));
#3376=CARTESIAN_POINT('Ctrl Pts',(2.13544311608559,-5.59547161999964,0.));
#3377=CARTESIAN_POINT('Ctrl Pts',(2.13264689695189,-5.60430772871849,0.));
#3378=CARTESIAN_POINT('Ctrl Pts',(2.13124105983821,-5.60872637457558,0.));
#3379=CARTESIAN_POINT('',(2.1312410598382,-5.60872637457558,3.));
#3380=CARTESIAN_POINT('Ctrl Pts',(2.13124105983821,-5.60872637457558,3.));
#3381=CARTESIAN_POINT('Ctrl Pts',(2.13264689695189,-5.60430772871849,3.));
#3382=CARTESIAN_POINT('Ctrl Pts',(2.13544311608559,-5.59547161999964,3.));
#3383=CARTESIAN_POINT('Ctrl Pts',(2.1395910795066,-5.58222100591155,3.));
#3384=CARTESIAN_POINT('Ctrl Pts',(2.14502893602118,-5.56456062076267,3.));
#3385=CARTESIAN_POINT('Ctrl Pts',(2.1516714484267,-5.54249704198544,3.));
#3386=CARTESIAN_POINT('Ctrl Pts',(2.15815884344759,-5.52044554806599,3.));
#3387=CARTESIAN_POINT('Ctrl Pts',(2.16449073550156,-5.4984064869703,3.));
#3388=CARTESIAN_POINT('Ctrl Pts',(2.17066668920511,-5.47638042048846,3.));
#3389=CARTESIAN_POINT('Ctrl Pts',(2.17668624902276,-5.45436818390344,3.));
#3390=CARTESIAN_POINT('Ctrl Pts',(2.18254894420709,-5.4323708195187,3.));
#3391=CARTESIAN_POINT('Ctrl Pts',(2.18825429135682,-5.41038949667782,3.));
#3392=CARTESIAN_POINT('Ctrl Pts',(2.19380179925354,-5.38842543441151,3.));
#3393=CARTESIAN_POINT('Ctrl Pts',(2.19919097310974,-5.36647982813519,3.));
#3394=CARTESIAN_POINT('Ctrl Pts',(2.20442132225386,-5.34455376106568,3.));
#3395=CARTESIAN_POINT('Ctrl Pts',(2.20949235245163,-5.32264822280031,3.));
#3396=CARTESIAN_POINT('Ctrl Pts',(2.2144035553375,-5.30076415391702,3.));
#3397=CARTESIAN_POINT('Ctrl Pts',(2.21915439945724,-5.27890248288035,3.));
#3398=CARTESIAN_POINT('Ctrl Pts',(2.22374432283298,-5.25706416283282,3.));
#3399=CARTESIAN_POINT('Ctrl Pts',(2.22817272336991,-5.23525021631555,3.));
#3400=CARTESIAN_POINT('Ctrl Pts',(2.2324389664921,-5.21346172983074,3.));
#3401=CARTESIAN_POINT('Ctrl Pts',(2.23654239918211,-5.19169982903442,3.));
#3402=CARTESIAN_POINT('Ctrl Pts',(2.24048236446847,-5.16996565902945,3.));
#3403=CARTESIAN_POINT('Ctrl Pts',(2.24425821368223,-5.14826036486897,3.));
#3404=CARTESIAN_POINT('Ctrl Pts',(2.24786932900532,-5.12658506550158,3.));
#3405=CARTESIAN_POINT('Ctrl Pts',(2.25131510243491,-5.10494086171911,3.));
#3406=CARTESIAN_POINT('Ctrl Pts',(2.25459489416708,-5.08332886128516,3.));
#3407=CARTESIAN_POINT('Ctrl Pts',(2.25770799548914,-5.06175019995149,3.));
#3408=CARTESIAN_POINT('Ctrl Pts',(2.26065359763362,-5.04020606069575,3.));
#3409=CARTESIAN_POINT('Ctrl Pts',(2.26343074253586,-5.01869770170315,3.));
#3410=CARTESIAN_POINT('Ctrl Pts',(2.26603835842747,-4.99722644304308,3.));
#3411=CARTESIAN_POINT('Ctrl Pts',(2.26847534535919,-4.97579362859751,3.));
#3412=CARTESIAN_POINT('Ctrl Pts',(2.27074065431492,-4.95440059213056,3.));
#3413=CARTESIAN_POINT('Ctrl Pts',(2.27283335355115,-4.93304862827004,3.));
#3414=CARTESIAN_POINT('Ctrl Pts',(2.2747527432122,-4.91173894395157,3.));
#3415=CARTESIAN_POINT('Ctrl Pts',(2.27649826987301,-4.89047269259796,3.));
#3416=CARTESIAN_POINT('Ctrl Pts',(2.27806930849203,-4.86925106339196,3.));
#3417=CARTESIAN_POINT('Ctrl Pts',(2.27946496733077,-4.84807536100105,3.));
#3418=CARTESIAN_POINT('Ctrl Pts',(2.28068392235291,-4.82694707371605,3.));
#3419=CARTESIAN_POINT('Ctrl Pts',(2.2817241459542,-4.80586798431903,3.));
#3420=CARTESIAN_POINT('Ctrl Pts',(2.28258308514867,-4.78484009962724,3.));
#3421=CARTESIAN_POINT('Ctrl Pts',(2.28325815029757,-4.76386545468622,3.));
#3422=CARTESIAN_POINT('Ctrl Pts',(2.28374715530628,-4.74294593682446,3.));
#3423=CARTESIAN_POINT('Ctrl Pts',(2.28404868894835,-4.72208313734588,3.));
#3424=CARTESIAN_POINT('Ctrl Pts',(2.28416274212704,-4.7012781007193,3.));
#3425=CARTESIAN_POINT('Ctrl Pts',(2.28409025092797,-4.68053150879168,3.));
#3426=CARTESIAN_POINT('Ctrl Pts',(2.28383191646549,-4.65984415528504,3.));
#3427=CARTESIAN_POINT('Ctrl Pts',(2.28338714384288,-4.63921737251359,3.));
#3428=CARTESIAN_POINT('Ctrl Pts',(2.28275314144963,-4.618653394099,3.));
#3429=CARTESIAN_POINT('Ctrl Pts',(2.28192342987876,-4.59815595407447,3.));
#3430=CARTESIAN_POINT('Ctrl Pts',(2.28088897022401,-4.57772983758677,3.));
#3431=CARTESIAN_POINT('Ctrl Pts',(2.2796408500221,-4.55737980827943,3.));
#3432=CARTESIAN_POINT('Ctrl Pts',(2.27817272019726,-4.53710963523035,3.));
#3433=CARTESIAN_POINT('Ctrl Pts',(2.27648285423459,-4.51692127164962,3.));
#3434=CARTESIAN_POINT('Ctrl Pts',(2.27457759060044,-4.49681347880615,3.));
#3435=CARTESIAN_POINT('Ctrl Pts',(2.27246818653524,-4.47678309266039,3.));
#3436=CARTESIAN_POINT('Ctrl Pts',(2.27016444927347,-4.45682758331729,3.));
#3437=CARTESIAN_POINT('Ctrl Pts',(2.26766890236576,-4.43694739948605,3.));
#3438=CARTESIAN_POINT('Ctrl Pts',(2.26497177046299,-4.41714798577643,3.));
#3439=CARTESIAN_POINT('Ctrl Pts',(2.2620429453902,-4.39744300817651,3.));
#3440=CARTESIAN_POINT('Ctrl Pts',(2.25884036569161,-4.37785101173184,3.));
#3441=CARTESIAN_POINT('Ctrl Pts',(2.25532436922018,-4.35838969177388,3.));
#3442=CARTESIAN_POINT('Ctrl Pts',(2.25147104072719,-4.33907055998491,3.));
#3443=CARTESIAN_POINT('Ctrl Pts',(2.2472838975841,-4.31989429264134,3.));
#3444=CARTESIAN_POINT('Ctrl Pts',(2.24281175003873,-4.30084356481233,3.));
#3445=CARTESIAN_POINT('Ctrl Pts',(2.23812391952658,-4.28189322819699,3.));
#3446=CARTESIAN_POINT('Ctrl Pts',(2.2332751710999,-4.2630246655778,3.));
#3447=CARTESIAN_POINT('Ctrl Pts',(2.22827299764909,-4.24423920358873,3.));
#3448=CARTESIAN_POINT('Ctrl Pts',(2.2230464535801,-4.22557086329967,3.));
#3449=CARTESIAN_POINT('Ctrl Pts',(2.21740735046319,-4.2071023027769,3.));
#3450=CARTESIAN_POINT('Ctrl Pts',(2.21110165743367,-4.18894313998666,3.));
#3451=CARTESIAN_POINT('Ctrl Pts',(2.20531784620573,-4.17475158212148,3.));
#3452=CARTESIAN_POINT('Ctrl Pts',(2.20047302393996,-4.16433567198274,3.));
#3453=CARTESIAN_POINT('Ctrl Pts',(2.19700618355695,-4.15749791062626,3.));
#3454=CARTESIAN_POINT('Ctrl Pts',(2.1952135229916,-4.15410557490563,3.));
#3455=CARTESIAN_POINT('',(2.1312410598382,-5.60872637457558,0.));
#3456=CARTESIAN_POINT('Origin',(8.90352413538577E-15,-2.74583664852236E-14,
0.));
#3457=CARTESIAN_POINT('',(1.57251641060057,-5.79026701788371,0.));
#3458=CARTESIAN_POINT('Origin',(8.90352413538577E-15,-2.74583664852236E-14,
0.));
#3459=CARTESIAN_POINT('',(1.57251641060057,-5.79026701788371,3.));
#3460=CARTESIAN_POINT('Origin',(8.90352413538577E-15,-2.74583664852236E-14,
3.));
#3461=CARTESIAN_POINT('',(1.57251641060057,-5.79026701788371,0.));
#3462=CARTESIAN_POINT('Ctrl Pts',(0.665756947013573,-4.65105614097383,0.));
#3463=CARTESIAN_POINT('Ctrl Pts',(0.665756947013573,-4.65105614097383,3.));
#3464=CARTESIAN_POINT('Ctrl Pts',(0.666300619058465,-4.65485429766512,0.));
#3465=CARTESIAN_POINT('Ctrl Pts',(0.666300619058465,-4.65485429766512,3.));
#3466=CARTESIAN_POINT('Ctrl Pts',(0.667515021555861,-4.66242392045518,0.));
#3467=CARTESIAN_POINT('Ctrl Pts',(0.667515021555861,-4.66242392045518,3.));
#3468=CARTESIAN_POINT('Ctrl Pts',(0.669717796376878,-4.67369828384711,0.));
#3469=CARTESIAN_POINT('Ctrl Pts',(0.669717796376878,-4.67369828384711,3.));
#3470=CARTESIAN_POINT('Ctrl Pts',(0.673380183221432,-4.68857913427851,0.));
#3471=CARTESIAN_POINT('Ctrl Pts',(0.673380183221432,-4.68857913427851,3.));
#3472=CARTESIAN_POINT('Ctrl Pts',(0.678952458481318,-4.70697659894768,0.));
#3473=CARTESIAN_POINT('Ctrl Pts',(0.678952458481318,-4.70697659894768,3.));
#3474=CARTESIAN_POINT('Ctrl Pts',(0.685245875733058,-4.72523255992052,0.));
#3475=CARTESIAN_POINT('Ctrl Pts',(0.685245875733058,-4.72523255992052,3.));
#3476=CARTESIAN_POINT('Ctrl Pts',(0.691990487866081,-4.74340764999535,0.));
#3477=CARTESIAN_POINT('Ctrl Pts',(0.691990487866081,-4.74340764999535,3.));
#3478=CARTESIAN_POINT('Ctrl Pts',(0.698985462050246,-4.76154561177548,0.));
#3479=CARTESIAN_POINT('Ctrl Pts',(0.698985462050246,-4.76154561177548,3.));
#3480=CARTESIAN_POINT('Ctrl Pts',(0.706153405011126,-4.77966062241112,0.));
#3481=CARTESIAN_POINT('Ctrl Pts',(0.706153405011126,-4.77966062241112,3.));
#3482=CARTESIAN_POINT('Ctrl Pts',(0.713499598848525,-4.79774720442235,0.));
#3483=CARTESIAN_POINT('Ctrl Pts',(0.713499598848525,-4.79774720442235,3.));
#3484=CARTESIAN_POINT('Ctrl Pts',(0.721079292346304,-4.81578822936447,0.));
#3485=CARTESIAN_POINT('Ctrl Pts',(0.721079292346304,-4.81578822936447,3.));
#3486=CARTESIAN_POINT('Ctrl Pts',(0.728963349524228,-4.83376329652284,0.));
#3487=CARTESIAN_POINT('Ctrl Pts',(0.728963349524228,-4.83376329652284,3.));
#3488=CARTESIAN_POINT('Ctrl Pts',(0.737201442041144,-4.85165773211711,0.));
#3489=CARTESIAN_POINT('Ctrl Pts',(0.737201442041144,-4.85165773211711,3.));
#3490=CARTESIAN_POINT('Ctrl Pts',(0.745796018005025,-4.86946892156908,0.));
#3491=CARTESIAN_POINT('Ctrl Pts',(0.745796018005025,-4.86946892156908,3.));
#3492=CARTESIAN_POINT('Ctrl Pts',(0.754720963176167,-4.88720160876268,0.));
#3493=CARTESIAN_POINT('Ctrl Pts',(0.754720963176167,-4.88720160876268,3.));
#3494=CARTESIAN_POINT('Ctrl Pts',(0.763933789148717,-4.90486479069912,0.));
#3495=CARTESIAN_POINT('Ctrl Pts',(0.763933789148717,-4.90486479069912,3.));
#3496=CARTESIAN_POINT('Ctrl Pts',(0.773389566985854,-4.9224681872248,0.));
#3497=CARTESIAN_POINT('Ctrl Pts',(0.773389566985854,-4.9224681872248,3.));
#3498=CARTESIAN_POINT('Ctrl Pts',(0.783055905996123,-4.94001843946433,0.));
#3499=CARTESIAN_POINT('Ctrl Pts',(0.783055905996123,-4.94001843946433,3.));
#3500=CARTESIAN_POINT('Ctrl Pts',(0.792921697494635,-4.95751688844193,0.));
#3501=CARTESIAN_POINT('Ctrl Pts',(0.792921697494635,-4.95751688844193,3.));
#3502=CARTESIAN_POINT('Ctrl Pts',(0.802988719332086,-4.97496168783839,0.));
#3503=CARTESIAN_POINT('Ctrl Pts',(0.802988719332086,-4.97496168783839,3.));
#3504=CARTESIAN_POINT('Ctrl Pts',(0.813266392762838,-4.992349119834,0.));
#3505=CARTESIAN_POINT('Ctrl Pts',(0.813266392762838,-4.992349119834,3.));
#3506=CARTESIAN_POINT('Ctrl Pts',(0.823765684861499,-5.00967512735065,0.));
#3507=CARTESIAN_POINT('Ctrl Pts',(0.823765684861499,-5.00967512735065,3.));
#3508=CARTESIAN_POINT('Ctrl Pts',(0.834492451662916,-5.02693698688577,0.));
#3509=CARTESIAN_POINT('Ctrl Pts',(0.834492451662916,-5.02693698688577,3.));
#3510=CARTESIAN_POINT('Ctrl Pts',(0.845444148319124,-5.0441341330792,0.));
#3511=CARTESIAN_POINT('Ctrl Pts',(0.845444148319124,-5.0441341330792,3.));
#3512=CARTESIAN_POINT('Ctrl Pts',(0.856613422911512,-5.06126724857599,0.));
#3513=CARTESIAN_POINT('Ctrl Pts',(0.856613422911512,-5.06126724857599,3.));
#3514=CARTESIAN_POINT('Ctrl Pts',(0.867990265106415,-5.07833771812203,0.));
#3515=CARTESIAN_POINT('Ctrl Pts',(0.867990265106415,-5.07833771812203,3.));
#3516=CARTESIAN_POINT('Ctrl Pts',(0.879564549636362,-5.09534698338806,0.));
#3517=CARTESIAN_POINT('Ctrl Pts',(0.879564549636362,-5.09534698338806,3.));
#3518=CARTESIAN_POINT('Ctrl Pts',(0.891328839741332,-5.11229583197764,0.));
#3519=CARTESIAN_POINT('Ctrl Pts',(0.891328839741332,-5.11229583197764,3.));
#3520=CARTESIAN_POINT('Ctrl Pts',(0.903279564071123,-5.12918409772035,0.));
#3521=CARTESIAN_POINT('Ctrl Pts',(0.903279564071123,-5.12918409772035,3.));
#3522=CARTESIAN_POINT('Ctrl Pts',(0.915415458229513,-5.1460110524229,0.));
#3523=CARTESIAN_POINT('Ctrl Pts',(0.915415458229513,-5.1460110524229,3.));
#3524=CARTESIAN_POINT('Ctrl Pts',(0.927736622891844,-5.16277564184598,0.));
#3525=CARTESIAN_POINT('Ctrl Pts',(0.927736622891844,-5.16277564184598,3.));
#3526=CARTESIAN_POINT('Ctrl Pts',(0.940243414587703,-5.17947676414652,0.));
#3527=CARTESIAN_POINT('Ctrl Pts',(0.940243414587703,-5.17947676414652,3.));
#3528=CARTESIAN_POINT('Ctrl Pts',(0.952935212034292,-5.1961135796784,0.));
#3529=CARTESIAN_POINT('Ctrl Pts',(0.952935212034292,-5.1961135796784,3.));
#3530=CARTESIAN_POINT('Ctrl Pts',(0.965809938180469,-5.21268563054779,0.));
#3531=CARTESIAN_POINT('Ctrl Pts',(0.965809938180469,-5.21268563054779,3.));
#3532=CARTESIAN_POINT('Ctrl Pts',(0.978864715094673,-5.22919267482808,0.));
#3533=CARTESIAN_POINT('Ctrl Pts',(0.978864715094673,-5.22919267482808,3.));
#3534=CARTESIAN_POINT('Ctrl Pts',(0.992096251545383,-5.2456345882843,0.));
#3535=CARTESIAN_POINT('Ctrl Pts',(0.992096251545383,-5.2456345882843,3.));
#3536=CARTESIAN_POINT('Ctrl Pts',(1.005501302546,-5.26201124797467,0.));
#3537=CARTESIAN_POINT('Ctrl Pts',(1.005501302546,-5.26201124797467,3.));
#3538=CARTESIAN_POINT('Ctrl Pts',(1.0190771798372,-5.2783224033941,0.));
#3539=CARTESIAN_POINT('Ctrl Pts',(1.0190771798372,-5.2783224033941,3.));
#3540=CARTESIAN_POINT('Ctrl Pts',(1.03282193745571,-5.29456762873905,0.));
#3541=CARTESIAN_POINT('Ctrl Pts',(1.03282193745571,-5.29456762873905,3.));
#3542=CARTESIAN_POINT('Ctrl Pts',(1.04673408710563,-5.31074639266206,0.));
#3543=CARTESIAN_POINT('Ctrl Pts',(1.04673408710563,-5.31074639266206,3.));
#3544=CARTESIAN_POINT('Ctrl Pts',(1.06081242413366,-5.3268581004843,0.));
#3545=CARTESIAN_POINT('Ctrl Pts',(1.06081242413366,-5.3268581004843,3.));
#3546=CARTESIAN_POINT('Ctrl Pts',(1.07505582284458,-5.34290214436219,0.));
#3547=CARTESIAN_POINT('Ctrl Pts',(1.07505582284458,-5.34290214436219,3.));
#3548=CARTESIAN_POINT('Ctrl Pts',(1.08946300762431,-5.35887795922918,0.));
#3549=CARTESIAN_POINT('Ctrl Pts',(1.08946300762431,-5.35887795922918,3.));
#3550=CARTESIAN_POINT('Ctrl Pts',(1.10403246371336,-5.37478504537443,0.));
#3551=CARTESIAN_POINT('Ctrl Pts',(1.10403246371336,-5.37478504537443,3.));
#3552=CARTESIAN_POINT('Ctrl Pts',(1.11876255847302,-5.39062294035632,0.));
#3553=CARTESIAN_POINT('Ctrl Pts',(1.11876255847302,-5.39062294035632,3.));
#3554=CARTESIAN_POINT('Ctrl Pts',(1.13365161211164,-5.40639120348544,0.));
#3555=CARTESIAN_POINT('Ctrl Pts',(1.13365161211164,-5.40639120348544,3.));
#3556=CARTESIAN_POINT('Ctrl Pts',(1.14869798163305,-5.42208939677286,0.));
#3557=CARTESIAN_POINT('Ctrl Pts',(1.14869798163305,-5.42208939677286,3.));
#3558=CARTESIAN_POINT('Ctrl Pts',(1.16390015240395,-5.43771706546167,0.));
#3559=CARTESIAN_POINT('Ctrl Pts',(1.16390015240395,-5.43771706546167,3.));
#3560=CARTESIAN_POINT('Ctrl Pts',(1.1792567747809,-5.45327372788441,0.));
#3561=CARTESIAN_POINT('Ctrl Pts',(1.1792567747809,-5.45327372788441,3.));
#3562=CARTESIAN_POINT('Ctrl Pts',(1.19476660782516,-5.46875888176949,0.));
#3563=CARTESIAN_POINT('Ctrl Pts',(1.19476660782516,-5.46875888176949,3.));
#3564=CARTESIAN_POINT('Ctrl Pts',(1.21042848279736,-5.48417200698463,0.));
#3565=CARTESIAN_POINT('Ctrl Pts',(1.21042848279736,-5.48417200698463,3.));
#3566=CARTESIAN_POINT('Ctrl Pts',(1.22624126078368,-5.49951257034564,0.));
#3567=CARTESIAN_POINT('Ctrl Pts',(1.22624126078368,-5.49951257034564,3.));
#3568=CARTESIAN_POINT('Ctrl Pts',(1.24220378425734,-5.51478002974843,0.));
#3569=CARTESIAN_POINT('Ctrl Pts',(1.24220378425734,-5.51478002974843,3.));
#3570=CARTESIAN_POINT('Ctrl Pts',(1.25831485538876,-5.52997384010358,0.));
#3571=CARTESIAN_POINT('Ctrl Pts',(1.25831485538876,-5.52997384010358,3.));
#3572=CARTESIAN_POINT('Ctrl Pts',(1.2745732696023,-5.54509346116159,0.));
#3573=CARTESIAN_POINT('Ctrl Pts',(1.2745732696023,-5.54509346116159,3.));
#3574=CARTESIAN_POINT('Ctrl Pts',(1.29097783695171,-5.5601383660816,0.));
#3575=CARTESIAN_POINT('Ctrl Pts',(1.29097783695171,-5.5601383660816,3.));
#3576=CARTESIAN_POINT('Ctrl Pts',(1.30752740542435,-5.57510804885923,0.));
#3577=CARTESIAN_POINT('Ctrl Pts',(1.30752740542435,-5.57510804885923,3.));
#3578=CARTESIAN_POINT('Ctrl Pts',(1.32422088688067,-5.5900020361438,0.));
#3579=CARTESIAN_POINT('Ctrl Pts',(1.32422088688067,-5.5900020361438,3.));
#3580=CARTESIAN_POINT('Ctrl Pts',(1.34105726642792,-5.60481988714913,0.));
#3581=CARTESIAN_POINT('Ctrl Pts',(1.34105726642792,-5.60481988714913,3.));
#3582=CARTESIAN_POINT('Ctrl Pts',(1.35803556837281,-5.61956116311257,0.));
#3583=CARTESIAN_POINT('Ctrl Pts',(1.35803556837281,-5.61956116311257,3.));
#3584=CARTESIAN_POINT('Ctrl Pts',(1.37515482858115,-5.63422540190035,0.));
#3585=CARTESIAN_POINT('Ctrl Pts',(1.37515482858115,-5.63422540190035,3.));
#3586=CARTESIAN_POINT('Ctrl Pts',(1.3924140655383,-5.64881209341504,0.));
#3587=CARTESIAN_POINT('Ctrl Pts',(1.3924140655383,-5.64881209341504,3.));
#3588=CARTESIAN_POINT('Ctrl Pts',(1.40981224558375,-5.66332064972533,0.));
#3589=CARTESIAN_POINT('Ctrl Pts',(1.40981224558375,-5.66332064972533,3.));
#3590=CARTESIAN_POINT('Ctrl Pts',(1.42734826577843,-5.67775039454862,0.));
#3591=CARTESIAN_POINT('Ctrl Pts',(1.42734826577843,-5.67775039454862,3.));
#3592=CARTESIAN_POINT('Ctrl Pts',(1.44502101219005,-5.6921006303993,0.));
#3593=CARTESIAN_POINT('Ctrl Pts',(1.44502101219005,-5.6921006303993,3.));
#3594=CARTESIAN_POINT('Ctrl Pts',(1.46282940641583,-5.70637069539467,0.));
#3595=CARTESIAN_POINT('Ctrl Pts',(1.46282940641583,-5.70637069539467,3.));
#3596=CARTESIAN_POINT('Ctrl Pts',(1.48077245496252,-5.72056002299193,0.));
#3597=CARTESIAN_POINT('Ctrl Pts',(1.48077245496252,-5.72056002299193,3.));
#3598=CARTESIAN_POINT('Ctrl Pts',(1.49884929832714,-5.73466820518998,0.));
#3599=CARTESIAN_POINT('Ctrl Pts',(1.49884929832714,-5.73466820518998,3.));
#3600=CARTESIAN_POINT('Ctrl Pts',(1.51705925406514,-5.7486950434031,0.));
#3601=CARTESIAN_POINT('Ctrl Pts',(1.51705925406514,-5.7486950434031,3.));
#3602=CARTESIAN_POINT('Ctrl Pts',(1.5354018057046,-5.76264048276047,0.));
#3603=CARTESIAN_POINT('Ctrl Pts',(1.5354018057046,-5.76264048276047,3.));
#3604=CARTESIAN_POINT('Ctrl Pts',(1.55018163797818,-5.77373174260977,0.));
#3605=CARTESIAN_POINT('Ctrl Pts',(1.55018163797818,-5.77373174260977,3.));
#3606=CARTESIAN_POINT('Ctrl Pts',(1.56132592642262,-5.78201360286703,0.));
#3607=CARTESIAN_POINT('Ctrl Pts',(1.56132592642262,-5.78201360286703,3.));
#3608=CARTESIAN_POINT('Ctrl Pts',(1.56878184961438,-5.78751858861575,0.));
#3609=CARTESIAN_POINT('Ctrl Pts',(1.56878184961438,-5.78751858861575,3.));
#3610=CARTESIAN_POINT('Ctrl Pts',(1.57251641060057,-5.79026701788371,0.));
#3611=CARTESIAN_POINT('Ctrl Pts',(1.57251641060057,-5.79026701788371,3.));
#3612=CARTESIAN_POINT('Ctrl Pts',(0.665756947013573,-4.65105614097383,0.));
#3613=CARTESIAN_POINT('Ctrl Pts',(0.666300619058465,-4.65485429766512,0.));
#3614=CARTESIAN_POINT('Ctrl Pts',(0.667515021555861,-4.66242392045518,0.));
#3615=CARTESIAN_POINT('Ctrl Pts',(0.669717796376878,-4.67369828384711,0.));
#3616=CARTESIAN_POINT('Ctrl Pts',(0.673380183221432,-4.68857913427851,0.));
#3617=CARTESIAN_POINT('Ctrl Pts',(0.678952458481318,-4.70697659894768,0.));
#3618=CARTESIAN_POINT('Ctrl Pts',(0.685245875733058,-4.72523255992052,0.));
#3619=CARTESIAN_POINT('Ctrl Pts',(0.691990487866081,-4.74340764999535,0.));
#3620=CARTESIAN_POINT('Ctrl Pts',(0.698985462050246,-4.76154561177548,0.));
#3621=CARTESIAN_POINT('Ctrl Pts',(0.706153405011126,-4.77966062241112,0.));
#3622=CARTESIAN_POINT('Ctrl Pts',(0.713499598848525,-4.79774720442235,0.));
#3623=CARTESIAN_POINT('Ctrl Pts',(0.721079292346304,-4.81578822936447,0.));
#3624=CARTESIAN_POINT('Ctrl Pts',(0.728963349524228,-4.83376329652284,0.));
#3625=CARTESIAN_POINT('Ctrl Pts',(0.737201442041144,-4.85165773211711,0.));
#3626=CARTESIAN_POINT('Ctrl Pts',(0.745796018005025,-4.86946892156908,0.));
#3627=CARTESIAN_POINT('Ctrl Pts',(0.754720963176167,-4.88720160876268,0.));
#3628=CARTESIAN_POINT('Ctrl Pts',(0.763933789148717,-4.90486479069912,0.));
#3629=CARTESIAN_POINT('Ctrl Pts',(0.773389566985854,-4.9224681872248,0.));
#3630=CARTESIAN_POINT('Ctrl Pts',(0.783055905996123,-4.94001843946433,0.));
#3631=CARTESIAN_POINT('Ctrl Pts',(0.792921697494635,-4.95751688844193,0.));
#3632=CARTESIAN_POINT('Ctrl Pts',(0.802988719332086,-4.97496168783839,0.));
#3633=CARTESIAN_POINT('Ctrl Pts',(0.813266392762838,-4.992349119834,0.));
#3634=CARTESIAN_POINT('Ctrl Pts',(0.823765684861499,-5.00967512735065,0.));
#3635=CARTESIAN_POINT('Ctrl Pts',(0.834492451662916,-5.02693698688577,0.));
#3636=CARTESIAN_POINT('Ctrl Pts',(0.845444148319124,-5.0441341330792,0.));
#3637=CARTESIAN_POINT('Ctrl Pts',(0.856613422911512,-5.06126724857599,0.));
#3638=CARTESIAN_POINT('Ctrl Pts',(0.867990265106415,-5.07833771812203,0.));
#3639=CARTESIAN_POINT('Ctrl Pts',(0.879564549636362,-5.09534698338806,0.));
#3640=CARTESIAN_POINT('Ctrl Pts',(0.891328839741332,-5.11229583197764,0.));
#3641=CARTESIAN_POINT('Ctrl Pts',(0.903279564071123,-5.12918409772035,0.));
#3642=CARTESIAN_POINT('Ctrl Pts',(0.915415458229513,-5.1460110524229,0.));
#3643=CARTESIAN_POINT('Ctrl Pts',(0.927736622891844,-5.16277564184598,0.));
#3644=CARTESIAN_POINT('Ctrl Pts',(0.940243414587703,-5.17947676414652,0.));
#3645=CARTESIAN_POINT('Ctrl Pts',(0.952935212034292,-5.1961135796784,0.));
#3646=CARTESIAN_POINT('Ctrl Pts',(0.965809938180469,-5.21268563054779,0.));
#3647=CARTESIAN_POINT('Ctrl Pts',(0.978864715094673,-5.22919267482808,0.));
#3648=CARTESIAN_POINT('Ctrl Pts',(0.992096251545383,-5.2456345882843,0.));
#3649=CARTESIAN_POINT('Ctrl Pts',(1.005501302546,-5.26201124797467,0.));
#3650=CARTESIAN_POINT('Ctrl Pts',(1.0190771798372,-5.2783224033941,0.));
#3651=CARTESIAN_POINT('Ctrl Pts',(1.03282193745571,-5.29456762873905,0.));
#3652=CARTESIAN_POINT('Ctrl Pts',(1.04673408710563,-5.31074639266206,0.));
#3653=CARTESIAN_POINT('Ctrl Pts',(1.06081242413366,-5.3268581004843,0.));
#3654=CARTESIAN_POINT('Ctrl Pts',(1.07505582284458,-5.34290214436219,0.));
#3655=CARTESIAN_POINT('Ctrl Pts',(1.08946300762431,-5.35887795922918,0.));
#3656=CARTESIAN_POINT('Ctrl Pts',(1.10403246371336,-5.37478504537443,0.));
#3657=CARTESIAN_POINT('Ctrl Pts',(1.11876255847302,-5.39062294035632,0.));
#3658=CARTESIAN_POINT('Ctrl Pts',(1.13365161211164,-5.40639120348544,0.));
#3659=CARTESIAN_POINT('Ctrl Pts',(1.14869798163305,-5.42208939677286,0.));
#3660=CARTESIAN_POINT('Ctrl Pts',(1.16390015240395,-5.43771706546167,0.));
#3661=CARTESIAN_POINT('Ctrl Pts',(1.1792567747809,-5.45327372788441,0.));
#3662=CARTESIAN_POINT('Ctrl Pts',(1.19476660782516,-5.46875888176949,0.));
#3663=CARTESIAN_POINT('Ctrl Pts',(1.21042848279736,-5.48417200698463,0.));
#3664=CARTESIAN_POINT('Ctrl Pts',(1.22624126078368,-5.49951257034564,0.));
#3665=CARTESIAN_POINT('Ctrl Pts',(1.24220378425734,-5.51478002974843,0.));
#3666=CARTESIAN_POINT('Ctrl Pts',(1.25831485538876,-5.52997384010358,0.));
#3667=CARTESIAN_POINT('Ctrl Pts',(1.2745732696023,-5.54509346116159,0.));
#3668=CARTESIAN_POINT('Ctrl Pts',(1.29097783695171,-5.5601383660816,0.));
#3669=CARTESIAN_POINT('Ctrl Pts',(1.30752740542435,-5.57510804885923,0.));
#3670=CARTESIAN_POINT('Ctrl Pts',(1.32422088688067,-5.5900020361438,0.));
#3671=CARTESIAN_POINT('Ctrl Pts',(1.34105726642792,-5.60481988714913,0.));
#3672=CARTESIAN_POINT('Ctrl Pts',(1.35803556837281,-5.61956116311257,0.));
#3673=CARTESIAN_POINT('Ctrl Pts',(1.37515482858115,-5.63422540190035,0.));
#3674=CARTESIAN_POINT('Ctrl Pts',(1.3924140655383,-5.64881209341504,0.));
#3675=CARTESIAN_POINT('Ctrl Pts',(1.40981224558375,-5.66332064972533,0.));
#3676=CARTESIAN_POINT('Ctrl Pts',(1.42734826577843,-5.67775039454862,0.));
#3677=CARTESIAN_POINT('Ctrl Pts',(1.44502101219005,-5.6921006303993,0.));
#3678=CARTESIAN_POINT('Ctrl Pts',(1.46282940641583,-5.70637069539467,0.));
#3679=CARTESIAN_POINT('Ctrl Pts',(1.48077245496252,-5.72056002299193,0.));
#3680=CARTESIAN_POINT('Ctrl Pts',(1.49884929832714,-5.73466820518998,0.));
#3681=CARTESIAN_POINT('Ctrl Pts',(1.51705925406514,-5.7486950434031,0.));
#3682=CARTESIAN_POINT('Ctrl Pts',(1.5354018057046,-5.76264048276047,0.));
#3683=CARTESIAN_POINT('Ctrl Pts',(1.55018163797818,-5.77373174260977,0.));
#3684=CARTESIAN_POINT('Ctrl Pts',(1.56132592642262,-5.78201360286703,0.));
#3685=CARTESIAN_POINT('Ctrl Pts',(1.56878184961438,-5.78751858861575,0.));
#3686=CARTESIAN_POINT('Ctrl Pts',(1.57251641060057,-5.79026701788371,0.));
#3687=CARTESIAN_POINT('Ctrl Pts',(0.665756947013573,-4.65105614097383,3.));
#3688=CARTESIAN_POINT('Ctrl Pts',(0.666300619058465,-4.65485429766512,3.));
#3689=CARTESIAN_POINT('Ctrl Pts',(0.667515021555861,-4.66242392045518,3.));
#3690=CARTESIAN_POINT('Ctrl Pts',(0.669717796376878,-4.67369828384711,3.));
#3691=CARTESIAN_POINT('Ctrl Pts',(0.673380183221432,-4.68857913427851,3.));
#3692=CARTESIAN_POINT('Ctrl Pts',(0.678952458481318,-4.70697659894768,3.));
#3693=CARTESIAN_POINT('Ctrl Pts',(0.685245875733058,-4.72523255992052,3.));
#3694=CARTESIAN_POINT('Ctrl Pts',(0.691990487866081,-4.74340764999535,3.));
#3695=CARTESIAN_POINT('Ctrl Pts',(0.698985462050246,-4.76154561177548,3.));
#3696=CARTESIAN_POINT('Ctrl Pts',(0.706153405011126,-4.77966062241112,3.));
#3697=CARTESIAN_POINT('Ctrl Pts',(0.713499598848525,-4.79774720442235,3.));
#3698=CARTESIAN_POINT('Ctrl Pts',(0.721079292346304,-4.81578822936447,3.));
#3699=CARTESIAN_POINT('Ctrl Pts',(0.728963349524228,-4.83376329652284,3.));
#3700=CARTESIAN_POINT('Ctrl Pts',(0.737201442041144,-4.85165773211711,3.));
#3701=CARTESIAN_POINT('Ctrl Pts',(0.745796018005025,-4.86946892156908,3.));
#3702=CARTESIAN_POINT('Ctrl Pts',(0.754720963176167,-4.88720160876268,3.));
#3703=CARTESIAN_POINT('Ctrl Pts',(0.763933789148717,-4.90486479069912,3.));
#3704=CARTESIAN_POINT('Ctrl Pts',(0.773389566985854,-4.9224681872248,3.));
#3705=CARTESIAN_POINT('Ctrl Pts',(0.783055905996123,-4.94001843946433,3.));
#3706=CARTESIAN_POINT('Ctrl Pts',(0.792921697494635,-4.95751688844193,3.));
#3707=CARTESIAN_POINT('Ctrl Pts',(0.802988719332086,-4.97496168783839,3.));
#3708=CARTESIAN_POINT('Ctrl Pts',(0.813266392762838,-4.992349119834,3.));
#3709=CARTESIAN_POINT('Ctrl Pts',(0.823765684861499,-5.00967512735065,3.));
#3710=CARTESIAN_POINT('Ctrl Pts',(0.834492451662916,-5.02693698688577,3.));
#3711=CARTESIAN_POINT('Ctrl Pts',(0.845444148319124,-5.0441341330792,3.));
#3712=CARTESIAN_POINT('Ctrl Pts',(0.856613422911512,-5.06126724857599,3.));
#3713=CARTESIAN_POINT('Ctrl Pts',(0.867990265106415,-5.07833771812203,3.));
#3714=CARTESIAN_POINT('Ctrl Pts',(0.879564549636362,-5.09534698338806,3.));
#3715=CARTESIAN_POINT('Ctrl Pts',(0.891328839741332,-5.11229583197764,3.));
#3716=CARTESIAN_POINT('Ctrl Pts',(0.903279564071123,-5.12918409772035,3.));
#3717=CARTESIAN_POINT('Ctrl Pts',(0.915415458229513,-5.1460110524229,3.));
#3718=CARTESIAN_POINT('Ctrl Pts',(0.927736622891844,-5.16277564184598,3.));
#3719=CARTESIAN_POINT('Ctrl Pts',(0.940243414587703,-5.17947676414652,3.));
#3720=CARTESIAN_POINT('Ctrl Pts',(0.952935212034292,-5.1961135796784,3.));
#3721=CARTESIAN_POINT('Ctrl Pts',(0.965809938180469,-5.21268563054779,3.));
#3722=CARTESIAN_POINT('Ctrl Pts',(0.978864715094673,-5.22919267482808,3.));
#3723=CARTESIAN_POINT('Ctrl Pts',(0.992096251545383,-5.2456345882843,3.));
#3724=CARTESIAN_POINT('Ctrl Pts',(1.005501302546,-5.26201124797467,3.));
#3725=CARTESIAN_POINT('Ctrl Pts',(1.0190771798372,-5.2783224033941,3.));
#3726=CARTESIAN_POINT('Ctrl Pts',(1.03282193745571,-5.29456762873905,3.));
#3727=CARTESIAN_POINT('Ctrl Pts',(1.04673408710563,-5.31074639266206,3.));
#3728=CARTESIAN_POINT('Ctrl Pts',(1.06081242413366,-5.3268581004843,3.));
#3729=CARTESIAN_POINT('Ctrl Pts',(1.07505582284458,-5.34290214436219,3.));
#3730=CARTESIAN_POINT('Ctrl Pts',(1.08946300762431,-5.35887795922918,3.));
#3731=CARTESIAN_POINT('Ctrl Pts',(1.10403246371336,-5.37478504537443,3.));
#3732=CARTESIAN_POINT('Ctrl Pts',(1.11876255847302,-5.39062294035632,3.));
#3733=CARTESIAN_POINT('Ctrl Pts',(1.13365161211164,-5.40639120348544,3.));
#3734=CARTESIAN_POINT('Ctrl Pts',(1.14869798163305,-5.42208939677286,3.));
#3735=CARTESIAN_POINT('Ctrl Pts',(1.16390015240395,-5.43771706546167,3.));
#3736=CARTESIAN_POINT('Ctrl Pts',(1.1792567747809,-5.45327372788441,3.));
#3737=CARTESIAN_POINT('Ctrl Pts',(1.19476660782516,-5.46875888176949,3.));
#3738=CARTESIAN_POINT('Ctrl Pts',(1.21042848279736,-5.48417200698463,3.));
#3739=CARTESIAN_POINT('Ctrl Pts',(1.22624126078368,-5.49951257034564,3.));
#3740=CARTESIAN_POINT('Ctrl Pts',(1.24220378425734,-5.51478002974843,3.));
#3741=CARTESIAN_POINT('Ctrl Pts',(1.25831485538876,-5.52997384010358,3.));
#3742=CARTESIAN_POINT('Ctrl Pts',(1.2745732696023,-5.54509346116159,3.));
#3743=CARTESIAN_POINT('Ctrl Pts',(1.29097783695171,-5.5601383660816,3.));
#3744=CARTESIAN_POINT('Ctrl Pts',(1.30752740542435,-5.57510804885923,3.));
#3745=CARTESIAN_POINT('Ctrl Pts',(1.32422088688067,-5.5900020361438,3.));
#3746=CARTESIAN_POINT('Ctrl Pts',(1.34105726642792,-5.60481988714913,3.));
#3747=CARTESIAN_POINT('Ctrl Pts',(1.35803556837281,-5.61956116311257,3.));
#3748=CARTESIAN_POINT('Ctrl Pts',(1.37515482858115,-5.63422540190035,3.));
#3749=CARTESIAN_POINT('Ctrl Pts',(1.3924140655383,-5.64881209341504,3.));
#3750=CARTESIAN_POINT('Ctrl Pts',(1.40981224558375,-5.66332064972533,3.));
#3751=CARTESIAN_POINT('Ctrl Pts',(1.42734826577843,-5.67775039454862,3.));
#3752=CARTESIAN_POINT('Ctrl Pts',(1.44502101219005,-5.6921006303993,3.));
#3753=CARTESIAN_POINT('Ctrl Pts',(1.46282940641583,-5.70637069539467,3.));
#3754=CARTESIAN_POINT('Ctrl Pts',(1.48077245496252,-5.72056002299193,3.));
#3755=CARTESIAN_POINT('Ctrl Pts',(1.49884929832714,-5.73466820518998,3.));
#3756=CARTESIAN_POINT('Ctrl Pts',(1.51705925406514,-5.7486950434031,3.));
#3757=CARTESIAN_POINT('Ctrl Pts',(1.5354018057046,-5.76264048276047,3.));
#3758=CARTESIAN_POINT('Ctrl Pts',(1.55018163797818,-5.77373174260977,3.));
#3759=CARTESIAN_POINT('Ctrl Pts',(1.56132592642262,-5.78201360286703,3.));
#3760=CARTESIAN_POINT('Ctrl Pts',(1.56878184961438,-5.78751858861575,3.));
#3761=CARTESIAN_POINT('Ctrl Pts',(1.57251641060057,-5.79026701788371,3.));
#3762=CARTESIAN_POINT('Ctrl Pts',(-1.57251641060057,-5.79026701788371,0.));
#3763=CARTESIAN_POINT('Ctrl Pts',(-1.57251641060057,-5.79026701788371,3.));
#3764=CARTESIAN_POINT('Ctrl Pts',(-1.56878184961438,-5.78751858861575,0.));
#3765=CARTESIAN_POINT('Ctrl Pts',(-1.56878184961438,-5.78751858861575,3.));
#3766=CARTESIAN_POINT('Ctrl Pts',(-1.56132592642262,-5.78201360286703,0.));
#3767=CARTESIAN_POINT('Ctrl Pts',(-1.56132592642262,-5.78201360286703,3.));
#3768=CARTESIAN_POINT('Ctrl Pts',(-1.55018163797818,-5.77373174260977,0.));
#3769=CARTESIAN_POINT('Ctrl Pts',(-1.55018163797818,-5.77373174260977,3.));
#3770=CARTESIAN_POINT('Ctrl Pts',(-1.5354018057046,-5.76264048276047,0.));
#3771=CARTESIAN_POINT('Ctrl Pts',(-1.5354018057046,-5.76264048276047,3.));
#3772=CARTESIAN_POINT('Ctrl Pts',(-1.51705925406514,-5.7486950434031,0.));
#3773=CARTESIAN_POINT('Ctrl Pts',(-1.51705925406514,-5.7486950434031,3.));
#3774=CARTESIAN_POINT('Ctrl Pts',(-1.49884929832714,-5.73466820518998,0.));
#3775=CARTESIAN_POINT('Ctrl Pts',(-1.49884929832714,-5.73466820518998,3.));
#3776=CARTESIAN_POINT('Ctrl Pts',(-1.48077245496252,-5.72056002299193,0.));
#3777=CARTESIAN_POINT('Ctrl Pts',(-1.48077245496252,-5.72056002299193,3.));
#3778=CARTESIAN_POINT('Ctrl Pts',(-1.46282940641583,-5.70637069539467,0.));
#3779=CARTESIAN_POINT('Ctrl Pts',(-1.46282940641583,-5.70637069539467,3.));
#3780=CARTESIAN_POINT('Ctrl Pts',(-1.44502101219005,-5.6921006303993,0.));
#3781=CARTESIAN_POINT('Ctrl Pts',(-1.44502101219005,-5.6921006303993,3.));
#3782=CARTESIAN_POINT('Ctrl Pts',(-1.42734826577843,-5.67775039454862,0.));
#3783=CARTESIAN_POINT('Ctrl Pts',(-1.42734826577843,-5.67775039454862,3.));
#3784=CARTESIAN_POINT('Ctrl Pts',(-1.40981224558375,-5.66332064972533,0.));
#3785=CARTESIAN_POINT('Ctrl Pts',(-1.40981224558375,-5.66332064972533,3.));
#3786=CARTESIAN_POINT('Ctrl Pts',(-1.3924140655383,-5.64881209341504,0.));
#3787=CARTESIAN_POINT('Ctrl Pts',(-1.3924140655383,-5.64881209341504,3.));
#3788=CARTESIAN_POINT('Ctrl Pts',(-1.37515482858115,-5.63422540190035,0.));
#3789=CARTESIAN_POINT('Ctrl Pts',(-1.37515482858115,-5.63422540190035,3.));
#3790=CARTESIAN_POINT('Ctrl Pts',(-1.35803556837281,-5.61956116311257,0.));
#3791=CARTESIAN_POINT('Ctrl Pts',(-1.35803556837281,-5.61956116311257,3.));
#3792=CARTESIAN_POINT('Ctrl Pts',(-1.34105726642792,-5.60481988714913,0.));
#3793=CARTESIAN_POINT('Ctrl Pts',(-1.34105726642792,-5.60481988714913,3.));
#3794=CARTESIAN_POINT('Ctrl Pts',(-1.32422088688067,-5.5900020361438,0.));
#3795=CARTESIAN_POINT('Ctrl Pts',(-1.32422088688067,-5.5900020361438,3.));
#3796=CARTESIAN_POINT('Ctrl Pts',(-1.30752740542435,-5.57510804885923,0.));
#3797=CARTESIAN_POINT('Ctrl Pts',(-1.30752740542435,-5.57510804885923,3.));
#3798=CARTESIAN_POINT('Ctrl Pts',(-1.29097783695171,-5.5601383660816,0.));
#3799=CARTESIAN_POINT('Ctrl Pts',(-1.29097783695171,-5.5601383660816,3.));
#3800=CARTESIAN_POINT('Ctrl Pts',(-1.2745732696023,-5.54509346116159,0.));
#3801=CARTESIAN_POINT('Ctrl Pts',(-1.2745732696023,-5.54509346116159,3.));
#3802=CARTESIAN_POINT('Ctrl Pts',(-1.25831485538876,-5.52997384010358,0.));
#3803=CARTESIAN_POINT('Ctrl Pts',(-1.25831485538876,-5.52997384010358,3.));
#3804=CARTESIAN_POINT('Ctrl Pts',(-1.24220378425734,-5.51478002974843,0.));
#3805=CARTESIAN_POINT('Ctrl Pts',(-1.24220378425734,-5.51478002974843,3.));
#3806=CARTESIAN_POINT('Ctrl Pts',(-1.22624126078369,-5.49951257034564,0.));
#3807=CARTESIAN_POINT('Ctrl Pts',(-1.22624126078369,-5.49951257034564,3.));
#3808=CARTESIAN_POINT('Ctrl Pts',(-1.21042848279736,-5.48417200698464,0.));
#3809=CARTESIAN_POINT('Ctrl Pts',(-1.21042848279736,-5.48417200698464,3.));
#3810=CARTESIAN_POINT('Ctrl Pts',(-1.19476660782516,-5.46875888176949,0.));
#3811=CARTESIAN_POINT('Ctrl Pts',(-1.19476660782516,-5.46875888176949,3.));
#3812=CARTESIAN_POINT('Ctrl Pts',(-1.1792567747809,-5.45327372788441,0.));
#3813=CARTESIAN_POINT('Ctrl Pts',(-1.1792567747809,-5.45327372788441,3.));
#3814=CARTESIAN_POINT('Ctrl Pts',(-1.16390015240395,-5.43771706546167,0.));
#3815=CARTESIAN_POINT('Ctrl Pts',(-1.16390015240395,-5.43771706546167,3.));
#3816=CARTESIAN_POINT('Ctrl Pts',(-1.14869798163305,-5.42208939677286,0.));
#3817=CARTESIAN_POINT('Ctrl Pts',(-1.14869798163305,-5.42208939677286,3.));
#3818=CARTESIAN_POINT('Ctrl Pts',(-1.13365161211164,-5.40639120348544,0.));
#3819=CARTESIAN_POINT('Ctrl Pts',(-1.13365161211164,-5.40639120348544,3.));
#3820=CARTESIAN_POINT('Ctrl Pts',(-1.11876255847302,-5.39062294035632,0.));
#3821=CARTESIAN_POINT('Ctrl Pts',(-1.11876255847302,-5.39062294035632,3.));
#3822=CARTESIAN_POINT('Ctrl Pts',(-1.10403246371336,-5.37478504537443,0.));
#3823=CARTESIAN_POINT('Ctrl Pts',(-1.10403246371336,-5.37478504537443,3.));
#3824=CARTESIAN_POINT('Ctrl Pts',(-1.08946300762431,-5.35887795922918,0.));
#3825=CARTESIAN_POINT('Ctrl Pts',(-1.08946300762431,-5.35887795922918,3.));
#3826=CARTESIAN_POINT('Ctrl Pts',(-1.07505582284458,-5.34290214436219,0.));
#3827=CARTESIAN_POINT('Ctrl Pts',(-1.07505582284458,-5.34290214436219,3.));
#3828=CARTESIAN_POINT('Ctrl Pts',(-1.06081242413366,-5.3268581004843,0.));
#3829=CARTESIAN_POINT('Ctrl Pts',(-1.06081242413366,-5.3268581004843,3.));
#3830=CARTESIAN_POINT('Ctrl Pts',(-1.04673408710563,-5.31074639266206,0.));
#3831=CARTESIAN_POINT('Ctrl Pts',(-1.04673408710563,-5.31074639266206,3.));
#3832=CARTESIAN_POINT('Ctrl Pts',(-1.03282193745572,-5.29456762873905,0.));
#3833=CARTESIAN_POINT('Ctrl Pts',(-1.03282193745572,-5.29456762873905,3.));
#3834=CARTESIAN_POINT('Ctrl Pts',(-1.0190771798372,-5.27832240339411,0.));
#3835=CARTESIAN_POINT('Ctrl Pts',(-1.0190771798372,-5.27832240339411,3.));
#3836=CARTESIAN_POINT('Ctrl Pts',(-1.005501302546,-5.26201124797467,0.));
#3837=CARTESIAN_POINT('Ctrl Pts',(-1.005501302546,-5.26201124797467,3.));
#3838=CARTESIAN_POINT('Ctrl Pts',(-0.992096251545385,-5.2456345882843,0.));
#3839=CARTESIAN_POINT('Ctrl Pts',(-0.992096251545385,-5.2456345882843,3.));
#3840=CARTESIAN_POINT('Ctrl Pts',(-0.978864715094673,-5.22919267482808,
0.));
#3841=CARTESIAN_POINT('Ctrl Pts',(-0.978864715094673,-5.22919267482808,
3.));
#3842=CARTESIAN_POINT('Ctrl Pts',(-0.96580993818047,-5.21268563054779,0.));
#3843=CARTESIAN_POINT('Ctrl Pts',(-0.96580993818047,-5.21268563054779,3.));
#3844=CARTESIAN_POINT('Ctrl Pts',(-0.952935212034294,-5.1961135796784,0.));
#3845=CARTESIAN_POINT('Ctrl Pts',(-0.952935212034294,-5.1961135796784,3.));
#3846=CARTESIAN_POINT('Ctrl Pts',(-0.940243414587704,-5.17947676414652,
0.));
#3847=CARTESIAN_POINT('Ctrl Pts',(-0.940243414587704,-5.17947676414652,
3.));
#3848=CARTESIAN_POINT('Ctrl Pts',(-0.927736622891845,-5.16277564184598,
0.));
#3849=CARTESIAN_POINT('Ctrl Pts',(-0.927736622891845,-5.16277564184598,
3.));
#3850=CARTESIAN_POINT('Ctrl Pts',(-0.915415458229514,-5.1460110524229,0.));
#3851=CARTESIAN_POINT('Ctrl Pts',(-0.915415458229514,-5.1460110524229,3.));
#3852=CARTESIAN_POINT('Ctrl Pts',(-0.903279564071125,-5.12918409772035,
0.));
#3853=CARTESIAN_POINT('Ctrl Pts',(-0.903279564071125,-5.12918409772035,
3.));
#3854=CARTESIAN_POINT('Ctrl Pts',(-0.891328839741333,-5.11229583197764,
0.));
#3855=CARTESIAN_POINT('Ctrl Pts',(-0.891328839741333,-5.11229583197764,
3.));
#3856=CARTESIAN_POINT('Ctrl Pts',(-0.879564549636363,-5.09534698338806,
0.));
#3857=CARTESIAN_POINT('Ctrl Pts',(-0.879564549636363,-5.09534698338806,
3.));
#3858=CARTESIAN_POINT('Ctrl Pts',(-0.867990265106416,-5.07833771812203,
0.));
#3859=CARTESIAN_POINT('Ctrl Pts',(-0.867990265106416,-5.07833771812203,
3.));
#3860=CARTESIAN_POINT('Ctrl Pts',(-0.856613422911513,-5.06126724857599,
0.));
#3861=CARTESIAN_POINT('Ctrl Pts',(-0.856613422911513,-5.06126724857599,
3.));
#3862=CARTESIAN_POINT('Ctrl Pts',(-0.845444148319125,-5.0441341330792,0.));
#3863=CARTESIAN_POINT('Ctrl Pts',(-0.845444148319125,-5.0441341330792,3.));
#3864=CARTESIAN_POINT('Ctrl Pts',(-0.834492451662917,-5.02693698688577,
0.));
#3865=CARTESIAN_POINT('Ctrl Pts',(-0.834492451662917,-5.02693698688577,
3.));
#3866=CARTESIAN_POINT('Ctrl Pts',(-0.8237656848615,-5.00967512735065,0.));
#3867=CARTESIAN_POINT('Ctrl Pts',(-0.8237656848615,-5.00967512735065,3.));
#3868=CARTESIAN_POINT('Ctrl Pts',(-0.81326639276284,-4.992349119834,0.));
#3869=CARTESIAN_POINT('Ctrl Pts',(-0.81326639276284,-4.992349119834,3.));
#3870=CARTESIAN_POINT('Ctrl Pts',(-0.802988719332087,-4.97496168783839,
0.));
#3871=CARTESIAN_POINT('Ctrl Pts',(-0.802988719332087,-4.97496168783839,
3.));
#3872=CARTESIAN_POINT('Ctrl Pts',(-0.792921697494636,-4.95751688844193,
0.));
#3873=CARTESIAN_POINT('Ctrl Pts',(-0.792921697494636,-4.95751688844193,
3.));
#3874=CARTESIAN_POINT('Ctrl Pts',(-0.783055905996124,-4.94001843946433,
0.));
#3875=CARTESIAN_POINT('Ctrl Pts',(-0.783055905996124,-4.94001843946433,
3.));
#3876=CARTESIAN_POINT('Ctrl Pts',(-0.773389566985856,-4.9224681872248,0.));
#3877=CARTESIAN_POINT('Ctrl Pts',(-0.773389566985856,-4.9224681872248,3.));
#3878=CARTESIAN_POINT('Ctrl Pts',(-0.763933789148718,-4.90486479069912,
0.));
#3879=CARTESIAN_POINT('Ctrl Pts',(-0.763933789148718,-4.90486479069912,
3.));
#3880=CARTESIAN_POINT('Ctrl Pts',(-0.754720963176168,-4.88720160876268,
0.));
#3881=CARTESIAN_POINT('Ctrl Pts',(-0.754720963176168,-4.88720160876268,
3.));
#3882=CARTESIAN_POINT('Ctrl Pts',(-0.745796018005026,-4.86946892156908,
0.));
#3883=CARTESIAN_POINT('Ctrl Pts',(-0.745796018005026,-4.86946892156908,
3.));
#3884=CARTESIAN_POINT('Ctrl Pts',(-0.737201442041145,-4.85165773211711,
0.));
#3885=CARTESIAN_POINT('Ctrl Pts',(-0.737201442041145,-4.85165773211711,
3.));
#3886=CARTESIAN_POINT('Ctrl Pts',(-0.728963349524229,-4.83376329652284,
0.));
#3887=CARTESIAN_POINT('Ctrl Pts',(-0.728963349524229,-4.83376329652284,
3.));
#3888=CARTESIAN_POINT('Ctrl Pts',(-0.721079292346306,-4.81578822936447,
0.));
#3889=CARTESIAN_POINT('Ctrl Pts',(-0.721079292346306,-4.81578822936447,
3.));
#3890=CARTESIAN_POINT('Ctrl Pts',(-0.713499598848526,-4.79774720442235,
0.));
#3891=CARTESIAN_POINT('Ctrl Pts',(-0.713499598848526,-4.79774720442235,
3.));
#3892=CARTESIAN_POINT('Ctrl Pts',(-0.706153405011127,-4.77966062241112,
0.));
#3893=CARTESIAN_POINT('Ctrl Pts',(-0.706153405011127,-4.77966062241112,
3.));
#3894=CARTESIAN_POINT('Ctrl Pts',(-0.698985462050248,-4.76154561177548,
0.));
#3895=CARTESIAN_POINT('Ctrl Pts',(-0.698985462050248,-4.76154561177548,
3.));
#3896=CARTESIAN_POINT('Ctrl Pts',(-0.691990487866082,-4.74340764999535,
0.));
#3897=CARTESIAN_POINT('Ctrl Pts',(-0.691990487866082,-4.74340764999535,
3.));
#3898=CARTESIAN_POINT('Ctrl Pts',(-0.685245875733059,-4.72523255992052,
0.));
#3899=CARTESIAN_POINT('Ctrl Pts',(-0.685245875733059,-4.72523255992052,
3.));
#3900=CARTESIAN_POINT('Ctrl Pts',(-0.678952458481319,-4.70697659894768,
0.));
#3901=CARTESIAN_POINT('Ctrl Pts',(-0.678952458481319,-4.70697659894768,
3.));
#3902=CARTESIAN_POINT('Ctrl Pts',(-0.673380183221434,-4.68857913427851,
0.));
#3903=CARTESIAN_POINT('Ctrl Pts',(-0.673380183221434,-4.68857913427851,
3.));
#3904=CARTESIAN_POINT('Ctrl Pts',(-0.669717796376879,-4.67369828384711,
0.));
#3905=CARTESIAN_POINT('Ctrl Pts',(-0.669717796376879,-4.67369828384711,
3.));
#3906=CARTESIAN_POINT('Ctrl Pts',(-0.667515021555862,-4.66242392045518,
0.));
#3907=CARTESIAN_POINT('Ctrl Pts',(-0.667515021555862,-4.66242392045518,
3.));
#3908=CARTESIAN_POINT('Ctrl Pts',(-0.666300619058467,-4.65485429766513,
0.));
#3909=CARTESIAN_POINT('Ctrl Pts',(-0.666300619058467,-4.65485429766513,
3.));
#3910=CARTESIAN_POINT('Ctrl Pts',(-0.665756947013574,-4.65105614097383,
0.));
#3911=CARTESIAN_POINT('Ctrl Pts',(-0.665756947013574,-4.65105614097383,
3.));
#3912=CARTESIAN_POINT('',(-1.57251641060058,-5.79026701788371,0.));
#3913=CARTESIAN_POINT('Ctrl Pts',(-0.665756947013574,-4.65105614097383,
0.));
#3914=CARTESIAN_POINT('Ctrl Pts',(-0.666300619058467,-4.65485429766513,
0.));
#3915=CARTESIAN_POINT('Ctrl Pts',(-0.667515021555862,-4.66242392045518,
0.));
#3916=CARTESIAN_POINT('Ctrl Pts',(-0.669717796376879,-4.67369828384711,
0.));
#3917=CARTESIAN_POINT('Ctrl Pts',(-0.673380183221434,-4.68857913427851,
0.));
#3918=CARTESIAN_POINT('Ctrl Pts',(-0.678952458481319,-4.70697659894768,
0.));
#3919=CARTESIAN_POINT('Ctrl Pts',(-0.685245875733059,-4.72523255992052,
0.));
#3920=CARTESIAN_POINT('Ctrl Pts',(-0.691990487866082,-4.74340764999535,
0.));
#3921=CARTESIAN_POINT('Ctrl Pts',(-0.698985462050248,-4.76154561177548,
0.));
#3922=CARTESIAN_POINT('Ctrl Pts',(-0.706153405011127,-4.77966062241112,
0.));
#3923=CARTESIAN_POINT('Ctrl Pts',(-0.713499598848526,-4.79774720442235,
0.));
#3924=CARTESIAN_POINT('Ctrl Pts',(-0.721079292346306,-4.81578822936447,
0.));
#3925=CARTESIAN_POINT('Ctrl Pts',(-0.728963349524229,-4.83376329652284,
0.));
#3926=CARTESIAN_POINT('Ctrl Pts',(-0.737201442041145,-4.85165773211711,
0.));
#3927=CARTESIAN_POINT('Ctrl Pts',(-0.745796018005026,-4.86946892156908,
0.));
#3928=CARTESIAN_POINT('Ctrl Pts',(-0.754720963176168,-4.88720160876268,
0.));
#3929=CARTESIAN_POINT('Ctrl Pts',(-0.763933789148718,-4.90486479069912,
0.));
#3930=CARTESIAN_POINT('Ctrl Pts',(-0.773389566985856,-4.9224681872248,0.));
#3931=CARTESIAN_POINT('Ctrl Pts',(-0.783055905996124,-4.94001843946433,
0.));
#3932=CARTESIAN_POINT('Ctrl Pts',(-0.792921697494636,-4.95751688844193,
0.));
#3933=CARTESIAN_POINT('Ctrl Pts',(-0.802988719332087,-4.97496168783839,
0.));
#3934=CARTESIAN_POINT('Ctrl Pts',(-0.81326639276284,-4.992349119834,0.));
#3935=CARTESIAN_POINT('Ctrl Pts',(-0.8237656848615,-5.00967512735065,0.));
#3936=CARTESIAN_POINT('Ctrl Pts',(-0.834492451662917,-5.02693698688577,
0.));
#3937=CARTESIAN_POINT('Ctrl Pts',(-0.845444148319125,-5.0441341330792,0.));
#3938=CARTESIAN_POINT('Ctrl Pts',(-0.856613422911513,-5.06126724857599,
0.));
#3939=CARTESIAN_POINT('Ctrl Pts',(-0.867990265106416,-5.07833771812203,
0.));
#3940=CARTESIAN_POINT('Ctrl Pts',(-0.879564549636363,-5.09534698338806,
0.));
#3941=CARTESIAN_POINT('Ctrl Pts',(-0.891328839741333,-5.11229583197764,
0.));
#3942=CARTESIAN_POINT('Ctrl Pts',(-0.903279564071125,-5.12918409772035,
0.));
#3943=CARTESIAN_POINT('Ctrl Pts',(-0.915415458229514,-5.1460110524229,0.));
#3944=CARTESIAN_POINT('Ctrl Pts',(-0.927736622891845,-5.16277564184598,
0.));
#3945=CARTESIAN_POINT('Ctrl Pts',(-0.940243414587704,-5.17947676414652,
0.));
#3946=CARTESIAN_POINT('Ctrl Pts',(-0.952935212034294,-5.1961135796784,0.));
#3947=CARTESIAN_POINT('Ctrl Pts',(-0.96580993818047,-5.21268563054779,0.));
#3948=CARTESIAN_POINT('Ctrl Pts',(-0.978864715094673,-5.22919267482808,
0.));
#3949=CARTESIAN_POINT('Ctrl Pts',(-0.992096251545385,-5.2456345882843,0.));
#3950=CARTESIAN_POINT('Ctrl Pts',(-1.005501302546,-5.26201124797467,0.));
#3951=CARTESIAN_POINT('Ctrl Pts',(-1.0190771798372,-5.27832240339411,0.));
#3952=CARTESIAN_POINT('Ctrl Pts',(-1.03282193745572,-5.29456762873905,0.));
#3953=CARTESIAN_POINT('Ctrl Pts',(-1.04673408710563,-5.31074639266206,0.));
#3954=CARTESIAN_POINT('Ctrl Pts',(-1.06081242413366,-5.3268581004843,0.));
#3955=CARTESIAN_POINT('Ctrl Pts',(-1.07505582284458,-5.34290214436219,0.));
#3956=CARTESIAN_POINT('Ctrl Pts',(-1.08946300762431,-5.35887795922918,0.));
#3957=CARTESIAN_POINT('Ctrl Pts',(-1.10403246371336,-5.37478504537443,0.));
#3958=CARTESIAN_POINT('Ctrl Pts',(-1.11876255847302,-5.39062294035632,0.));
#3959=CARTESIAN_POINT('Ctrl Pts',(-1.13365161211164,-5.40639120348544,0.));
#3960=CARTESIAN_POINT('Ctrl Pts',(-1.14869798163305,-5.42208939677286,0.));
#3961=CARTESIAN_POINT('Ctrl Pts',(-1.16390015240395,-5.43771706546167,0.));
#3962=CARTESIAN_POINT('Ctrl Pts',(-1.1792567747809,-5.45327372788441,0.));
#3963=CARTESIAN_POINT('Ctrl Pts',(-1.19476660782516,-5.46875888176949,0.));
#3964=CARTESIAN_POINT('Ctrl Pts',(-1.21042848279736,-5.48417200698464,0.));
#3965=CARTESIAN_POINT('Ctrl Pts',(-1.22624126078369,-5.49951257034564,0.));
#3966=CARTESIAN_POINT('Ctrl Pts',(-1.24220378425734,-5.51478002974843,0.));
#3967=CARTESIAN_POINT('Ctrl Pts',(-1.25831485538876,-5.52997384010358,0.));
#3968=CARTESIAN_POINT('Ctrl Pts',(-1.2745732696023,-5.54509346116159,0.));
#3969=CARTESIAN_POINT('Ctrl Pts',(-1.29097783695171,-5.5601383660816,0.));
#3970=CARTESIAN_POINT('Ctrl Pts',(-1.30752740542435,-5.57510804885923,0.));
#3971=CARTESIAN_POINT('Ctrl Pts',(-1.32422088688067,-5.5900020361438,0.));
#3972=CARTESIAN_POINT('Ctrl Pts',(-1.34105726642792,-5.60481988714913,0.));
#3973=CARTESIAN_POINT('Ctrl Pts',(-1.35803556837281,-5.61956116311257,0.));
#3974=CARTESIAN_POINT('Ctrl Pts',(-1.37515482858115,-5.63422540190035,0.));
#3975=CARTESIAN_POINT('Ctrl Pts',(-1.3924140655383,-5.64881209341504,0.));
#3976=CARTESIAN_POINT('Ctrl Pts',(-1.40981224558375,-5.66332064972533,0.));
#3977=CARTESIAN_POINT('Ctrl Pts',(-1.42734826577843,-5.67775039454862,0.));
#3978=CARTESIAN_POINT('Ctrl Pts',(-1.44502101219005,-5.6921006303993,0.));
#3979=CARTESIAN_POINT('Ctrl Pts',(-1.46282940641583,-5.70637069539467,0.));
#3980=CARTESIAN_POINT('Ctrl Pts',(-1.48077245496252,-5.72056002299193,0.));
#3981=CARTESIAN_POINT('Ctrl Pts',(-1.49884929832714,-5.73466820518998,0.));
#3982=CARTESIAN_POINT('Ctrl Pts',(-1.51705925406514,-5.7486950434031,0.));
#3983=CARTESIAN_POINT('Ctrl Pts',(-1.5354018057046,-5.76264048276047,0.));
#3984=CARTESIAN_POINT('Ctrl Pts',(-1.55018163797818,-5.77373174260977,0.));
#3985=CARTESIAN_POINT('Ctrl Pts',(-1.56132592642262,-5.78201360286703,0.));
#3986=CARTESIAN_POINT('Ctrl Pts',(-1.56878184961438,-5.78751858861575,0.));
#3987=CARTESIAN_POINT('Ctrl Pts',(-1.57251641060057,-5.79026701788371,0.));
#3988=CARTESIAN_POINT('',(-1.57251641060058,-5.79026701788371,3.));
#3989=CARTESIAN_POINT('Ctrl Pts',(-1.57251641060057,-5.79026701788371,3.));
#3990=CARTESIAN_POINT('Ctrl Pts',(-1.56878184961438,-5.78751858861575,3.));
#3991=CARTESIAN_POINT('Ctrl Pts',(-1.56132592642262,-5.78201360286703,3.));
#3992=CARTESIAN_POINT('Ctrl Pts',(-1.55018163797818,-5.77373174260977,3.));
#3993=CARTESIAN_POINT('Ctrl Pts',(-1.5354018057046,-5.76264048276047,3.));
#3994=CARTESIAN_POINT('Ctrl Pts',(-1.51705925406514,-5.7486950434031,3.));
#3995=CARTESIAN_POINT('Ctrl Pts',(-1.49884929832714,-5.73466820518998,3.));
#3996=CARTESIAN_POINT('Ctrl Pts',(-1.48077245496252,-5.72056002299193,3.));
#3997=CARTESIAN_POINT('Ctrl Pts',(-1.46282940641583,-5.70637069539467,3.));
#3998=CARTESIAN_POINT('Ctrl Pts',(-1.44502101219005,-5.6921006303993,3.));
#3999=CARTESIAN_POINT('Ctrl Pts',(-1.42734826577843,-5.67775039454862,3.));
#4000=CARTESIAN_POINT('Ctrl Pts',(-1.40981224558375,-5.66332064972533,3.));
#4001=CARTESIAN_POINT('Ctrl Pts',(-1.3924140655383,-5.64881209341504,3.));
#4002=CARTESIAN_POINT('Ctrl Pts',(-1.37515482858115,-5.63422540190035,3.));
#4003=CARTESIAN_POINT('Ctrl Pts',(-1.35803556837281,-5.61956116311257,3.));
#4004=CARTESIAN_POINT('Ctrl Pts',(-1.34105726642792,-5.60481988714913,3.));
#4005=CARTESIAN_POINT('Ctrl Pts',(-1.32422088688067,-5.5900020361438,3.));
#4006=CARTESIAN_POINT('Ctrl Pts',(-1.30752740542435,-5.57510804885923,3.));
#4007=CARTESIAN_POINT('Ctrl Pts',(-1.29097783695171,-5.5601383660816,3.));
#4008=CARTESIAN_POINT('Ctrl Pts',(-1.2745732696023,-5.54509346116159,3.));
#4009=CARTESIAN_POINT('Ctrl Pts',(-1.25831485538876,-5.52997384010358,3.));
#4010=CARTESIAN_POINT('Ctrl Pts',(-1.24220378425734,-5.51478002974843,3.));
#4011=CARTESIAN_POINT('Ctrl Pts',(-1.22624126078369,-5.49951257034564,3.));
#4012=CARTESIAN_POINT('Ctrl Pts',(-1.21042848279736,-5.48417200698464,3.));
#4013=CARTESIAN_POINT('Ctrl Pts',(-1.19476660782516,-5.46875888176949,3.));
#4014=CARTESIAN_POINT('Ctrl Pts',(-1.1792567747809,-5.45327372788441,3.));
#4015=CARTESIAN_POINT('Ctrl Pts',(-1.16390015240395,-5.43771706546167,3.));
#4016=CARTESIAN_POINT('Ctrl Pts',(-1.14869798163305,-5.42208939677286,3.));
#4017=CARTESIAN_POINT('Ctrl Pts',(-1.13365161211164,-5.40639120348544,3.));
#4018=CARTESIAN_POINT('Ctrl Pts',(-1.11876255847302,-5.39062294035632,3.));
#4019=CARTESIAN_POINT('Ctrl Pts',(-1.10403246371336,-5.37478504537443,3.));
#4020=CARTESIAN_POINT('Ctrl Pts',(-1.08946300762431,-5.35887795922918,3.));
#4021=CARTESIAN_POINT('Ctrl Pts',(-1.07505582284458,-5.34290214436219,3.));
#4022=CARTESIAN_POINT('Ctrl Pts',(-1.06081242413366,-5.3268581004843,3.));
#4023=CARTESIAN_POINT('Ctrl Pts',(-1.04673408710563,-5.31074639266206,3.));
#4024=CARTESIAN_POINT('Ctrl Pts',(-1.03282193745572,-5.29456762873905,3.));
#4025=CARTESIAN_POINT('Ctrl Pts',(-1.0190771798372,-5.27832240339411,3.));
#4026=CARTESIAN_POINT('Ctrl Pts',(-1.005501302546,-5.26201124797467,3.));
#4027=CARTESIAN_POINT('Ctrl Pts',(-0.992096251545385,-5.2456345882843,3.));
#4028=CARTESIAN_POINT('Ctrl Pts',(-0.978864715094673,-5.22919267482808,
3.));
#4029=CARTESIAN_POINT('Ctrl Pts',(-0.96580993818047,-5.21268563054779,3.));
#4030=CARTESIAN_POINT('Ctrl Pts',(-0.952935212034294,-5.1961135796784,3.));
#4031=CARTESIAN_POINT('Ctrl Pts',(-0.940243414587704,-5.17947676414652,
3.));
#4032=CARTESIAN_POINT('Ctrl Pts',(-0.927736622891845,-5.16277564184598,
3.));
#4033=CARTESIAN_POINT('Ctrl Pts',(-0.915415458229514,-5.1460110524229,3.));
#4034=CARTESIAN_POINT('Ctrl Pts',(-0.903279564071125,-5.12918409772035,
3.));
#4035=CARTESIAN_POINT('Ctrl Pts',(-0.891328839741333,-5.11229583197764,
3.));
#4036=CARTESIAN_POINT('Ctrl Pts',(-0.879564549636363,-5.09534698338806,
3.));
#4037=CARTESIAN_POINT('Ctrl Pts',(-0.867990265106416,-5.07833771812203,
3.));
#4038=CARTESIAN_POINT('Ctrl Pts',(-0.856613422911513,-5.06126724857599,
3.));
#4039=CARTESIAN_POINT('Ctrl Pts',(-0.845444148319125,-5.0441341330792,3.));
#4040=CARTESIAN_POINT('Ctrl Pts',(-0.834492451662917,-5.02693698688577,
3.));
#4041=CARTESIAN_POINT('Ctrl Pts',(-0.8237656848615,-5.00967512735065,3.));
#4042=CARTESIAN_POINT('Ctrl Pts',(-0.81326639276284,-4.992349119834,3.));
#4043=CARTESIAN_POINT('Ctrl Pts',(-0.802988719332087,-4.97496168783839,
3.));
#4044=CARTESIAN_POINT('Ctrl Pts',(-0.792921697494636,-4.95751688844193,
3.));
#4045=CARTESIAN_POINT('Ctrl Pts',(-0.783055905996124,-4.94001843946433,
3.));
#4046=CARTESIAN_POINT('Ctrl Pts',(-0.773389566985856,-4.9224681872248,3.));
#4047=CARTESIAN_POINT('Ctrl Pts',(-0.763933789148718,-4.90486479069912,
3.));
#4048=CARTESIAN_POINT('Ctrl Pts',(-0.754720963176168,-4.88720160876268,
3.));
#4049=CARTESIAN_POINT('Ctrl Pts',(-0.745796018005026,-4.86946892156908,
3.));
#4050=CARTESIAN_POINT('Ctrl Pts',(-0.737201442041145,-4.85165773211711,
3.));
#4051=CARTESIAN_POINT('Ctrl Pts',(-0.728963349524229,-4.83376329652284,
3.));
#4052=CARTESIAN_POINT('Ctrl Pts',(-0.721079292346306,-4.81578822936447,
3.));
#4053=CARTESIAN_POINT('Ctrl Pts',(-0.713499598848526,-4.79774720442235,
3.));
#4054=CARTESIAN_POINT('Ctrl Pts',(-0.706153405011127,-4.77966062241112,
3.));
#4055=CARTESIAN_POINT('Ctrl Pts',(-0.698985462050248,-4.76154561177548,
3.));
#4056=CARTESIAN_POINT('Ctrl Pts',(-0.691990487866082,-4.74340764999535,
3.));
#4057=CARTESIAN_POINT('Ctrl Pts',(-0.685245875733059,-4.72523255992052,
3.));
#4058=CARTESIAN_POINT('Ctrl Pts',(-0.678952458481319,-4.70697659894768,
3.));
#4059=CARTESIAN_POINT('Ctrl Pts',(-0.673380183221434,-4.68857913427851,
3.));
#4060=CARTESIAN_POINT('Ctrl Pts',(-0.669717796376879,-4.67369828384711,
3.));
#4061=CARTESIAN_POINT('Ctrl Pts',(-0.667515021555862,-4.66242392045518,
3.));
#4062=CARTESIAN_POINT('Ctrl Pts',(-0.666300619058467,-4.65485429766513,
3.));
#4063=CARTESIAN_POINT('Ctrl Pts',(-0.665756947013574,-4.65105614097383,
3.));
#4064=CARTESIAN_POINT('',(-1.57251641060058,-5.79026701788371,0.));
#4065=CARTESIAN_POINT('Origin',(-8.93652053670174E-15,-2.74476453045312E-14,
0.));
#4066=CARTESIAN_POINT('',(-2.13124105983821,-5.60872637457558,0.));
#4067=CARTESIAN_POINT('Origin',(-8.93652053670174E-15,-2.74476453045312E-14,
0.));
#4068=CARTESIAN_POINT('',(-2.13124105983821,-5.60872637457558,3.));
#4069=CARTESIAN_POINT('Origin',(-8.93652053670174E-15,-2.74476453045312E-14,
3.));
#4070=CARTESIAN_POINT('',(-2.13124105983821,-5.60872637457558,0.));
#4071=CARTESIAN_POINT('Ctrl Pts',(-2.1952135229916,-4.15410557490563,0.));
#4072=CARTESIAN_POINT('Ctrl Pts',(-2.1952135229916,-4.15410557490563,3.));
#4073=CARTESIAN_POINT('Ctrl Pts',(-2.19700618355695,-4.15749791062626,0.));
#4074=CARTESIAN_POINT('Ctrl Pts',(-2.19700618355695,-4.15749791062626,3.));
#4075=CARTESIAN_POINT('Ctrl Pts',(-2.20047302393996,-4.16433567198274,0.));
#4076=CARTESIAN_POINT('Ctrl Pts',(-2.20047302393996,-4.16433567198274,3.));
#4077=CARTESIAN_POINT('Ctrl Pts',(-2.20531784620574,-4.17475158212148,0.));
#4078=CARTESIAN_POINT('Ctrl Pts',(-2.20531784620574,-4.17475158212148,3.));
#4079=CARTESIAN_POINT('Ctrl Pts',(-2.21110165743367,-4.18894313998666,0.));
#4080=CARTESIAN_POINT('Ctrl Pts',(-2.21110165743367,-4.18894313998666,3.));
#4081=CARTESIAN_POINT('Ctrl Pts',(-2.21740735046319,-4.2071023027769,0.));
#4082=CARTESIAN_POINT('Ctrl Pts',(-2.21740735046319,-4.2071023027769,3.));
#4083=CARTESIAN_POINT('Ctrl Pts',(-2.22304645358011,-4.22557086329967,0.));
#4084=CARTESIAN_POINT('Ctrl Pts',(-2.22304645358011,-4.22557086329967,3.));
#4085=CARTESIAN_POINT('Ctrl Pts',(-2.2282729976491,-4.24423920358873,0.));
#4086=CARTESIAN_POINT('Ctrl Pts',(-2.2282729976491,-4.24423920358873,3.));
#4087=CARTESIAN_POINT('Ctrl Pts',(-2.2332751710999,-4.2630246655778,0.));
#4088=CARTESIAN_POINT('Ctrl Pts',(-2.2332751710999,-4.2630246655778,3.));
#4089=CARTESIAN_POINT('Ctrl Pts',(-2.23812391952658,-4.28189322819699,0.));
#4090=CARTESIAN_POINT('Ctrl Pts',(-2.23812391952658,-4.28189322819699,3.));
#4091=CARTESIAN_POINT('Ctrl Pts',(-2.24281175003873,-4.30084356481233,0.));
#4092=CARTESIAN_POINT('Ctrl Pts',(-2.24281175003873,-4.30084356481233,3.));
#4093=CARTESIAN_POINT('Ctrl Pts',(-2.2472838975841,-4.31989429264135,0.));
#4094=CARTESIAN_POINT('Ctrl Pts',(-2.2472838975841,-4.31989429264135,3.));
#4095=CARTESIAN_POINT('Ctrl Pts',(-2.25147104072719,-4.33907055998491,0.));
#4096=CARTESIAN_POINT('Ctrl Pts',(-2.25147104072719,-4.33907055998491,3.));
#4097=CARTESIAN_POINT('Ctrl Pts',(-2.25532436922018,-4.35838969177388,0.));
#4098=CARTESIAN_POINT('Ctrl Pts',(-2.25532436922018,-4.35838969177388,3.));
#4099=CARTESIAN_POINT('Ctrl Pts',(-2.25884036569161,-4.37785101173184,0.));
#4100=CARTESIAN_POINT('Ctrl Pts',(-2.25884036569161,-4.37785101173184,3.));
#4101=CARTESIAN_POINT('Ctrl Pts',(-2.2620429453902,-4.39744300817651,0.));
#4102=CARTESIAN_POINT('Ctrl Pts',(-2.2620429453902,-4.39744300817651,3.));
#4103=CARTESIAN_POINT('Ctrl Pts',(-2.26497177046299,-4.41714798577643,0.));
#4104=CARTESIAN_POINT('Ctrl Pts',(-2.26497177046299,-4.41714798577643,3.));
#4105=CARTESIAN_POINT('Ctrl Pts',(-2.26766890236576,-4.43694739948605,0.));
#4106=CARTESIAN_POINT('Ctrl Pts',(-2.26766890236576,-4.43694739948605,3.));
#4107=CARTESIAN_POINT('Ctrl Pts',(-2.27016444927348,-4.45682758331729,0.));
#4108=CARTESIAN_POINT('Ctrl Pts',(-2.27016444927348,-4.45682758331729,3.));
#4109=CARTESIAN_POINT('Ctrl Pts',(-2.27246818653524,-4.47678309266039,0.));
#4110=CARTESIAN_POINT('Ctrl Pts',(-2.27246818653524,-4.47678309266039,3.));
#4111=CARTESIAN_POINT('Ctrl Pts',(-2.27457759060044,-4.49681347880615,0.));
#4112=CARTESIAN_POINT('Ctrl Pts',(-2.27457759060044,-4.49681347880615,3.));
#4113=CARTESIAN_POINT('Ctrl Pts',(-2.27648285423459,-4.51692127164962,0.));
#4114=CARTESIAN_POINT('Ctrl Pts',(-2.27648285423459,-4.51692127164962,3.));
#4115=CARTESIAN_POINT('Ctrl Pts',(-2.27817272019726,-4.53710963523035,0.));
#4116=CARTESIAN_POINT('Ctrl Pts',(-2.27817272019726,-4.53710963523035,3.));
#4117=CARTESIAN_POINT('Ctrl Pts',(-2.27964085002211,-4.55737980827943,0.));
#4118=CARTESIAN_POINT('Ctrl Pts',(-2.27964085002211,-4.55737980827943,3.));
#4119=CARTESIAN_POINT('Ctrl Pts',(-2.28088897022401,-4.57772983758677,0.));
#4120=CARTESIAN_POINT('Ctrl Pts',(-2.28088897022401,-4.57772983758677,3.));
#4121=CARTESIAN_POINT('Ctrl Pts',(-2.28192342987876,-4.59815595407447,0.));
#4122=CARTESIAN_POINT('Ctrl Pts',(-2.28192342987876,-4.59815595407447,3.));
#4123=CARTESIAN_POINT('Ctrl Pts',(-2.28275314144964,-4.618653394099,0.));
#4124=CARTESIAN_POINT('Ctrl Pts',(-2.28275314144964,-4.618653394099,3.));
#4125=CARTESIAN_POINT('Ctrl Pts',(-2.28338714384288,-4.63921737251359,0.));
#4126=CARTESIAN_POINT('Ctrl Pts',(-2.28338714384288,-4.63921737251359,3.));
#4127=CARTESIAN_POINT('Ctrl Pts',(-2.28383191646549,-4.65984415528504,0.));
#4128=CARTESIAN_POINT('Ctrl Pts',(-2.28383191646549,-4.65984415528504,3.));
#4129=CARTESIAN_POINT('Ctrl Pts',(-2.28409025092797,-4.68053150879168,0.));
#4130=CARTESIAN_POINT('Ctrl Pts',(-2.28409025092797,-4.68053150879168,3.));
#4131=CARTESIAN_POINT('Ctrl Pts',(-2.28416274212704,-4.7012781007193,0.));
#4132=CARTESIAN_POINT('Ctrl Pts',(-2.28416274212704,-4.7012781007193,3.));
#4133=CARTESIAN_POINT('Ctrl Pts',(-2.28404868894835,-4.72208313734588,0.));
#4134=CARTESIAN_POINT('Ctrl Pts',(-2.28404868894835,-4.72208313734588,3.));
#4135=CARTESIAN_POINT('Ctrl Pts',(-2.28374715530628,-4.74294593682446,0.));
#4136=CARTESIAN_POINT('Ctrl Pts',(-2.28374715530628,-4.74294593682446,3.));
#4137=CARTESIAN_POINT('Ctrl Pts',(-2.28325815029757,-4.76386545468622,0.));
#4138=CARTESIAN_POINT('Ctrl Pts',(-2.28325815029757,-4.76386545468622,3.));
#4139=CARTESIAN_POINT('Ctrl Pts',(-2.28258308514867,-4.78484009962724,0.));
#4140=CARTESIAN_POINT('Ctrl Pts',(-2.28258308514867,-4.78484009962724,3.));
#4141=CARTESIAN_POINT('Ctrl Pts',(-2.2817241459542,-4.80586798431903,0.));
#4142=CARTESIAN_POINT('Ctrl Pts',(-2.2817241459542,-4.80586798431903,3.));
#4143=CARTESIAN_POINT('Ctrl Pts',(-2.28068392235291,-4.82694707371605,0.));
#4144=CARTESIAN_POINT('Ctrl Pts',(-2.28068392235291,-4.82694707371605,3.));
#4145=CARTESIAN_POINT('Ctrl Pts',(-2.27946496733077,-4.84807536100105,0.));
#4146=CARTESIAN_POINT('Ctrl Pts',(-2.27946496733077,-4.84807536100105,3.));
#4147=CARTESIAN_POINT('Ctrl Pts',(-2.27806930849203,-4.86925106339196,0.));
#4148=CARTESIAN_POINT('Ctrl Pts',(-2.27806930849203,-4.86925106339196,3.));
#4149=CARTESIAN_POINT('Ctrl Pts',(-2.27649826987301,-4.89047269259797,0.));
#4150=CARTESIAN_POINT('Ctrl Pts',(-2.27649826987301,-4.89047269259797,3.));
#4151=CARTESIAN_POINT('Ctrl Pts',(-2.27475274321221,-4.91173894395157,0.));
#4152=CARTESIAN_POINT('Ctrl Pts',(-2.27475274321221,-4.91173894395157,3.));
#4153=CARTESIAN_POINT('Ctrl Pts',(-2.27283335355115,-4.93304862827004,0.));
#4154=CARTESIAN_POINT('Ctrl Pts',(-2.27283335355115,-4.93304862827004,3.));
#4155=CARTESIAN_POINT('Ctrl Pts',(-2.27074065431492,-4.95440059213056,0.));
#4156=CARTESIAN_POINT('Ctrl Pts',(-2.27074065431492,-4.95440059213056,3.));
#4157=CARTESIAN_POINT('Ctrl Pts',(-2.26847534535919,-4.97579362859751,0.));
#4158=CARTESIAN_POINT('Ctrl Pts',(-2.26847534535919,-4.97579362859751,3.));
#4159=CARTESIAN_POINT('Ctrl Pts',(-2.26603835842747,-4.99722644304308,0.));
#4160=CARTESIAN_POINT('Ctrl Pts',(-2.26603835842747,-4.99722644304308,3.));
#4161=CARTESIAN_POINT('Ctrl Pts',(-2.26343074253586,-5.01869770170315,0.));
#4162=CARTESIAN_POINT('Ctrl Pts',(-2.26343074253586,-5.01869770170315,3.));
#4163=CARTESIAN_POINT('Ctrl Pts',(-2.26065359763362,-5.04020606069575,0.));
#4164=CARTESIAN_POINT('Ctrl Pts',(-2.26065359763362,-5.04020606069575,3.));
#4165=CARTESIAN_POINT('Ctrl Pts',(-2.25770799548914,-5.06175019995149,0.));
#4166=CARTESIAN_POINT('Ctrl Pts',(-2.25770799548914,-5.06175019995149,3.));
#4167=CARTESIAN_POINT('Ctrl Pts',(-2.25459489416709,-5.08332886128516,0.));
#4168=CARTESIAN_POINT('Ctrl Pts',(-2.25459489416709,-5.08332886128516,3.));
#4169=CARTESIAN_POINT('Ctrl Pts',(-2.25131510243492,-5.10494086171912,0.));
#4170=CARTESIAN_POINT('Ctrl Pts',(-2.25131510243492,-5.10494086171912,3.));
#4171=CARTESIAN_POINT('Ctrl Pts',(-2.24786932900532,-5.12658506550158,0.));
#4172=CARTESIAN_POINT('Ctrl Pts',(-2.24786932900532,-5.12658506550158,3.));
#4173=CARTESIAN_POINT('Ctrl Pts',(-2.24425821368223,-5.14826036486897,0.));
#4174=CARTESIAN_POINT('Ctrl Pts',(-2.24425821368223,-5.14826036486897,3.));
#4175=CARTESIAN_POINT('Ctrl Pts',(-2.24048236446847,-5.16996565902945,0.));
#4176=CARTESIAN_POINT('Ctrl Pts',(-2.24048236446847,-5.16996565902945,3.));
#4177=CARTESIAN_POINT('Ctrl Pts',(-2.23654239918212,-5.19169982903442,0.));
#4178=CARTESIAN_POINT('Ctrl Pts',(-2.23654239918212,-5.19169982903442,3.));
#4179=CARTESIAN_POINT('Ctrl Pts',(-2.2324389664921,-5.21346172983074,0.));
#4180=CARTESIAN_POINT('Ctrl Pts',(-2.2324389664921,-5.21346172983074,3.));
#4181=CARTESIAN_POINT('Ctrl Pts',(-2.22817272336991,-5.23525021631555,0.));
#4182=CARTESIAN_POINT('Ctrl Pts',(-2.22817272336991,-5.23525021631555,3.));
#4183=CARTESIAN_POINT('Ctrl Pts',(-2.22374432283298,-5.25706416283282,0.));
#4184=CARTESIAN_POINT('Ctrl Pts',(-2.22374432283298,-5.25706416283282,3.));
#4185=CARTESIAN_POINT('Ctrl Pts',(-2.21915439945724,-5.27890248288035,0.));
#4186=CARTESIAN_POINT('Ctrl Pts',(-2.21915439945724,-5.27890248288035,3.));
#4187=CARTESIAN_POINT('Ctrl Pts',(-2.2144035553375,-5.30076415391701,0.));
#4188=CARTESIAN_POINT('Ctrl Pts',(-2.2144035553375,-5.30076415391701,3.));
#4189=CARTESIAN_POINT('Ctrl Pts',(-2.20949235245163,-5.32264822280031,0.));
#4190=CARTESIAN_POINT('Ctrl Pts',(-2.20949235245163,-5.32264822280031,3.));
#4191=CARTESIAN_POINT('Ctrl Pts',(-2.20442132225386,-5.34455376106568,0.));
#4192=CARTESIAN_POINT('Ctrl Pts',(-2.20442132225386,-5.34455376106568,3.));
#4193=CARTESIAN_POINT('Ctrl Pts',(-2.19919097310974,-5.36647982813519,0.));
#4194=CARTESIAN_POINT('Ctrl Pts',(-2.19919097310974,-5.36647982813519,3.));
#4195=CARTESIAN_POINT('Ctrl Pts',(-2.19380179925354,-5.38842543441151,0.));
#4196=CARTESIAN_POINT('Ctrl Pts',(-2.19380179925354,-5.38842543441151,3.));
#4197=CARTESIAN_POINT('Ctrl Pts',(-2.18825429135682,-5.41038949667782,0.));
#4198=CARTESIAN_POINT('Ctrl Pts',(-2.18825429135682,-5.41038949667782,3.));
#4199=CARTESIAN_POINT('Ctrl Pts',(-2.1825489442071,-5.4323708195187,0.));
#4200=CARTESIAN_POINT('Ctrl Pts',(-2.1825489442071,-5.4323708195187,3.));
#4201=CARTESIAN_POINT('Ctrl Pts',(-2.17668624902276,-5.45436818390344,0.));
#4202=CARTESIAN_POINT('Ctrl Pts',(-2.17668624902276,-5.45436818390344,3.));
#4203=CARTESIAN_POINT('Ctrl Pts',(-2.17066668920511,-5.47638042048846,0.));
#4204=CARTESIAN_POINT('Ctrl Pts',(-2.17066668920511,-5.47638042048846,3.));
#4205=CARTESIAN_POINT('Ctrl Pts',(-2.16449073550156,-5.4984064869703,0.));
#4206=CARTESIAN_POINT('Ctrl Pts',(-2.16449073550156,-5.4984064869703,3.));
#4207=CARTESIAN_POINT('Ctrl Pts',(-2.15815884344759,-5.52044554806599,0.));
#4208=CARTESIAN_POINT('Ctrl Pts',(-2.15815884344759,-5.52044554806599,3.));
#4209=CARTESIAN_POINT('Ctrl Pts',(-2.15167144842671,-5.54249704198544,0.));
#4210=CARTESIAN_POINT('Ctrl Pts',(-2.15167144842671,-5.54249704198544,3.));
#4211=CARTESIAN_POINT('Ctrl Pts',(-2.14502893602118,-5.56456062076267,0.));
#4212=CARTESIAN_POINT('Ctrl Pts',(-2.14502893602118,-5.56456062076267,3.));
#4213=CARTESIAN_POINT('Ctrl Pts',(-2.13959107950661,-5.58222100591155,0.));
#4214=CARTESIAN_POINT('Ctrl Pts',(-2.13959107950661,-5.58222100591155,3.));
#4215=CARTESIAN_POINT('Ctrl Pts',(-2.1354431160856,-5.59547161999964,0.));
#4216=CARTESIAN_POINT('Ctrl Pts',(-2.1354431160856,-5.59547161999964,3.));
#4217=CARTESIAN_POINT('Ctrl Pts',(-2.13264689695189,-5.60430772871849,0.));
#4218=CARTESIAN_POINT('Ctrl Pts',(-2.13264689695189,-5.60430772871849,3.));
#4219=CARTESIAN_POINT('Ctrl Pts',(-2.13124105983821,-5.60872637457558,0.));
#4220=CARTESIAN_POINT('Ctrl Pts',(-2.13124105983821,-5.60872637457558,3.));
#4221=CARTESIAN_POINT('Ctrl Pts',(-2.1952135229916,-4.15410557490563,0.));
#4222=CARTESIAN_POINT('Ctrl Pts',(-2.19700618355695,-4.15749791062626,0.));
#4223=CARTESIAN_POINT('Ctrl Pts',(-2.20047302393996,-4.16433567198274,0.));
#4224=CARTESIAN_POINT('Ctrl Pts',(-2.20531784620574,-4.17475158212148,0.));
#4225=CARTESIAN_POINT('Ctrl Pts',(-2.21110165743367,-4.18894313998666,0.));
#4226=CARTESIAN_POINT('Ctrl Pts',(-2.21740735046319,-4.2071023027769,0.));
#4227=CARTESIAN_POINT('Ctrl Pts',(-2.22304645358011,-4.22557086329967,0.));
#4228=CARTESIAN_POINT('Ctrl Pts',(-2.2282729976491,-4.24423920358873,0.));
#4229=CARTESIAN_POINT('Ctrl Pts',(-2.2332751710999,-4.2630246655778,0.));
#4230=CARTESIAN_POINT('Ctrl Pts',(-2.23812391952658,-4.28189322819699,0.));
#4231=CARTESIAN_POINT('Ctrl Pts',(-2.24281175003873,-4.30084356481233,0.));
#4232=CARTESIAN_POINT('Ctrl Pts',(-2.2472838975841,-4.31989429264135,0.));
#4233=CARTESIAN_POINT('Ctrl Pts',(-2.25147104072719,-4.33907055998491,0.));
#4234=CARTESIAN_POINT('Ctrl Pts',(-2.25532436922018,-4.35838969177388,0.));
#4235=CARTESIAN_POINT('Ctrl Pts',(-2.25884036569161,-4.37785101173184,0.));
#4236=CARTESIAN_POINT('Ctrl Pts',(-2.2620429453902,-4.39744300817651,0.));
#4237=CARTESIAN_POINT('Ctrl Pts',(-2.26497177046299,-4.41714798577643,0.));
#4238=CARTESIAN_POINT('Ctrl Pts',(-2.26766890236576,-4.43694739948605,0.));
#4239=CARTESIAN_POINT('Ctrl Pts',(-2.27016444927348,-4.45682758331729,0.));
#4240=CARTESIAN_POINT('Ctrl Pts',(-2.27246818653524,-4.47678309266039,0.));
#4241=CARTESIAN_POINT('Ctrl Pts',(-2.27457759060044,-4.49681347880615,0.));
#4242=CARTESIAN_POINT('Ctrl Pts',(-2.27648285423459,-4.51692127164962,0.));
#4243=CARTESIAN_POINT('Ctrl Pts',(-2.27817272019726,-4.53710963523035,0.));
#4244=CARTESIAN_POINT('Ctrl Pts',(-2.27964085002211,-4.55737980827943,0.));
#4245=CARTESIAN_POINT('Ctrl Pts',(-2.28088897022401,-4.57772983758677,0.));
#4246=CARTESIAN_POINT('Ctrl Pts',(-2.28192342987876,-4.59815595407447,0.));
#4247=CARTESIAN_POINT('Ctrl Pts',(-2.28275314144964,-4.618653394099,0.));
#4248=CARTESIAN_POINT('Ctrl Pts',(-2.28338714384288,-4.63921737251359,0.));
#4249=CARTESIAN_POINT('Ctrl Pts',(-2.28383191646549,-4.65984415528504,0.));
#4250=CARTESIAN_POINT('Ctrl Pts',(-2.28409025092797,-4.68053150879168,0.));
#4251=CARTESIAN_POINT('Ctrl Pts',(-2.28416274212704,-4.7012781007193,0.));
#4252=CARTESIAN_POINT('Ctrl Pts',(-2.28404868894835,-4.72208313734588,0.));
#4253=CARTESIAN_POINT('Ctrl Pts',(-2.28374715530628,-4.74294593682446,0.));
#4254=CARTESIAN_POINT('Ctrl Pts',(-2.28325815029757,-4.76386545468622,0.));
#4255=CARTESIAN_POINT('Ctrl Pts',(-2.28258308514867,-4.78484009962724,0.));
#4256=CARTESIAN_POINT('Ctrl Pts',(-2.2817241459542,-4.80586798431903,0.));
#4257=CARTESIAN_POINT('Ctrl Pts',(-2.28068392235291,-4.82694707371605,0.));
#4258=CARTESIAN_POINT('Ctrl Pts',(-2.27946496733077,-4.84807536100105,0.));
#4259=CARTESIAN_POINT('Ctrl Pts',(-2.27806930849203,-4.86925106339196,0.));
#4260=CARTESIAN_POINT('Ctrl Pts',(-2.27649826987301,-4.89047269259797,0.));
#4261=CARTESIAN_POINT('Ctrl Pts',(-2.27475274321221,-4.91173894395157,0.));
#4262=CARTESIAN_POINT('Ctrl Pts',(-2.27283335355115,-4.93304862827004,0.));
#4263=CARTESIAN_POINT('Ctrl Pts',(-2.27074065431492,-4.95440059213056,0.));
#4264=CARTESIAN_POINT('Ctrl Pts',(-2.26847534535919,-4.97579362859751,0.));
#4265=CARTESIAN_POINT('Ctrl Pts',(-2.26603835842747,-4.99722644304308,0.));
#4266=CARTESIAN_POINT('Ctrl Pts',(-2.26343074253586,-5.01869770170315,0.));
#4267=CARTESIAN_POINT('Ctrl Pts',(-2.26065359763362,-5.04020606069575,0.));
#4268=CARTESIAN_POINT('Ctrl Pts',(-2.25770799548914,-5.06175019995149,0.));
#4269=CARTESIAN_POINT('Ctrl Pts',(-2.25459489416709,-5.08332886128516,0.));
#4270=CARTESIAN_POINT('Ctrl Pts',(-2.25131510243492,-5.10494086171912,0.));
#4271=CARTESIAN_POINT('Ctrl Pts',(-2.24786932900532,-5.12658506550158,0.));
#4272=CARTESIAN_POINT('Ctrl Pts',(-2.24425821368223,-5.14826036486897,0.));
#4273=CARTESIAN_POINT('Ctrl Pts',(-2.24048236446847,-5.16996565902945,0.));
#4274=CARTESIAN_POINT('Ctrl Pts',(-2.23654239918212,-5.19169982903442,0.));
#4275=CARTESIAN_POINT('Ctrl Pts',(-2.2324389664921,-5.21346172983074,0.));
#4276=CARTESIAN_POINT('Ctrl Pts',(-2.22817272336991,-5.23525021631555,0.));
#4277=CARTESIAN_POINT('Ctrl Pts',(-2.22374432283298,-5.25706416283282,0.));
#4278=CARTESIAN_POINT('Ctrl Pts',(-2.21915439945724,-5.27890248288035,0.));
#4279=CARTESIAN_POINT('Ctrl Pts',(-2.2144035553375,-5.30076415391701,0.));
#4280=CARTESIAN_POINT('Ctrl Pts',(-2.20949235245163,-5.32264822280031,0.));
#4281=CARTESIAN_POINT('Ctrl Pts',(-2.20442132225386,-5.34455376106568,0.));
#4282=CARTESIAN_POINT('Ctrl Pts',(-2.19919097310974,-5.36647982813519,0.));
#4283=CARTESIAN_POINT('Ctrl Pts',(-2.19380179925354,-5.38842543441151,0.));
#4284=CARTESIAN_POINT('Ctrl Pts',(-2.18825429135682,-5.41038949667782,0.));
#4285=CARTESIAN_POINT('Ctrl Pts',(-2.1825489442071,-5.4323708195187,0.));
#4286=CARTESIAN_POINT('Ctrl Pts',(-2.17668624902276,-5.45436818390344,0.));
#4287=CARTESIAN_POINT('Ctrl Pts',(-2.17066668920511,-5.47638042048846,0.));
#4288=CARTESIAN_POINT('Ctrl Pts',(-2.16449073550156,-5.4984064869703,0.));
#4289=CARTESIAN_POINT('Ctrl Pts',(-2.15815884344759,-5.52044554806599,0.));
#4290=CARTESIAN_POINT('Ctrl Pts',(-2.15167144842671,-5.54249704198544,0.));
#4291=CARTESIAN_POINT('Ctrl Pts',(-2.14502893602118,-5.56456062076267,0.));
#4292=CARTESIAN_POINT('Ctrl Pts',(-2.13959107950661,-5.58222100591155,0.));
#4293=CARTESIAN_POINT('Ctrl Pts',(-2.1354431160856,-5.59547161999964,0.));
#4294=CARTESIAN_POINT('Ctrl Pts',(-2.13264689695189,-5.60430772871849,0.));
#4295=CARTESIAN_POINT('Ctrl Pts',(-2.13124105983821,-5.60872637457558,0.));
#4296=CARTESIAN_POINT('Ctrl Pts',(-2.1952135229916,-4.15410557490563,3.));
#4297=CARTESIAN_POINT('Ctrl Pts',(-2.19700618355695,-4.15749791062626,3.));
#4298=CARTESIAN_POINT('Ctrl Pts',(-2.20047302393996,-4.16433567198274,3.));
#4299=CARTESIAN_POINT('Ctrl Pts',(-2.20531784620574,-4.17475158212148,3.));
#4300=CARTESIAN_POINT('Ctrl Pts',(-2.21110165743367,-4.18894313998666,3.));
#4301=CARTESIAN_POINT('Ctrl Pts',(-2.21740735046319,-4.2071023027769,3.));
#4302=CARTESIAN_POINT('Ctrl Pts',(-2.22304645358011,-4.22557086329967,3.));
#4303=CARTESIAN_POINT('Ctrl Pts',(-2.2282729976491,-4.24423920358873,3.));
#4304=CARTESIAN_POINT('Ctrl Pts',(-2.2332751710999,-4.2630246655778,3.));
#4305=CARTESIAN_POINT('Ctrl Pts',(-2.23812391952658,-4.28189322819699,3.));
#4306=CARTESIAN_POINT('Ctrl Pts',(-2.24281175003873,-4.30084356481233,3.));
#4307=CARTESIAN_POINT('Ctrl Pts',(-2.2472838975841,-4.31989429264135,3.));
#4308=CARTESIAN_POINT('Ctrl Pts',(-2.25147104072719,-4.33907055998491,3.));
#4309=CARTESIAN_POINT('Ctrl Pts',(-2.25532436922018,-4.35838969177388,3.));
#4310=CARTESIAN_POINT('Ctrl Pts',(-2.25884036569161,-4.37785101173184,3.));
#4311=CARTESIAN_POINT('Ctrl Pts',(-2.2620429453902,-4.39744300817651,3.));
#4312=CARTESIAN_POINT('Ctrl Pts',(-2.26497177046299,-4.41714798577643,3.));
#4313=CARTESIAN_POINT('Ctrl Pts',(-2.26766890236576,-4.43694739948605,3.));
#4314=CARTESIAN_POINT('Ctrl Pts',(-2.27016444927348,-4.45682758331729,3.));
#4315=CARTESIAN_POINT('Ctrl Pts',(-2.27246818653524,-4.47678309266039,3.));
#4316=CARTESIAN_POINT('Ctrl Pts',(-2.27457759060044,-4.49681347880615,3.));
#4317=CARTESIAN_POINT('Ctrl Pts',(-2.27648285423459,-4.51692127164962,3.));
#4318=CARTESIAN_POINT('Ctrl Pts',(-2.27817272019726,-4.53710963523035,3.));
#4319=CARTESIAN_POINT('Ctrl Pts',(-2.27964085002211,-4.55737980827943,3.));
#4320=CARTESIAN_POINT('Ctrl Pts',(-2.28088897022401,-4.57772983758677,3.));
#4321=CARTESIAN_POINT('Ctrl Pts',(-2.28192342987876,-4.59815595407447,3.));
#4322=CARTESIAN_POINT('Ctrl Pts',(-2.28275314144964,-4.618653394099,3.));
#4323=CARTESIAN_POINT('Ctrl Pts',(-2.28338714384288,-4.63921737251359,3.));
#4324=CARTESIAN_POINT('Ctrl Pts',(-2.28383191646549,-4.65984415528504,3.));
#4325=CARTESIAN_POINT('Ctrl Pts',(-2.28409025092797,-4.68053150879168,3.));
#4326=CARTESIAN_POINT('Ctrl Pts',(-2.28416274212704,-4.7012781007193,3.));
#4327=CARTESIAN_POINT('Ctrl Pts',(-2.28404868894835,-4.72208313734588,3.));
#4328=CARTESIAN_POINT('Ctrl Pts',(-2.28374715530628,-4.74294593682446,3.));
#4329=CARTESIAN_POINT('Ctrl Pts',(-2.28325815029757,-4.76386545468622,3.));
#4330=CARTESIAN_POINT('Ctrl Pts',(-2.28258308514867,-4.78484009962724,3.));
#4331=CARTESIAN_POINT('Ctrl Pts',(-2.2817241459542,-4.80586798431903,3.));
#4332=CARTESIAN_POINT('Ctrl Pts',(-2.28068392235291,-4.82694707371605,3.));
#4333=CARTESIAN_POINT('Ctrl Pts',(-2.27946496733077,-4.84807536100105,3.));
#4334=CARTESIAN_POINT('Ctrl Pts',(-2.27806930849203,-4.86925106339196,3.));
#4335=CARTESIAN_POINT('Ctrl Pts',(-2.27649826987301,-4.89047269259797,3.));
#4336=CARTESIAN_POINT('Ctrl Pts',(-2.27475274321221,-4.91173894395157,3.));
#4337=CARTESIAN_POINT('Ctrl Pts',(-2.27283335355115,-4.93304862827004,3.));
#4338=CARTESIAN_POINT('Ctrl Pts',(-2.27074065431492,-4.95440059213056,3.));
#4339=CARTESIAN_POINT('Ctrl Pts',(-2.26847534535919,-4.97579362859751,3.));
#4340=CARTESIAN_POINT('Ctrl Pts',(-2.26603835842747,-4.99722644304308,3.));
#4341=CARTESIAN_POINT('Ctrl Pts',(-2.26343074253586,-5.01869770170315,3.));
#4342=CARTESIAN_POINT('Ctrl Pts',(-2.26065359763362,-5.04020606069575,3.));
#4343=CARTESIAN_POINT('Ctrl Pts',(-2.25770799548914,-5.06175019995149,3.));
#4344=CARTESIAN_POINT('Ctrl Pts',(-2.25459489416709,-5.08332886128516,3.));
#4345=CARTESIAN_POINT('Ctrl Pts',(-2.25131510243492,-5.10494086171912,3.));
#4346=CARTESIAN_POINT('Ctrl Pts',(-2.24786932900532,-5.12658506550158,3.));
#4347=CARTESIAN_POINT('Ctrl Pts',(-2.24425821368223,-5.14826036486897,3.));
#4348=CARTESIAN_POINT('Ctrl Pts',(-2.24048236446847,-5.16996565902945,3.));
#4349=CARTESIAN_POINT('Ctrl Pts',(-2.23654239918212,-5.19169982903442,3.));
#4350=CARTESIAN_POINT('Ctrl Pts',(-2.2324389664921,-5.21346172983074,3.));
#4351=CARTESIAN_POINT('Ctrl Pts',(-2.22817272336991,-5.23525021631555,3.));
#4352=CARTESIAN_POINT('Ctrl Pts',(-2.22374432283298,-5.25706416283282,3.));
#4353=CARTESIAN_POINT('Ctrl Pts',(-2.21915439945724,-5.27890248288035,3.));
#4354=CARTESIAN_POINT('Ctrl Pts',(-2.2144035553375,-5.30076415391701,3.));
#4355=CARTESIAN_POINT('Ctrl Pts',(-2.20949235245163,-5.32264822280031,3.));
#4356=CARTESIAN_POINT('Ctrl Pts',(-2.20442132225386,-5.34455376106568,3.));
#4357=CARTESIAN_POINT('Ctrl Pts',(-2.19919097310974,-5.36647982813519,3.));
#4358=CARTESIAN_POINT('Ctrl Pts',(-2.19380179925354,-5.38842543441151,3.));
#4359=CARTESIAN_POINT('Ctrl Pts',(-2.18825429135682,-5.41038949667782,3.));
#4360=CARTESIAN_POINT('Ctrl Pts',(-2.1825489442071,-5.4323708195187,3.));
#4361=CARTESIAN_POINT('Ctrl Pts',(-2.17668624902276,-5.45436818390344,3.));
#4362=CARTESIAN_POINT('Ctrl Pts',(-2.17066668920511,-5.47638042048846,3.));
#4363=CARTESIAN_POINT('Ctrl Pts',(-2.16449073550156,-5.4984064869703,3.));
#4364=CARTESIAN_POINT('Ctrl Pts',(-2.15815884344759,-5.52044554806599,3.));
#4365=CARTESIAN_POINT('Ctrl Pts',(-2.15167144842671,-5.54249704198544,3.));
#4366=CARTESIAN_POINT('Ctrl Pts',(-2.14502893602118,-5.56456062076267,3.));
#4367=CARTESIAN_POINT('Ctrl Pts',(-2.13959107950661,-5.58222100591155,3.));
#4368=CARTESIAN_POINT('Ctrl Pts',(-2.1354431160856,-5.59547161999964,3.));
#4369=CARTESIAN_POINT('Ctrl Pts',(-2.13264689695189,-5.60430772871849,3.));
#4370=CARTESIAN_POINT('Ctrl Pts',(-2.13124105983821,-5.60872637457558,3.));
#4371=CARTESIAN_POINT('Ctrl Pts',(-4.67562606005691,-3.76012246429776,0.));
#4372=CARTESIAN_POINT('Ctrl Pts',(-4.67562606005691,-3.76012246429776,3.));
#4373=CARTESIAN_POINT('Ctrl Pts',(-4.67098925056188,-3.76009405818361,0.));
#4374=CARTESIAN_POINT('Ctrl Pts',(-4.67098925056188,-3.76009405818361,3.));
#4375=CARTESIAN_POINT('Ctrl Pts',(-4.66172153255382,-3.76002291285344,0.));
#4376=CARTESIAN_POINT('Ctrl Pts',(-4.66172153255382,-3.76002291285344,3.));
#4377=CARTESIAN_POINT('Ctrl Pts',(-4.64783765849128,-3.75987319555522,0.));
#4378=CARTESIAN_POINT('Ctrl Pts',(-4.64783765849128,-3.75987319555522,3.));
#4379=CARTESIAN_POINT('Ctrl Pts',(-4.62936124403919,-3.75958754528987,0.));
#4380=CARTESIAN_POINT('Ctrl Pts',(-4.62936124403919,-3.75958754528987,3.));
#4381=CARTESIAN_POINT('Ctrl Pts',(-4.60632488445166,-3.75908692919883,0.));
#4382=CARTESIAN_POINT('Ctrl Pts',(-4.60632488445166,-3.75908692919883,3.));
#4383=CARTESIAN_POINT('Ctrl Pts',(-4.58334795215484,-3.75844252213475,0.));
#4384=CARTESIAN_POINT('Ctrl Pts',(-4.58334795215484,-3.75844252213475,3.));
#4385=CARTESIAN_POINT('Ctrl Pts',(-4.56043089723554,-3.75765406491452,0.));
#4386=CARTESIAN_POINT('Ctrl Pts',(-4.56043089723554,-3.75765406491452,3.));
#4387=CARTESIAN_POINT('Ctrl Pts',(-4.53757438852876,-3.7567213170665,0.));
#4388=CARTESIAN_POINT('Ctrl Pts',(-4.53757438852876,-3.7567213170665,3.));
#4389=CARTESIAN_POINT('Ctrl Pts',(-4.51477936120404,-3.75564410346733,0.));
#4390=CARTESIAN_POINT('Ctrl Pts',(-4.51477936120404,-3.75564410346733,3.));
#4391=CARTESIAN_POINT('Ctrl Pts',(-4.49204695201981,-3.7544222984991,0.));
#4392=CARTESIAN_POINT('Ctrl Pts',(-4.49204695201981,-3.7544222984991,3.));
#4393=CARTESIAN_POINT('Ctrl Pts',(-4.46937842246714,-3.7530558037669,0.));
#4394=CARTESIAN_POINT('Ctrl Pts',(-4.46937842246714,-3.7530558037669,3.));
#4395=CARTESIAN_POINT('Ctrl Pts',(-4.44677508370793,-3.75154452879547,0.));
#4396=CARTESIAN_POINT('Ctrl Pts',(-4.44677508370793,-3.75154452879547,3.));
#4397=CARTESIAN_POINT('Ctrl Pts',(-4.42423822554758,-3.74988837241762,0.));
#4398=CARTESIAN_POINT('Ctrl Pts',(-4.42423822554758,-3.74988837241762,3.));
#4399=CARTESIAN_POINT('Ctrl Pts',(-4.40176902981235,-3.74808720270935,0.));
#4400=CARTESIAN_POINT('Ctrl Pts',(-4.40176902981235,-3.74808720270935,3.));
#4401=CARTESIAN_POINT('Ctrl Pts',(-4.37936859039202,-3.74614085542834,0.));
#4402=CARTESIAN_POINT('Ctrl Pts',(-4.37936859039202,-3.74614085542834,3.));
#4403=CARTESIAN_POINT('Ctrl Pts',(-4.35703795892295,-3.74404913774478,0.));
#4404=CARTESIAN_POINT('Ctrl Pts',(-4.35703795892295,-3.74404913774478,3.));
#4405=CARTESIAN_POINT('Ctrl Pts',(-4.3347781826558,-3.741811831127,0.));
#4406=CARTESIAN_POINT('Ctrl Pts',(-4.3347781826558,-3.741811831127,3.));
#4407=CARTESIAN_POINT('Ctrl Pts',(-4.31259034174368,-3.73942869563951,0.));
#4408=CARTESIAN_POINT('Ctrl Pts',(-4.31259034174368,-3.73942869563951,3.));
#4409=CARTESIAN_POINT('Ctrl Pts',(-4.29047559473851,-3.7368994746387,0.));
#4410=CARTESIAN_POINT('Ctrl Pts',(-4.29047559473851,-3.7368994746387,3.));
#4411=CARTESIAN_POINT('Ctrl Pts',(-4.26843517106002,-3.73422390035464,0.));
#4412=CARTESIAN_POINT('Ctrl Pts',(-4.26843517106002,-3.73422390035464,3.));
#4413=CARTESIAN_POINT('Ctrl Pts',(-4.24647034306423,-3.73140169957769,0.));
#4414=CARTESIAN_POINT('Ctrl Pts',(-4.24647034306423,-3.73140169957769,3.));
#4415=CARTESIAN_POINT('Ctrl Pts',(-4.224582402824,-3.72843260134709,0.));
#4416=CARTESIAN_POINT('Ctrl Pts',(-4.224582402824,-3.72843260134709,3.));
#4417=CARTESIAN_POINT('Ctrl Pts',(-4.20277263979933,-3.72531634258289,0.));
#4418=CARTESIAN_POINT('Ctrl Pts',(-4.20277263979933,-3.72531634258289,3.));
#4419=CARTESIAN_POINT('Ctrl Pts',(-4.18104230908984,-3.72205268147932,0.));
#4420=CARTESIAN_POINT('Ctrl Pts',(-4.18104230908984,-3.72205268147932,3.));
#4421=CARTESIAN_POINT('Ctrl Pts',(-4.159392645494,-3.71864137995471,0.));
#4422=CARTESIAN_POINT('Ctrl Pts',(-4.159392645494,-3.71864137995471,3.));
#4423=CARTESIAN_POINT('Ctrl Pts',(-4.13782490026786,-3.71508217183715,0.));
#4424=CARTESIAN_POINT('Ctrl Pts',(-4.13782490026786,-3.71508217183715,3.));
#4425=CARTESIAN_POINT('Ctrl Pts',(-4.11634037257982,-3.71137473406741,0.));
#4426=CARTESIAN_POINT('Ctrl Pts',(-4.11634037257982,-3.71137473406741,3.));
#4427=CARTESIAN_POINT('Ctrl Pts',(-4.09494043743137,-3.70751866302213,0.));
#4428=CARTESIAN_POINT('Ctrl Pts',(-4.09494043743137,-3.70751866302213,3.));
#4429=CARTESIAN_POINT('Ctrl Pts',(-4.073626587486,-3.70351343632827,0.));
#4430=CARTESIAN_POINT('Ctrl Pts',(-4.073626587486,-3.70351343632827,3.));
#4431=CARTESIAN_POINT('Ctrl Pts',(-4.05240040939897,-3.6993584425974,0.));
#4432=CARTESIAN_POINT('Ctrl Pts',(-4.05240040939897,-3.6993584425974,3.));
#4433=CARTESIAN_POINT('Ctrl Pts',(-4.03126352118101,-3.69505305099797,0.));
#4434=CARTESIAN_POINT('Ctrl Pts',(-4.03126352118101,-3.69505305099797,3.));
#4435=CARTESIAN_POINT('Ctrl Pts',(-4.01021751548094,-3.69059667601217,0.));
#4436=CARTESIAN_POINT('Ctrl Pts',(-4.01021751548094,-3.69059667601217,3.));
#4437=CARTESIAN_POINT('Ctrl Pts',(-3.98926391148758,-3.68598883156125,0.));
#4438=CARTESIAN_POINT('Ctrl Pts',(-3.98926391148758,-3.68598883156125,3.));
#4439=CARTESIAN_POINT('Ctrl Pts',(-3.96840407333221,-3.68122922500653,0.));
#4440=CARTESIAN_POINT('Ctrl Pts',(-3.96840407333221,-3.68122922500653,3.));
#4441=CARTESIAN_POINT('Ctrl Pts',(-3.94763926900287,-3.67631768643675,0.));
#4442=CARTESIAN_POINT('Ctrl Pts',(-3.94763926900287,-3.67631768643675,3.));
#4443=CARTESIAN_POINT('Ctrl Pts',(-3.92697082262801,-3.67125398887973,0.));
#4444=CARTESIAN_POINT('Ctrl Pts',(-3.92697082262801,-3.67125398887973,3.));
#4445=CARTESIAN_POINT('Ctrl Pts',(-3.90640025058248,-3.66603768740623,0.));
#4446=CARTESIAN_POINT('Ctrl Pts',(-3.90640025058248,-3.66603768740623,3.));
#4447=CARTESIAN_POINT('Ctrl Pts',(-3.88592937746471,-3.66066798269001,0.));
#4448=CARTESIAN_POINT('Ctrl Pts',(-3.88592937746471,-3.66066798269001,3.));
#4449=CARTESIAN_POINT('Ctrl Pts',(-3.86556052536536,-3.65514349727479,0.));
#4450=CARTESIAN_POINT('Ctrl Pts',(-3.86556052536536,-3.65514349727479,3.));
#4451=CARTESIAN_POINT('Ctrl Pts',(-3.8452963917971,-3.64946242326727,0.));
#4452=CARTESIAN_POINT('Ctrl Pts',(-3.8452963917971,-3.64946242326727,3.));
#4453=CARTESIAN_POINT('Ctrl Pts',(-3.82513971244565,-3.64362292663831,0.));
#4454=CARTESIAN_POINT('Ctrl Pts',(-3.82513971244565,-3.64362292663831,3.));
#4455=CARTESIAN_POINT('Ctrl Pts',(-3.80509295780744,-3.63762351150492,0.));
#4456=CARTESIAN_POINT('Ctrl Pts',(-3.80509295780744,-3.63762351150492,3.));
#4457=CARTESIAN_POINT('Ctrl Pts',(-3.7851580773954,-3.63146332745098,0.));
#4458=CARTESIAN_POINT('Ctrl Pts',(-3.7851580773954,-3.63146332745098,3.));
#4459=CARTESIAN_POINT('Ctrl Pts',(-3.76533606736945,-3.62514268858357,0.));
#4460=CARTESIAN_POINT('Ctrl Pts',(-3.76533606736945,-3.62514268858357,3.));
#4461=CARTESIAN_POINT('Ctrl Pts',(-3.74562728693823,-3.61866269587532,0.));
#4462=CARTESIAN_POINT('Ctrl Pts',(-3.74562728693823,-3.61866269587532,3.));
#4463=CARTESIAN_POINT('Ctrl Pts',(-3.72603227431998,-3.6120242613992,0.));
#4464=CARTESIAN_POINT('Ctrl Pts',(-3.72603227431998,-3.6120242613992,3.));
#4465=CARTESIAN_POINT('Ctrl Pts',(-3.70655248045401,-3.60522723108254,0.));
#4466=CARTESIAN_POINT('Ctrl Pts',(-3.70655248045401,-3.60522723108254,3.));
#4467=CARTESIAN_POINT('Ctrl Pts',(-3.68719089229585,-3.59826964017303,0.));
#4468=CARTESIAN_POINT('Ctrl Pts',(-3.68719089229585,-3.59826964017303,3.));
#4469=CARTESIAN_POINT('Ctrl Pts',(-3.66795306336898,-3.59114648026814,0.));
#4470=CARTESIAN_POINT('Ctrl Pts',(-3.66795306336898,-3.59114648026814,3.));
#4471=CARTESIAN_POINT('Ctrl Pts',(-3.64884633779406,-3.58385063354886,0.));
#4472=CARTESIAN_POINT('Ctrl Pts',(-3.64884633779406,-3.58385063354886,3.));
#4473=CARTESIAN_POINT('Ctrl Pts',(-3.62987800016793,-3.57637509580573,0.));
#4474=CARTESIAN_POINT('Ctrl Pts',(-3.62987800016793,-3.57637509580573,3.));
#4475=CARTESIAN_POINT('Ctrl Pts',(-3.611053597069,-3.56871499341795,0.));
#4476=CARTESIAN_POINT('Ctrl Pts',(-3.611053597069,-3.56871499341795,3.));
#4477=CARTESIAN_POINT('Ctrl Pts',(-3.59237551963288,-3.56086928794743,0.));
#4478=CARTESIAN_POINT('Ctrl Pts',(-3.59237551963288,-3.56086928794743,3.));
#4479=CARTESIAN_POINT('Ctrl Pts',(-3.57384063106251,-3.55284362484491,0.));
#4480=CARTESIAN_POINT('Ctrl Pts',(-3.57384063106251,-3.55284362484491,3.));
#4481=CARTESIAN_POINT('Ctrl Pts',(-3.55544244349883,-3.54464773264027,0.));
#4482=CARTESIAN_POINT('Ctrl Pts',(-3.55544244349883,-3.54464773264027,3.));
#4483=CARTESIAN_POINT('Ctrl Pts',(-3.53717552026655,-3.53629015678721,0.));
#4484=CARTESIAN_POINT('Ctrl Pts',(-3.53717552026655,-3.53629015678721,3.));
#4485=CARTESIAN_POINT('Ctrl Pts',(-3.51903950829344,-3.52777343598376,0.));
#4486=CARTESIAN_POINT('Ctrl Pts',(-3.51903950829344,-3.52777343598376,3.));
#4487=CARTESIAN_POINT('Ctrl Pts',(-3.50104260646011,-3.51908995579738,0.));
#4488=CARTESIAN_POINT('Ctrl Pts',(-3.50104260646011,-3.51908995579738,3.));
#4489=CARTESIAN_POINT('Ctrl Pts',(-3.4832071158313,-3.51021530467467,0.));
#4490=CARTESIAN_POINT('Ctrl Pts',(-3.4832071158313,-3.51021530467467,3.));
#4491=CARTESIAN_POINT('Ctrl Pts',(-3.46556367149807,-3.50111521052823,0.));
#4492=CARTESIAN_POINT('Ctrl Pts',(-3.46556367149807,-3.50111521052823,3.));
#4493=CARTESIAN_POINT('Ctrl Pts',(-3.44814135899819,-3.49175742057283,0.));
#4494=CARTESIAN_POINT('Ctrl Pts',(-3.44814135899819,-3.49175742057283,3.));
#4495=CARTESIAN_POINT('Ctrl Pts',(-3.43095851681036,-3.48212274736078,0.));
#4496=CARTESIAN_POINT('Ctrl Pts',(-3.43095851681036,-3.48212274736078,3.));
#4497=CARTESIAN_POINT('Ctrl Pts',(-3.41401470118414,-3.47221474509204,0.));
#4498=CARTESIAN_POINT('Ctrl Pts',(-3.41401470118414,-3.47221474509204,3.));
#4499=CARTESIAN_POINT('Ctrl Pts',(-3.39727835193506,-3.46207448137281,0.));
#4500=CARTESIAN_POINT('Ctrl Pts',(-3.39727835193506,-3.46207448137281,3.));
#4501=CARTESIAN_POINT('Ctrl Pts',(-3.38070413010605,-3.45176011355368,0.));
#4502=CARTESIAN_POINT('Ctrl Pts',(-3.38070413010605,-3.45176011355368,3.));
#4503=CARTESIAN_POINT('Ctrl Pts',(-3.36425740633925,-3.44131797325785,0.));
#4504=CARTESIAN_POINT('Ctrl Pts',(-3.36425740633925,-3.44131797325785,3.));
#4505=CARTESIAN_POINT('Ctrl Pts',(-3.34793712690804,-3.43075559660002,0.));
#4506=CARTESIAN_POINT('Ctrl Pts',(-3.34793712690804,-3.43075559660002,3.));
#4507=CARTESIAN_POINT('Ctrl Pts',(-3.33179757116688,-3.42001602339941,0.));
#4508=CARTESIAN_POINT('Ctrl Pts',(-3.33179757116688,-3.42001602339941,3.));
#4509=CARTESIAN_POINT('Ctrl Pts',(-3.31597550503127,-3.40894581857083,0.));
#4510=CARTESIAN_POINT('Ctrl Pts',(-3.31597550503127,-3.40894581857083,3.));
#4511=CARTESIAN_POINT('Ctrl Pts',(-3.30065368123658,-3.39733725821953,0.));
#4512=CARTESIAN_POINT('Ctrl Pts',(-3.30065368123658,-3.39733725821953,3.));
#4513=CARTESIAN_POINT('Ctrl Pts',(-3.28894400361421,-3.38745109430519,0.));
#4514=CARTESIAN_POINT('Ctrl Pts',(-3.28894400361421,-3.38745109430519,3.));
#4515=CARTESIAN_POINT('Ctrl Pts',(-3.28053501681846,-3.37962470127428,0.));
#4516=CARTESIAN_POINT('Ctrl Pts',(-3.28053501681846,-3.37962470127428,3.));
#4517=CARTESIAN_POINT('Ctrl Pts',(-3.27510323191865,-3.37421455567443,0.));
#4518=CARTESIAN_POINT('Ctrl Pts',(-3.27510323191865,-3.37421455567443,3.));
#4519=CARTESIAN_POINT('Ctrl Pts',(-3.27243089150592,-3.37146134477395,0.));
#4520=CARTESIAN_POINT('Ctrl Pts',(-3.27243089150592,-3.37146134477395,3.));
#4521=CARTESIAN_POINT('',(-4.67562606005692,-3.76012246429775,0.));
#4522=CARTESIAN_POINT('Ctrl Pts',(-3.27243089150592,-3.37146134477395,0.));
#4523=CARTESIAN_POINT('Ctrl Pts',(-3.27510323191865,-3.37421455567443,0.));
#4524=CARTESIAN_POINT('Ctrl Pts',(-3.28053501681846,-3.37962470127428,0.));
#4525=CARTESIAN_POINT('Ctrl Pts',(-3.28894400361421,-3.38745109430519,0.));
#4526=CARTESIAN_POINT('Ctrl Pts',(-3.30065368123658,-3.39733725821953,0.));
#4527=CARTESIAN_POINT('Ctrl Pts',(-3.31597550503127,-3.40894581857083,0.));
#4528=CARTESIAN_POINT('Ctrl Pts',(-3.33179757116688,-3.42001602339941,0.));
#4529=CARTESIAN_POINT('Ctrl Pts',(-3.34793712690804,-3.43075559660002,0.));
#4530=CARTESIAN_POINT('Ctrl Pts',(-3.36425740633925,-3.44131797325785,0.));
#4531=CARTESIAN_POINT('Ctrl Pts',(-3.38070413010605,-3.45176011355368,0.));
#4532=CARTESIAN_POINT('Ctrl Pts',(-3.39727835193506,-3.46207448137281,0.));
#4533=CARTESIAN_POINT('Ctrl Pts',(-3.41401470118414,-3.47221474509204,0.));
#4534=CARTESIAN_POINT('Ctrl Pts',(-3.43095851681036,-3.48212274736078,0.));
#4535=CARTESIAN_POINT('Ctrl Pts',(-3.44814135899819,-3.49175742057283,0.));
#4536=CARTESIAN_POINT('Ctrl Pts',(-3.46556367149807,-3.50111521052823,0.));
#4537=CARTESIAN_POINT('Ctrl Pts',(-3.4832071158313,-3.51021530467467,0.));
#4538=CARTESIAN_POINT('Ctrl Pts',(-3.50104260646011,-3.51908995579738,0.));
#4539=CARTESIAN_POINT('Ctrl Pts',(-3.51903950829344,-3.52777343598376,0.));
#4540=CARTESIAN_POINT('Ctrl Pts',(-3.53717552026655,-3.53629015678721,0.));
#4541=CARTESIAN_POINT('Ctrl Pts',(-3.55544244349883,-3.54464773264027,0.));
#4542=CARTESIAN_POINT('Ctrl Pts',(-3.57384063106251,-3.55284362484491,0.));
#4543=CARTESIAN_POINT('Ctrl Pts',(-3.59237551963288,-3.56086928794743,0.));
#4544=CARTESIAN_POINT('Ctrl Pts',(-3.611053597069,-3.56871499341795,0.));
#4545=CARTESIAN_POINT('Ctrl Pts',(-3.62987800016793,-3.57637509580573,0.));
#4546=CARTESIAN_POINT('Ctrl Pts',(-3.64884633779406,-3.58385063354886,0.));
#4547=CARTESIAN_POINT('Ctrl Pts',(-3.66795306336898,-3.59114648026814,0.));
#4548=CARTESIAN_POINT('Ctrl Pts',(-3.68719089229585,-3.59826964017303,0.));
#4549=CARTESIAN_POINT('Ctrl Pts',(-3.70655248045401,-3.60522723108254,0.));
#4550=CARTESIAN_POINT('Ctrl Pts',(-3.72603227431998,-3.6120242613992,0.));
#4551=CARTESIAN_POINT('Ctrl Pts',(-3.74562728693823,-3.61866269587532,0.));
#4552=CARTESIAN_POINT('Ctrl Pts',(-3.76533606736945,-3.62514268858357,0.));
#4553=CARTESIAN_POINT('Ctrl Pts',(-3.7851580773954,-3.63146332745098,0.));
#4554=CARTESIAN_POINT('Ctrl Pts',(-3.80509295780744,-3.63762351150492,0.));
#4555=CARTESIAN_POINT('Ctrl Pts',(-3.82513971244565,-3.64362292663831,0.));
#4556=CARTESIAN_POINT('Ctrl Pts',(-3.8452963917971,-3.64946242326727,0.));
#4557=CARTESIAN_POINT('Ctrl Pts',(-3.86556052536536,-3.65514349727479,0.));
#4558=CARTESIAN_POINT('Ctrl Pts',(-3.88592937746471,-3.66066798269001,0.));
#4559=CARTESIAN_POINT('Ctrl Pts',(-3.90640025058248,-3.66603768740623,0.));
#4560=CARTESIAN_POINT('Ctrl Pts',(-3.92697082262801,-3.67125398887973,0.));
#4561=CARTESIAN_POINT('Ctrl Pts',(-3.94763926900287,-3.67631768643675,0.));
#4562=CARTESIAN_POINT('Ctrl Pts',(-3.96840407333221,-3.68122922500653,0.));
#4563=CARTESIAN_POINT('Ctrl Pts',(-3.98926391148758,-3.68598883156125,0.));
#4564=CARTESIAN_POINT('Ctrl Pts',(-4.01021751548094,-3.69059667601217,0.));
#4565=CARTESIAN_POINT('Ctrl Pts',(-4.03126352118101,-3.69505305099797,0.));
#4566=CARTESIAN_POINT('Ctrl Pts',(-4.05240040939897,-3.6993584425974,0.));
#4567=CARTESIAN_POINT('Ctrl Pts',(-4.073626587486,-3.70351343632827,0.));
#4568=CARTESIAN_POINT('Ctrl Pts',(-4.09494043743137,-3.70751866302213,0.));
#4569=CARTESIAN_POINT('Ctrl Pts',(-4.11634037257982,-3.71137473406741,0.));
#4570=CARTESIAN_POINT('Ctrl Pts',(-4.13782490026786,-3.71508217183715,0.));
#4571=CARTESIAN_POINT('Ctrl Pts',(-4.159392645494,-3.71864137995471,0.));
#4572=CARTESIAN_POINT('Ctrl Pts',(-4.18104230908984,-3.72205268147932,0.));
#4573=CARTESIAN_POINT('Ctrl Pts',(-4.20277263979933,-3.72531634258289,0.));
#4574=CARTESIAN_POINT('Ctrl Pts',(-4.224582402824,-3.72843260134709,0.));
#4575=CARTESIAN_POINT('Ctrl Pts',(-4.24647034306423,-3.73140169957769,0.));
#4576=CARTESIAN_POINT('Ctrl Pts',(-4.26843517106002,-3.73422390035464,0.));
#4577=CARTESIAN_POINT('Ctrl Pts',(-4.29047559473851,-3.7368994746387,0.));
#4578=CARTESIAN_POINT('Ctrl Pts',(-4.31259034174368,-3.73942869563951,0.));
#4579=CARTESIAN_POINT('Ctrl Pts',(-4.3347781826558,-3.741811831127,0.));
#4580=CARTESIAN_POINT('Ctrl Pts',(-4.35703795892295,-3.74404913774478,0.));
#4581=CARTESIAN_POINT('Ctrl Pts',(-4.37936859039202,-3.74614085542834,0.));
#4582=CARTESIAN_POINT('Ctrl Pts',(-4.40176902981235,-3.74808720270935,0.));
#4583=CARTESIAN_POINT('Ctrl Pts',(-4.42423822554758,-3.74988837241762,0.));
#4584=CARTESIAN_POINT('Ctrl Pts',(-4.44677508370793,-3.75154452879547,0.));
#4585=CARTESIAN_POINT('Ctrl Pts',(-4.46937842246714,-3.7530558037669,0.));
#4586=CARTESIAN_POINT('Ctrl Pts',(-4.49204695201981,-3.7544222984991,0.));
#4587=CARTESIAN_POINT('Ctrl Pts',(-4.51477936120404,-3.75564410346733,0.));
#4588=CARTESIAN_POINT('Ctrl Pts',(-4.53757438852876,-3.7567213170665,0.));
#4589=CARTESIAN_POINT('Ctrl Pts',(-4.56043089723554,-3.75765406491452,0.));
#4590=CARTESIAN_POINT('Ctrl Pts',(-4.58334795215484,-3.75844252213475,0.));
#4591=CARTESIAN_POINT('Ctrl Pts',(-4.60632488445166,-3.75908692919883,0.));
#4592=CARTESIAN_POINT('Ctrl Pts',(-4.62936124403919,-3.75958754528987,0.));
#4593=CARTESIAN_POINT('Ctrl Pts',(-4.64783765849128,-3.75987319555522,0.));
#4594=CARTESIAN_POINT('Ctrl Pts',(-4.66172153255382,-3.76002291285344,0.));
#4595=CARTESIAN_POINT('Ctrl Pts',(-4.67098925056188,-3.76009405818361,0.));
#4596=CARTESIAN_POINT('Ctrl Pts',(-4.67562606005691,-3.76012246429776,0.));
#4597=CARTESIAN_POINT('',(-4.67562606005692,-3.76012246429775,3.));
#4598=CARTESIAN_POINT('Ctrl Pts',(-4.67562606005691,-3.76012246429776,3.));
#4599=CARTESIAN_POINT('Ctrl Pts',(-4.67098925056188,-3.76009405818361,3.));
#4600=CARTESIAN_POINT('Ctrl Pts',(-4.66172153255382,-3.76002291285344,3.));
#4601=CARTESIAN_POINT('Ctrl Pts',(-4.64783765849128,-3.75987319555522,3.));
#4602=CARTESIAN_POINT('Ctrl Pts',(-4.62936124403919,-3.75958754528987,3.));
#4603=CARTESIAN_POINT('Ctrl Pts',(-4.60632488445166,-3.75908692919883,3.));
#4604=CARTESIAN_POINT('Ctrl Pts',(-4.58334795215484,-3.75844252213475,3.));
#4605=CARTESIAN_POINT('Ctrl Pts',(-4.56043089723554,-3.75765406491452,3.));
#4606=CARTESIAN_POINT('Ctrl Pts',(-4.53757438852876,-3.7567213170665,3.));
#4607=CARTESIAN_POINT('Ctrl Pts',(-4.51477936120404,-3.75564410346733,3.));
#4608=CARTESIAN_POINT('Ctrl Pts',(-4.49204695201981,-3.7544222984991,3.));
#4609=CARTESIAN_POINT('Ctrl Pts',(-4.46937842246714,-3.7530558037669,3.));
#4610=CARTESIAN_POINT('Ctrl Pts',(-4.44677508370793,-3.75154452879547,3.));
#4611=CARTESIAN_POINT('Ctrl Pts',(-4.42423822554758,-3.74988837241762,3.));
#4612=CARTESIAN_POINT('Ctrl Pts',(-4.40176902981235,-3.74808720270935,3.));
#4613=CARTESIAN_POINT('Ctrl Pts',(-4.37936859039202,-3.74614085542834,3.));
#4614=CARTESIAN_POINT('Ctrl Pts',(-4.35703795892295,-3.74404913774478,3.));
#4615=CARTESIAN_POINT('Ctrl Pts',(-4.3347781826558,-3.741811831127,3.));
#4616=CARTESIAN_POINT('Ctrl Pts',(-4.31259034174368,-3.73942869563951,3.));
#4617=CARTESIAN_POINT('Ctrl Pts',(-4.29047559473851,-3.7368994746387,3.));
#4618=CARTESIAN_POINT('Ctrl Pts',(-4.26843517106002,-3.73422390035464,3.));
#4619=CARTESIAN_POINT('Ctrl Pts',(-4.24647034306423,-3.73140169957769,3.));
#4620=CARTESIAN_POINT('Ctrl Pts',(-4.224582402824,-3.72843260134709,3.));
#4621=CARTESIAN_POINT('Ctrl Pts',(-4.20277263979933,-3.72531634258289,3.));
#4622=CARTESIAN_POINT('Ctrl Pts',(-4.18104230908984,-3.72205268147932,3.));
#4623=CARTESIAN_POINT('Ctrl Pts',(-4.159392645494,-3.71864137995471,3.));
#4624=CARTESIAN_POINT('Ctrl Pts',(-4.13782490026786,-3.71508217183715,3.));
#4625=CARTESIAN_POINT('Ctrl Pts',(-4.11634037257982,-3.71137473406741,3.));
#4626=CARTESIAN_POINT('Ctrl Pts',(-4.09494043743137,-3.70751866302213,3.));
#4627=CARTESIAN_POINT('Ctrl Pts',(-4.073626587486,-3.70351343632827,3.));
#4628=CARTESIAN_POINT('Ctrl Pts',(-4.05240040939897,-3.6993584425974,3.));
#4629=CARTESIAN_POINT('Ctrl Pts',(-4.03126352118101,-3.69505305099797,3.));
#4630=CARTESIAN_POINT('Ctrl Pts',(-4.01021751548094,-3.69059667601217,3.));
#4631=CARTESIAN_POINT('Ctrl Pts',(-3.98926391148758,-3.68598883156125,3.));
#4632=CARTESIAN_POINT('Ctrl Pts',(-3.96840407333221,-3.68122922500653,3.));
#4633=CARTESIAN_POINT('Ctrl Pts',(-3.94763926900287,-3.67631768643675,3.));
#4634=CARTESIAN_POINT('Ctrl Pts',(-3.92697082262801,-3.67125398887973,3.));
#4635=CARTESIAN_POINT('Ctrl Pts',(-3.90640025058248,-3.66603768740623,3.));
#4636=CARTESIAN_POINT('Ctrl Pts',(-3.88592937746471,-3.66066798269001,3.));
#4637=CARTESIAN_POINT('Ctrl Pts',(-3.86556052536536,-3.65514349727479,3.));
#4638=CARTESIAN_POINT('Ctrl Pts',(-3.8452963917971,-3.64946242326727,3.));
#4639=CARTESIAN_POINT('Ctrl Pts',(-3.82513971244565,-3.64362292663831,3.));
#4640=CARTESIAN_POINT('Ctrl Pts',(-3.80509295780744,-3.63762351150492,3.));
#4641=CARTESIAN_POINT('Ctrl Pts',(-3.7851580773954,-3.63146332745098,3.));
#4642=CARTESIAN_POINT('Ctrl Pts',(-3.76533606736945,-3.62514268858357,3.));
#4643=CARTESIAN_POINT('Ctrl Pts',(-3.74562728693823,-3.61866269587532,3.));
#4644=CARTESIAN_POINT('Ctrl Pts',(-3.72603227431998,-3.6120242613992,3.));
#4645=CARTESIAN_POINT('Ctrl Pts',(-3.70655248045401,-3.60522723108254,3.));
#4646=CARTESIAN_POINT('Ctrl Pts',(-3.68719089229585,-3.59826964017303,3.));
#4647=CARTESIAN_POINT('Ctrl Pts',(-3.66795306336898,-3.59114648026814,3.));
#4648=CARTESIAN_POINT('Ctrl Pts',(-3.64884633779406,-3.58385063354886,3.));
#4649=CARTESIAN_POINT('Ctrl Pts',(-3.62987800016793,-3.57637509580573,3.));
#4650=CARTESIAN_POINT('Ctrl Pts',(-3.611053597069,-3.56871499341795,3.));
#4651=CARTESIAN_POINT('Ctrl Pts',(-3.59237551963288,-3.56086928794743,3.));
#4652=CARTESIAN_POINT('Ctrl Pts',(-3.57384063106251,-3.55284362484491,3.));
#4653=CARTESIAN_POINT('Ctrl Pts',(-3.55544244349883,-3.54464773264027,3.));
#4654=CARTESIAN_POINT('Ctrl Pts',(-3.53717552026655,-3.53629015678721,3.));
#4655=CARTESIAN_POINT('Ctrl Pts',(-3.51903950829344,-3.52777343598376,3.));
#4656=CARTESIAN_POINT('Ctrl Pts',(-3.50104260646011,-3.51908995579738,3.));
#4657=CARTESIAN_POINT('Ctrl Pts',(-3.4832071158313,-3.51021530467467,3.));
#4658=CARTESIAN_POINT('Ctrl Pts',(-3.46556367149807,-3.50111521052823,3.));
#4659=CARTESIAN_POINT('Ctrl Pts',(-3.44814135899819,-3.49175742057283,3.));
#4660=CARTESIAN_POINT('Ctrl Pts',(-3.43095851681036,-3.48212274736078,3.));
#4661=CARTESIAN_POINT('Ctrl Pts',(-3.41401470118414,-3.47221474509204,3.));
#4662=CARTESIAN_POINT('Ctrl Pts',(-3.39727835193506,-3.46207448137281,3.));
#4663=CARTESIAN_POINT('Ctrl Pts',(-3.38070413010605,-3.45176011355368,3.));
#4664=CARTESIAN_POINT('Ctrl Pts',(-3.36425740633925,-3.44131797325785,3.));
#4665=CARTESIAN_POINT('Ctrl Pts',(-3.34793712690804,-3.43075559660002,3.));
#4666=CARTESIAN_POINT('Ctrl Pts',(-3.33179757116688,-3.42001602339941,3.));
#4667=CARTESIAN_POINT('Ctrl Pts',(-3.31597550503127,-3.40894581857083,3.));
#4668=CARTESIAN_POINT('Ctrl Pts',(-3.30065368123658,-3.39733725821953,3.));
#4669=CARTESIAN_POINT('Ctrl Pts',(-3.28894400361421,-3.38745109430519,3.));
#4670=CARTESIAN_POINT('Ctrl Pts',(-3.28053501681846,-3.37962470127428,3.));
#4671=CARTESIAN_POINT('Ctrl Pts',(-3.27510323191865,-3.37421455567443,3.));
#4672=CARTESIAN_POINT('Ctrl Pts',(-3.27243089150592,-3.37146134477395,3.));
#4673=CARTESIAN_POINT('',(-4.67562606005692,-3.76012246429775,0.));
#4674=CARTESIAN_POINT('Origin',(-2.33631181049306E-14,-1.69528565286594E-14,
0.));
#4675=CARTESIAN_POINT('',(-5.02093688363814,-3.28484288977755,0.));
#4676=CARTESIAN_POINT('Origin',(-2.33631181049306E-14,-1.69528565286594E-14,
0.));
#4677=CARTESIAN_POINT('',(-5.02093688363814,-3.28484288977755,3.));
#4678=CARTESIAN_POINT('Origin',(-2.33631181049306E-14,-1.69528565286594E-14,
3.));
#4679=CARTESIAN_POINT('',(-5.02093688363814,-3.28484288977755,0.));
#4680=CARTESIAN_POINT('Ctrl Pts',(-4.21768703977738,-2.0704278720789,0.));
#4681=CARTESIAN_POINT('Ctrl Pts',(-4.21768703977738,-2.0704278720789,3.));
#4682=CARTESIAN_POINT('Ctrl Pts',(-4.2211312975473,-2.07211862988483,0.));
#4683=CARTESIAN_POINT('Ctrl Pts',(-4.2211312975473,-2.07211862988483,3.));
#4684=CARTESIAN_POINT('Ctrl Pts',(-4.22795516561798,-2.07561273737652,0.));
#4685=CARTESIAN_POINT('Ctrl Pts',(-4.22795516561798,-2.07561273737652,3.));
#4686=CARTESIAN_POINT('Ctrl Pts',(-4.23799702753447,-2.08119167061284,0.));
#4687=CARTESIAN_POINT('Ctrl Pts',(-4.23799702753447,-2.08119167061284,3.));
#4688=CARTESIAN_POINT('Ctrl Pts',(-4.25101781753033,-2.08927324316061,0.));
#4689=CARTESIAN_POINT('Ctrl Pts',(-4.25101781753033,-2.08927324316061,3.));
#4690=CARTESIAN_POINT('Ctrl Pts',(-4.26679291843461,-2.1002579210933,0.));
#4691=CARTESIAN_POINT('Ctrl Pts',(-4.26679291843461,-2.1002579210933,3.));
#4692=CARTESIAN_POINT('Ctrl Pts',(-4.28221059619558,-2.11188471876958,0.));
#4693=CARTESIAN_POINT('Ctrl Pts',(-4.28221059619558,-2.11188471876958,3.));
#4694=CARTESIAN_POINT('Ctrl Pts',(-4.29741193427593,-2.123915637796,0.));
#4695=CARTESIAN_POINT('Ctrl Pts',(-4.29741193427593,-2.123915637796,3.));
#4696=CARTESIAN_POINT('Ctrl Pts',(-4.31250059512112,-2.13617319200855,0.));
#4697=CARTESIAN_POINT('Ctrl Pts',(-4.31250059512112,-2.13617319200855,3.));
#4698=CARTESIAN_POINT('Ctrl Pts',(-4.32751397783927,-2.14858815700962,0.));
#4699=CARTESIAN_POINT('Ctrl Pts',(-4.32751397783927,-2.14858815700962,3.));
#4700=CARTESIAN_POINT('Ctrl Pts',(-4.34244524077883,-2.16116386374027,0.));
#4701=CARTESIAN_POINT('Ctrl Pts',(-4.34244524077883,-2.16116386374027,3.));
#4702=CARTESIAN_POINT('Ctrl Pts',(-4.35726102100771,-2.17394756393591,0.));
#4703=CARTESIAN_POINT('Ctrl Pts',(-4.35726102100771,-2.17394756393591,3.));
#4704=CARTESIAN_POINT('Ctrl Pts',(-4.37192001810692,-2.18700034911678,0.));
#4705=CARTESIAN_POINT('Ctrl Pts',(-4.37192001810692,-2.18700034911678,3.));
#4706=CARTESIAN_POINT('Ctrl Pts',(-4.38639292709531,-2.20036492539022,0.));
#4707=CARTESIAN_POINT('Ctrl Pts',(-4.38639292709531,-2.20036492539022,3.));
#4708=CARTESIAN_POINT('Ctrl Pts',(-4.40067650485429,-2.21404281309615,0.));
#4709=CARTESIAN_POINT('Ctrl Pts',(-4.40067650485429,-2.21404281309615,3.));
#4710=CARTESIAN_POINT('Ctrl Pts',(-4.41478333282944,-2.2280106420575,0.));
#4711=CARTESIAN_POINT('Ctrl Pts',(-4.41478333282944,-2.2280106420575,3.));
#4712=CARTESIAN_POINT('Ctrl Pts',(-4.42873509731686,-2.24223078362528,0.));
#4713=CARTESIAN_POINT('Ctrl Pts',(-4.42873509731686,-2.24223078362528,3.));
#4714=CARTESIAN_POINT('Ctrl Pts',(-4.44255492624483,-2.25666351143909,0.));
#4715=CARTESIAN_POINT('Ctrl Pts',(-4.44255492624483,-2.25666351143909,3.));
#4716=CARTESIAN_POINT('Ctrl Pts',(-4.45625914497229,-2.2712800723411,0.));
#4717=CARTESIAN_POINT('Ctrl Pts',(-4.45625914497229,-2.2712800723411,3.));
#4718=CARTESIAN_POINT('Ctrl Pts',(-4.46985246166149,-2.28607031574345,0.));
#4719=CARTESIAN_POINT('Ctrl Pts',(-4.46985246166149,-2.28607031574345,3.));
#4720=CARTESIAN_POINT('Ctrl Pts',(-4.48333257097244,-2.30103536193861,0.));
#4721=CARTESIAN_POINT('Ctrl Pts',(-4.48333257097244,-2.30103536193861,3.));
#4722=CARTESIAN_POINT('Ctrl Pts',(-4.49669302572078,-2.31618302220247,0.));
#4723=CARTESIAN_POINT('Ctrl Pts',(-4.49669302572078,-2.31618302220247,3.));
#4724=CARTESIAN_POINT('Ctrl Pts',(-4.50992657838346,-2.3315224731367,0.));
#4725=CARTESIAN_POINT('Ctrl Pts',(-4.50992657838346,-2.3315224731367,3.));
#4726=CARTESIAN_POINT('Ctrl Pts',(-4.52302882914138,-2.34705844255283,0.));
#4727=CARTESIAN_POINT('Ctrl Pts',(-4.52302882914138,-2.34705844255283,3.));
#4728=CARTESIAN_POINT('Ctrl Pts',(-4.53600002670632,-2.36278833545073,0.));
#4729=CARTESIAN_POINT('Ctrl Pts',(-4.53600002670632,-2.36278833545073,3.));
#4730=CARTESIAN_POINT('Ctrl Pts',(-4.54884309218008,-2.3787053706892,0.));
#4731=CARTESIAN_POINT('Ctrl Pts',(-4.54884309218008,-2.3787053706892,3.));
#4732=CARTESIAN_POINT('Ctrl Pts',(-4.56156243589752,-2.39480045578521,0.));
#4733=CARTESIAN_POINT('Ctrl Pts',(-4.56156243589752,-2.39480045578521,3.));
#4734=CARTESIAN_POINT('Ctrl Pts',(-4.57416255784868,-2.41106440653791,0.));
#4735=CARTESIAN_POINT('Ctrl Pts',(-4.57416255784868,-2.41106440653791,3.));
#4736=CARTESIAN_POINT('Ctrl Pts',(-4.58664650517431,-2.42749039355109,0.));
#4737=CARTESIAN_POINT('Ctrl Pts',(-4.58664650517431,-2.42749039355109,3.));
#4738=CARTESIAN_POINT('Ctrl Pts',(-4.59901522344485,-2.44407496891941,0.));
#4739=CARTESIAN_POINT('Ctrl Pts',(-4.59901522344485,-2.44407496891941,3.));
#4740=CARTESIAN_POINT('Ctrl Pts',(-4.61126841082723,-2.46081670510648,0.));
#4741=CARTESIAN_POINT('Ctrl Pts',(-4.61126841082723,-2.46081670510648,3.));
#4742=CARTESIAN_POINT('Ctrl Pts',(-4.62340503356991,-2.47771537208238,0.));
#4743=CARTESIAN_POINT('Ctrl Pts',(-4.62340503356991,-2.47771537208238,3.));
#4744=CARTESIAN_POINT('Ctrl Pts',(-4.63542393358415,-2.49477096843868,0.));
#4745=CARTESIAN_POINT('Ctrl Pts',(-4.63542393358415,-2.49477096843868,3.));
#4746=CARTESIAN_POINT('Ctrl Pts',(-4.64732450430598,-2.51198264383538,0.));
#4747=CARTESIAN_POINT('Ctrl Pts',(-4.64732450430598,-2.51198264383538,3.));
#4748=CARTESIAN_POINT('Ctrl Pts',(-4.65910695209661,-2.52934828138251,0.));
#4749=CARTESIAN_POINT('Ctrl Pts',(-4.65910695209661,-2.52934828138251,3.));
#4750=CARTESIAN_POINT('Ctrl Pts',(-4.67077193619989,-2.54686506924505,0.));
#4751=CARTESIAN_POINT('Ctrl Pts',(-4.67077193619989,-2.54686506924505,3.));
#4752=CARTESIAN_POINT('Ctrl Pts',(-4.68232035550782,-2.56452983888511,0.));
#4753=CARTESIAN_POINT('Ctrl Pts',(-4.68232035550782,-2.56452983888511,3.));
#4754=CARTESIAN_POINT('Ctrl Pts',(-4.69375309585185,-2.58233946614593,0.));
#4755=CARTESIAN_POINT('Ctrl Pts',(-4.69375309585185,-2.58233946614593,3.));
#4756=CARTESIAN_POINT('Ctrl Pts',(-4.70507074970527,-2.60029131693065,0.));
#4757=CARTESIAN_POINT('Ctrl Pts',(-4.70507074970527,-2.60029131693065,3.));
#4758=CARTESIAN_POINT('Ctrl Pts',(-4.71627351344058,-2.61838340893768,0.));
#4759=CARTESIAN_POINT('Ctrl Pts',(-4.71627351344058,-2.61838340893768,3.));
#4760=CARTESIAN_POINT('Ctrl Pts',(-4.72736134162504,-2.63661416251809,0.));
#4761=CARTESIAN_POINT('Ctrl Pts',(-4.72736134162504,-2.63661416251809,3.));
#4762=CARTESIAN_POINT('Ctrl Pts',(-4.73833404094383,-2.65498224821267,0.));
#4763=CARTESIAN_POINT('Ctrl Pts',(-4.73833404094383,-2.65498224821267,3.));
#4764=CARTESIAN_POINT('Ctrl Pts',(-4.74919138116229,-2.67348640758766,0.));
#4765=CARTESIAN_POINT('Ctrl Pts',(-4.74919138116229,-2.67348640758766,3.));
#4766=CARTESIAN_POINT('Ctrl Pts',(-4.75993321905663,-2.69212525284677,0.));
#4767=CARTESIAN_POINT('Ctrl Pts',(-4.75993321905663,-2.69212525284677,3.));
#4768=CARTESIAN_POINT('Ctrl Pts',(-4.77055954746002,-2.710897188949,0.));
#4769=CARTESIAN_POINT('Ctrl Pts',(-4.77055954746002,-2.710897188949,3.));
#4770=CARTESIAN_POINT('Ctrl Pts',(-4.78107043107746,-2.72980052026036,0.));
#4771=CARTESIAN_POINT('Ctrl Pts',(-4.78107043107746,-2.72980052026036,3.));
#4772=CARTESIAN_POINT('Ctrl Pts',(-4.79146596987257,-2.74883351302351,0.));
#4773=CARTESIAN_POINT('Ctrl Pts',(-4.79146596987257,-2.74883351302351,3.));
#4774=CARTESIAN_POINT('Ctrl Pts',(-4.80174625500687,-2.76799446931022,0.));
#4775=CARTESIAN_POINT('Ctrl Pts',(-4.80174625500687,-2.76799446931022,3.));
#4776=CARTESIAN_POINT('Ctrl Pts',(-4.81191132202827,-2.78728180809102,0.));
#4777=CARTESIAN_POINT('Ctrl Pts',(-4.81191132202827,-2.78728180809102,3.));
#4778=CARTESIAN_POINT('Ctrl Pts',(-4.82196112990655,-2.80669409693529,0.));
#4779=CARTESIAN_POINT('Ctrl Pts',(-4.82196112990655,-2.80669409693529,3.));
#4780=CARTESIAN_POINT('Ctrl Pts',(-4.83189558442419,-2.82623000042968,0.));
#4781=CARTESIAN_POINT('Ctrl Pts',(-4.83189558442419,-2.82623000042968,3.));
#4782=CARTESIAN_POINT('Ctrl Pts',(-4.84171455206634,-2.8458882463073,0.));
#4783=CARTESIAN_POINT('Ctrl Pts',(-4.84171455206634,-2.8458882463073,3.));
#4784=CARTESIAN_POINT('Ctrl Pts',(-4.85141787768841,-2.86566758663376,0.));
#4785=CARTESIAN_POINT('Ctrl Pts',(-4.85141787768841,-2.86566758663376,3.));
#4786=CARTESIAN_POINT('Ctrl Pts',(-4.86100540341423,-2.88556675301628,0.));
#4787=CARTESIAN_POINT('Ctrl Pts',(-4.86100540341423,-2.88556675301628,3.));
#4788=CARTESIAN_POINT('Ctrl Pts',(-4.87047698098267,-2.90558443780937,0.));
#4789=CARTESIAN_POINT('Ctrl Pts',(-4.87047698098267,-2.90558443780937,3.));
#4790=CARTESIAN_POINT('Ctrl Pts',(-4.87983246882023,-2.92571932844721,0.));
#4791=CARTESIAN_POINT('Ctrl Pts',(-4.87983246882023,-2.92571932844721,3.));
#4792=CARTESIAN_POINT('Ctrl Pts',(-4.8890717335851,-2.94597013042092,0.));
#4793=CARTESIAN_POINT('Ctrl Pts',(-4.8890717335851,-2.94597013042092,3.));
#4794=CARTESIAN_POINT('Ctrl Pts',(-4.89819465003003,-2.96633559173738,0.));
#4795=CARTESIAN_POINT('Ctrl Pts',(-4.89819465003003,-2.96633559173738,3.));
#4796=CARTESIAN_POINT('Ctrl Pts',(-4.90720110422535,-2.986814531241,0.));
#4797=CARTESIAN_POINT('Ctrl Pts',(-4.90720110422535,-2.986814531241,3.));
#4798=CARTESIAN_POINT('Ctrl Pts',(-4.91609099057761,-3.00740584750099,0.));
#4799=CARTESIAN_POINT('Ctrl Pts',(-4.91609099057761,-3.00740584750099,3.));
#4800=CARTESIAN_POINT('Ctrl Pts',(-4.92486419330454,-3.02810847699278,0.));
#4801=CARTESIAN_POINT('Ctrl Pts',(-4.92486419330454,-3.02810847699278,3.));
#4802=CARTESIAN_POINT('Ctrl Pts',(-4.93352057082467,-3.04892135996308,0.));
#4803=CARTESIAN_POINT('Ctrl Pts',(-4.93352057082467,-3.04892135996308,3.));
#4804=CARTESIAN_POINT('Ctrl Pts',(-4.9420599413112,-3.0698434053072,0.));
#4805=CARTESIAN_POINT('Ctrl Pts',(-4.9420599413112,-3.0698434053072,3.));
#4806=CARTESIAN_POINT('Ctrl Pts',(-4.95048206502689,-3.09087344827482,0.));
#4807=CARTESIAN_POINT('Ctrl Pts',(-4.95048206502689,-3.09087344827482,3.));
#4808=CARTESIAN_POINT('Ctrl Pts',(-4.95878663961571,-3.11201023092575,0.));
#4809=CARTESIAN_POINT('Ctrl Pts',(-4.95878663961571,-3.11201023092575,3.));
#4810=CARTESIAN_POINT('Ctrl Pts',(-4.96697334595339,-3.1332524783125,0.));
#4811=CARTESIAN_POINT('Ctrl Pts',(-4.96697334595339,-3.1332524783125,3.));
#4812=CARTESIAN_POINT('Ctrl Pts',(-4.9750418877969,-3.15459896028009,0.));
#4813=CARTESIAN_POINT('Ctrl Pts',(-4.9750418877969,-3.15459896028009,3.));
#4814=CARTESIAN_POINT('Ctrl Pts',(-4.9829920333383,-3.17604855688892,0.));
#4815=CARTESIAN_POINT('Ctrl Pts',(-4.9829920333383,-3.17604855688892,3.));
#4816=CARTESIAN_POINT('Ctrl Pts',(-4.99082366014651,-3.19760032462383,0.));
#4817=CARTESIAN_POINT('Ctrl Pts',(-4.99082366014651,-3.19760032462383,3.));
#4818=CARTESIAN_POINT('Ctrl Pts',(-4.99853679024226,-3.2192535530751,0.));
#4819=CARTESIAN_POINT('Ctrl Pts',(-4.99853679024226,-3.2192535530751,3.));
#4820=CARTESIAN_POINT('Ctrl Pts',(-5.00613153103889,-3.24100773409275,0.));
#4821=CARTESIAN_POINT('Ctrl Pts',(-5.00613153103889,-3.24100773409275,3.));
#4822=CARTESIAN_POINT('Ctrl Pts',(-5.01211272664594,-3.25849157766874,0.));
#4823=CARTESIAN_POINT('Ctrl Pts',(-5.01211272664594,-3.25849157766874,3.));
#4824=CARTESIAN_POINT('Ctrl Pts',(-5.0165454692911,-3.27164966137783,0.));
#4825=CARTESIAN_POINT('Ctrl Pts',(-5.0165454692911,-3.27164966137783,3.));
#4826=CARTESIAN_POINT('Ctrl Pts',(-5.01947701488453,-3.28044179986449,0.));
#4827=CARTESIAN_POINT('Ctrl Pts',(-5.01947701488453,-3.28044179986449,3.));
#4828=CARTESIAN_POINT('Ctrl Pts',(-5.02093688363814,-3.28484288977755,0.));
#4829=CARTESIAN_POINT('Ctrl Pts',(-5.02093688363814,-3.28484288977755,3.));
#4830=CARTESIAN_POINT('Ctrl Pts',(-4.21768703977738,-2.0704278720789,0.));
#4831=CARTESIAN_POINT('Ctrl Pts',(-4.2211312975473,-2.07211862988483,0.));
#4832=CARTESIAN_POINT('Ctrl Pts',(-4.22795516561798,-2.07561273737652,0.));
#4833=CARTESIAN_POINT('Ctrl Pts',(-4.23799702753447,-2.08119167061284,0.));
#4834=CARTESIAN_POINT('Ctrl Pts',(-4.25101781753033,-2.08927324316061,0.));
#4835=CARTESIAN_POINT('Ctrl Pts',(-4.26679291843461,-2.1002579210933,0.));
#4836=CARTESIAN_POINT('Ctrl Pts',(-4.28221059619558,-2.11188471876958,0.));
#4837=CARTESIAN_POINT('Ctrl Pts',(-4.29741193427593,-2.123915637796,0.));
#4838=CARTESIAN_POINT('Ctrl Pts',(-4.31250059512112,-2.13617319200855,0.));
#4839=CARTESIAN_POINT('Ctrl Pts',(-4.32751397783927,-2.14858815700962,0.));
#4840=CARTESIAN_POINT('Ctrl Pts',(-4.34244524077883,-2.16116386374027,0.));
#4841=CARTESIAN_POINT('Ctrl Pts',(-4.35726102100771,-2.17394756393591,0.));
#4842=CARTESIAN_POINT('Ctrl Pts',(-4.37192001810692,-2.18700034911678,0.));
#4843=CARTESIAN_POINT('Ctrl Pts',(-4.38639292709531,-2.20036492539022,0.));
#4844=CARTESIAN_POINT('Ctrl Pts',(-4.40067650485429,-2.21404281309615,0.));
#4845=CARTESIAN_POINT('Ctrl Pts',(-4.41478333282944,-2.2280106420575,0.));
#4846=CARTESIAN_POINT('Ctrl Pts',(-4.42873509731686,-2.24223078362528,0.));
#4847=CARTESIAN_POINT('Ctrl Pts',(-4.44255492624483,-2.25666351143909,0.));
#4848=CARTESIAN_POINT('Ctrl Pts',(-4.45625914497229,-2.2712800723411,0.));
#4849=CARTESIAN_POINT('Ctrl Pts',(-4.46985246166149,-2.28607031574345,0.));
#4850=CARTESIAN_POINT('Ctrl Pts',(-4.48333257097244,-2.30103536193861,0.));
#4851=CARTESIAN_POINT('Ctrl Pts',(-4.49669302572078,-2.31618302220247,0.));
#4852=CARTESIAN_POINT('Ctrl Pts',(-4.50992657838346,-2.3315224731367,0.));
#4853=CARTESIAN_POINT('Ctrl Pts',(-4.52302882914138,-2.34705844255283,0.));
#4854=CARTESIAN_POINT('Ctrl Pts',(-4.53600002670632,-2.36278833545073,0.));
#4855=CARTESIAN_POINT('Ctrl Pts',(-4.54884309218008,-2.3787053706892,0.));
#4856=CARTESIAN_POINT('Ctrl Pts',(-4.56156243589752,-2.39480045578521,0.));
#4857=CARTESIAN_POINT('Ctrl Pts',(-4.57416255784868,-2.41106440653791,0.));
#4858=CARTESIAN_POINT('Ctrl Pts',(-4.58664650517431,-2.42749039355109,0.));
#4859=CARTESIAN_POINT('Ctrl Pts',(-4.59901522344485,-2.44407496891941,0.));
#4860=CARTESIAN_POINT('Ctrl Pts',(-4.61126841082723,-2.46081670510648,0.));
#4861=CARTESIAN_POINT('Ctrl Pts',(-4.62340503356991,-2.47771537208238,0.));
#4862=CARTESIAN_POINT('Ctrl Pts',(-4.63542393358415,-2.49477096843868,0.));
#4863=CARTESIAN_POINT('Ctrl Pts',(-4.64732450430598,-2.51198264383538,0.));
#4864=CARTESIAN_POINT('Ctrl Pts',(-4.65910695209661,-2.52934828138251,0.));
#4865=CARTESIAN_POINT('Ctrl Pts',(-4.67077193619989,-2.54686506924505,0.));
#4866=CARTESIAN_POINT('Ctrl Pts',(-4.68232035550782,-2.56452983888511,0.));
#4867=CARTESIAN_POINT('Ctrl Pts',(-4.69375309585185,-2.58233946614593,0.));
#4868=CARTESIAN_POINT('Ctrl Pts',(-4.70507074970527,-2.60029131693065,0.));
#4869=CARTESIAN_POINT('Ctrl Pts',(-4.71627351344058,-2.61838340893768,0.));
#4870=CARTESIAN_POINT('Ctrl Pts',(-4.72736134162504,-2.63661416251809,0.));
#4871=CARTESIAN_POINT('Ctrl Pts',(-4.73833404094383,-2.65498224821267,0.));
#4872=CARTESIAN_POINT('Ctrl Pts',(-4.74919138116229,-2.67348640758766,0.));
#4873=CARTESIAN_POINT('Ctrl Pts',(-4.75993321905663,-2.69212525284677,0.));
#4874=CARTESIAN_POINT('Ctrl Pts',(-4.77055954746002,-2.710897188949,0.));
#4875=CARTESIAN_POINT('Ctrl Pts',(-4.78107043107746,-2.72980052026036,0.));
#4876=CARTESIAN_POINT('Ctrl Pts',(-4.79146596987257,-2.74883351302351,0.));
#4877=CARTESIAN_POINT('Ctrl Pts',(-4.80174625500687,-2.76799446931022,0.));
#4878=CARTESIAN_POINT('Ctrl Pts',(-4.81191132202827,-2.78728180809102,0.));
#4879=CARTESIAN_POINT('Ctrl Pts',(-4.82196112990655,-2.80669409693529,0.));
#4880=CARTESIAN_POINT('Ctrl Pts',(-4.83189558442419,-2.82623000042968,0.));
#4881=CARTESIAN_POINT('Ctrl Pts',(-4.84171455206634,-2.8458882463073,0.));
#4882=CARTESIAN_POINT('Ctrl Pts',(-4.85141787768841,-2.86566758663376,0.));
#4883=CARTESIAN_POINT('Ctrl Pts',(-4.86100540341423,-2.88556675301628,0.));
#4884=CARTESIAN_POINT('Ctrl Pts',(-4.87047698098267,-2.90558443780937,0.));
#4885=CARTESIAN_POINT('Ctrl Pts',(-4.87983246882023,-2.92571932844721,0.));
#4886=CARTESIAN_POINT('Ctrl Pts',(-4.8890717335851,-2.94597013042092,0.));
#4887=CARTESIAN_POINT('Ctrl Pts',(-4.89819465003003,-2.96633559173738,0.));
#4888=CARTESIAN_POINT('Ctrl Pts',(-4.90720110422535,-2.986814531241,0.));
#4889=CARTESIAN_POINT('Ctrl Pts',(-4.91609099057761,-3.00740584750099,0.));
#4890=CARTESIAN_POINT('Ctrl Pts',(-4.92486419330454,-3.02810847699278,0.));
#4891=CARTESIAN_POINT('Ctrl Pts',(-4.93352057082467,-3.04892135996308,0.));
#4892=CARTESIAN_POINT('Ctrl Pts',(-4.9420599413112,-3.0698434053072,0.));
#4893=CARTESIAN_POINT('Ctrl Pts',(-4.95048206502689,-3.09087344827482,0.));
#4894=CARTESIAN_POINT('Ctrl Pts',(-4.95878663961571,-3.11201023092575,0.));
#4895=CARTESIAN_POINT('Ctrl Pts',(-4.96697334595339,-3.1332524783125,0.));
#4896=CARTESIAN_POINT('Ctrl Pts',(-4.9750418877969,-3.15459896028009,0.));
#4897=CARTESIAN_POINT('Ctrl Pts',(-4.9829920333383,-3.17604855688892,0.));
#4898=CARTESIAN_POINT('Ctrl Pts',(-4.99082366014651,-3.19760032462383,0.));
#4899=CARTESIAN_POINT('Ctrl Pts',(-4.99853679024226,-3.2192535530751,0.));
#4900=CARTESIAN_POINT('Ctrl Pts',(-5.00613153103889,-3.24100773409275,0.));
#4901=CARTESIAN_POINT('Ctrl Pts',(-5.01211272664594,-3.25849157766874,0.));
#4902=CARTESIAN_POINT('Ctrl Pts',(-5.0165454692911,-3.27164966137783,0.));
#4903=CARTESIAN_POINT('Ctrl Pts',(-5.01947701488453,-3.28044179986449,0.));
#4904=CARTESIAN_POINT('Ctrl Pts',(-5.02093688363814,-3.28484288977755,0.));
#4905=CARTESIAN_POINT('Ctrl Pts',(-4.21768703977738,-2.0704278720789,3.));
#4906=CARTESIAN_POINT('Ctrl Pts',(-4.2211312975473,-2.07211862988483,3.));
#4907=CARTESIAN_POINT('Ctrl Pts',(-4.22795516561798,-2.07561273737652,3.));
#4908=CARTESIAN_POINT('Ctrl Pts',(-4.23799702753447,-2.08119167061284,3.));
#4909=CARTESIAN_POINT('Ctrl Pts',(-4.25101781753033,-2.08927324316061,3.));
#4910=CARTESIAN_POINT('Ctrl Pts',(-4.26679291843461,-2.1002579210933,3.));
#4911=CARTESIAN_POINT('Ctrl Pts',(-4.28221059619558,-2.11188471876958,3.));
#4912=CARTESIAN_POINT('Ctrl Pts',(-4.29741193427593,-2.123915637796,3.));
#4913=CARTESIAN_POINT('Ctrl Pts',(-4.31250059512112,-2.13617319200855,3.));
#4914=CARTESIAN_POINT('Ctrl Pts',(-4.32751397783927,-2.14858815700962,3.));
#4915=CARTESIAN_POINT('Ctrl Pts',(-4.34244524077883,-2.16116386374027,3.));
#4916=CARTESIAN_POINT('Ctrl Pts',(-4.35726102100771,-2.17394756393591,3.));
#4917=CARTESIAN_POINT('Ctrl Pts',(-4.37192001810692,-2.18700034911678,3.));
#4918=CARTESIAN_POINT('Ctrl Pts',(-4.38639292709531,-2.20036492539022,3.));
#4919=CARTESIAN_POINT('Ctrl Pts',(-4.40067650485429,-2.21404281309615,3.));
#4920=CARTESIAN_POINT('Ctrl Pts',(-4.41478333282944,-2.2280106420575,3.));
#4921=CARTESIAN_POINT('Ctrl Pts',(-4.42873509731686,-2.24223078362528,3.));
#4922=CARTESIAN_POINT('Ctrl Pts',(-4.44255492624483,-2.25666351143909,3.));
#4923=CARTESIAN_POINT('Ctrl Pts',(-4.45625914497229,-2.2712800723411,3.));
#4924=CARTESIAN_POINT('Ctrl Pts',(-4.46985246166149,-2.28607031574345,3.));
#4925=CARTESIAN_POINT('Ctrl Pts',(-4.48333257097244,-2.30103536193861,3.));
#4926=CARTESIAN_POINT('Ctrl Pts',(-4.49669302572078,-2.31618302220247,3.));
#4927=CARTESIAN_POINT('Ctrl Pts',(-4.50992657838346,-2.3315224731367,3.));
#4928=CARTESIAN_POINT('Ctrl Pts',(-4.52302882914138,-2.34705844255283,3.));
#4929=CARTESIAN_POINT('Ctrl Pts',(-4.53600002670632,-2.36278833545073,3.));
#4930=CARTESIAN_POINT('Ctrl Pts',(-4.54884309218008,-2.3787053706892,3.));
#4931=CARTESIAN_POINT('Ctrl Pts',(-4.56156243589752,-2.39480045578521,3.));
#4932=CARTESIAN_POINT('Ctrl Pts',(-4.57416255784868,-2.41106440653791,3.));
#4933=CARTESIAN_POINT('Ctrl Pts',(-4.58664650517431,-2.42749039355109,3.));
#4934=CARTESIAN_POINT('Ctrl Pts',(-4.59901522344485,-2.44407496891941,3.));
#4935=CARTESIAN_POINT('Ctrl Pts',(-4.61126841082723,-2.46081670510648,3.));
#4936=CARTESIAN_POINT('Ctrl Pts',(-4.62340503356991,-2.47771537208238,3.));
#4937=CARTESIAN_POINT('Ctrl Pts',(-4.63542393358415,-2.49477096843868,3.));
#4938=CARTESIAN_POINT('Ctrl Pts',(-4.64732450430598,-2.51198264383538,3.));
#4939=CARTESIAN_POINT('Ctrl Pts',(-4.65910695209661,-2.52934828138251,3.));
#4940=CARTESIAN_POINT('Ctrl Pts',(-4.67077193619989,-2.54686506924505,3.));
#4941=CARTESIAN_POINT('Ctrl Pts',(-4.68232035550782,-2.56452983888511,3.));
#4942=CARTESIAN_POINT('Ctrl Pts',(-4.69375309585185,-2.58233946614593,3.));
#4943=CARTESIAN_POINT('Ctrl Pts',(-4.70507074970527,-2.60029131693065,3.));
#4944=CARTESIAN_POINT('Ctrl Pts',(-4.71627351344058,-2.61838340893768,3.));
#4945=CARTESIAN_POINT('Ctrl Pts',(-4.72736134162504,-2.63661416251809,3.));
#4946=CARTESIAN_POINT('Ctrl Pts',(-4.73833404094383,-2.65498224821267,3.));
#4947=CARTESIAN_POINT('Ctrl Pts',(-4.74919138116229,-2.67348640758766,3.));
#4948=CARTESIAN_POINT('Ctrl Pts',(-4.75993321905663,-2.69212525284677,3.));
#4949=CARTESIAN_POINT('Ctrl Pts',(-4.77055954746002,-2.710897188949,3.));
#4950=CARTESIAN_POINT('Ctrl Pts',(-4.78107043107746,-2.72980052026036,3.));
#4951=CARTESIAN_POINT('Ctrl Pts',(-4.79146596987257,-2.74883351302351,3.));
#4952=CARTESIAN_POINT('Ctrl Pts',(-4.80174625500687,-2.76799446931022,3.));
#4953=CARTESIAN_POINT('Ctrl Pts',(-4.81191132202827,-2.78728180809102,3.));
#4954=CARTESIAN_POINT('Ctrl Pts',(-4.82196112990655,-2.80669409693529,3.));
#4955=CARTESIAN_POINT('Ctrl Pts',(-4.83189558442419,-2.82623000042968,3.));
#4956=CARTESIAN_POINT('Ctrl Pts',(-4.84171455206634,-2.8458882463073,3.));
#4957=CARTESIAN_POINT('Ctrl Pts',(-4.85141787768841,-2.86566758663376,3.));
#4958=CARTESIAN_POINT('Ctrl Pts',(-4.86100540341423,-2.88556675301628,3.));
#4959=CARTESIAN_POINT('Ctrl Pts',(-4.87047698098267,-2.90558443780937,3.));
#4960=CARTESIAN_POINT('Ctrl Pts',(-4.87983246882023,-2.92571932844721,3.));
#4961=CARTESIAN_POINT('Ctrl Pts',(-4.8890717335851,-2.94597013042092,3.));
#4962=CARTESIAN_POINT('Ctrl Pts',(-4.89819465003003,-2.96633559173738,3.));
#4963=CARTESIAN_POINT('Ctrl Pts',(-4.90720110422535,-2.986814531241,3.));
#4964=CARTESIAN_POINT('Ctrl Pts',(-4.91609099057761,-3.00740584750099,3.));
#4965=CARTESIAN_POINT('Ctrl Pts',(-4.92486419330454,-3.02810847699278,3.));
#4966=CARTESIAN_POINT('Ctrl Pts',(-4.93352057082467,-3.04892135996308,3.));
#4967=CARTESIAN_POINT('Ctrl Pts',(-4.9420599413112,-3.0698434053072,3.));
#4968=CARTESIAN_POINT('Ctrl Pts',(-4.95048206502689,-3.09087344827482,3.));
#4969=CARTESIAN_POINT('Ctrl Pts',(-4.95878663961571,-3.11201023092575,3.));
#4970=CARTESIAN_POINT('Ctrl Pts',(-4.96697334595339,-3.1332524783125,3.));
#4971=CARTESIAN_POINT('Ctrl Pts',(-4.9750418877969,-3.15459896028009,3.));
#4972=CARTESIAN_POINT('Ctrl Pts',(-4.9829920333383,-3.17604855688892,3.));
#4973=CARTESIAN_POINT('Ctrl Pts',(-4.99082366014651,-3.19760032462383,3.));
#4974=CARTESIAN_POINT('Ctrl Pts',(-4.99853679024226,-3.2192535530751,3.));
#4975=CARTESIAN_POINT('Ctrl Pts',(-5.00613153103889,-3.24100773409275,3.));
#4976=CARTESIAN_POINT('Ctrl Pts',(-5.01211272664594,-3.25849157766874,3.));
#4977=CARTESIAN_POINT('Ctrl Pts',(-5.0165454692911,-3.27164966137783,3.));
#4978=CARTESIAN_POINT('Ctrl Pts',(-5.01947701488453,-3.28044179986449,3.));
#4979=CARTESIAN_POINT('Ctrl Pts',(-5.02093688363814,-3.28484288977755,3.));
#4980=CARTESIAN_POINT('Ctrl Pts',(-5.99280547325628,-0.293738931212078,
0.));
#4981=CARTESIAN_POINT('Ctrl Pts',(-5.99280547325628,-0.293738931212078,
3.));
#4982=CARTESIAN_POINT('Ctrl Pts',(-5.98903751888015,-0.296441398421859,
0.));
#4983=CARTESIAN_POINT('Ctrl Pts',(-5.98903751888015,-0.296441398421859,
3.));
#4984=CARTESIAN_POINT('Ctrl Pts',(-5.9814979593367,-0.301831268608225,0.));
#4985=CARTESIAN_POINT('Ctrl Pts',(-5.9814979593367,-0.301831268608225,3.));
#4986=CARTESIAN_POINT('Ctrl Pts',(-5.97017766765244,-0.309870881188257,
0.));
#4987=CARTESIAN_POINT('Ctrl Pts',(-5.97017766765244,-0.309870881188257,
3.));
#4988=CARTESIAN_POINT('Ctrl Pts',(-5.9550620333523,-0.320499949199328,0.));
#4989=CARTESIAN_POINT('Ctrl Pts',(-5.9550620333523,-0.320499949199328,3.));
#4990=CARTESIAN_POINT('Ctrl Pts',(-5.93613097220208,-0.33363537470607,0.));
#4991=CARTESIAN_POINT('Ctrl Pts',(-5.93613097220208,-0.33363537470607,3.));
#4992=CARTESIAN_POINT('Ctrl Pts',(-5.91716347052661,-0.346619540386933,
0.));
#4993=CARTESIAN_POINT('Ctrl Pts',(-5.91716347052661,-0.346619540386933,
3.));
#4994=CARTESIAN_POINT('Ctrl Pts',(-5.89815974010976,-0.359451972003969,
0.));
#4995=CARTESIAN_POINT('Ctrl Pts',(-5.89815974010976,-0.359451972003969,
3.));
#4996=CARTESIAN_POINT('Ctrl Pts',(-5.87912018070472,-0.37213208188019,0.));
#4997=CARTESIAN_POINT('Ctrl Pts',(-5.87912018070472,-0.37213208188019,3.));
#4998=CARTESIAN_POINT('Ctrl Pts',(-5.86004544594462,-0.38465917865897,0.));
#4999=CARTESIAN_POINT('Ctrl Pts',(-5.86004544594462,-0.38465917865897,3.));
#5000=CARTESIAN_POINT('Ctrl Pts',(-5.84093638164999,-0.397032492543428,
0.));
#5001=CARTESIAN_POINT('Ctrl Pts',(-5.84093638164999,-0.397032492543428,
3.));
#5002=CARTESIAN_POINT('Ctrl Pts',(-5.82179395055346,-0.409251202444567,
0.));
#5003=CARTESIAN_POINT('Ctrl Pts',(-5.82179395055346,-0.409251202444567,
3.));
#5004=CARTESIAN_POINT('Ctrl Pts',(-5.80261916022729,-0.421314464484744,
0.));
#5005=CARTESIAN_POINT('Ctrl Pts',(-5.80261916022729,-0.421314464484744,
3.));
#5006=CARTESIAN_POINT('Ctrl Pts',(-5.78341299468135,-0.433221438689376,
0.));
#5007=CARTESIAN_POINT('Ctrl Pts',(-5.78341299468135,-0.433221438689376,
3.));
#5008=CARTESIAN_POINT('Ctrl Pts',(-5.76417633249022,-0.444971323669676,
0.));
#5009=CARTESIAN_POINT('Ctrl Pts',(-5.76417633249022,-0.444971323669676,
3.));
#5010=CARTESIAN_POINT('Ctrl Pts',(-5.74490996209009,-0.456563343578521,
0.));
#5011=CARTESIAN_POINT('Ctrl Pts',(-5.74490996209009,-0.456563343578521,
3.));
#5012=CARTESIAN_POINT('Ctrl Pts',(-5.72561462093013,-0.467996724276986,
0.));
#5013=CARTESIAN_POINT('Ctrl Pts',(-5.72561462093013,-0.467996724276986,
3.));
#5014=CARTESIAN_POINT('Ctrl Pts',(-5.70629102780424,-0.479270673410736,
0.));
#5015=CARTESIAN_POINT('Ctrl Pts',(-5.70629102780424,-0.479270673410736,
3.));
#5016=CARTESIAN_POINT('Ctrl Pts',(-5.68693991554408,-0.490384361969814,
0.));
#5017=CARTESIAN_POINT('Ctrl Pts',(-5.68693991554408,-0.490384361969814,
3.));
#5018=CARTESIAN_POINT('Ctrl Pts',(-5.66756207058653,-0.501336901345444,
0.));
#5019=CARTESIAN_POINT('Ctrl Pts',(-5.66756207058653,-0.501336901345444,
3.));
#5020=CARTESIAN_POINT('Ctrl Pts',(-5.64815833016183,-0.51212735227242,0.));
#5021=CARTESIAN_POINT('Ctrl Pts',(-5.64815833016183,-0.51212735227242,3.));
#5022=CARTESIAN_POINT('Ctrl Pts',(-5.62872956303901,-0.522754745847402,
0.));
#5023=CARTESIAN_POINT('Ctrl Pts',(-5.62872956303901,-0.522754745847402,
3.));
#5024=CARTESIAN_POINT('Ctrl Pts',(-5.60927665526025,-0.533218103397139,
0.));
#5025=CARTESIAN_POINT('Ctrl Pts',(-5.60927665526025,-0.533218103397139,
3.));
#5026=CARTESIAN_POINT('Ctrl Pts',(-5.58980049538608,-0.543516454159928,
0.));
#5027=CARTESIAN_POINT('Ctrl Pts',(-5.58980049538608,-0.543516454159928,
3.));
#5028=CARTESIAN_POINT('Ctrl Pts',(-5.57030195668355,-0.553648864781733,
0.));
#5029=CARTESIAN_POINT('Ctrl Pts',(-5.57030195668355,-0.553648864781733,
3.));
#5030=CARTESIAN_POINT('Ctrl Pts',(-5.55078189818472,-0.56361441685412,0.));
#5031=CARTESIAN_POINT('Ctrl Pts',(-5.55078189818472,-0.56361441685412,3.));
#5032=CARTESIAN_POINT('Ctrl Pts',(-5.53124117572509,-0.573412159569623,
0.));
#5033=CARTESIAN_POINT('Ctrl Pts',(-5.53124117572509,-0.573412159569623,
3.));
#5034=CARTESIAN_POINT('Ctrl Pts',(-5.5116806504645,-0.583041067935819,0.));
#5035=CARTESIAN_POINT('Ctrl Pts',(-5.5116806504645,-0.583041067935819,3.));
#5036=CARTESIAN_POINT('Ctrl Pts',(-5.49210119755868,-0.592500007208941,
0.));
#5037=CARTESIAN_POINT('Ctrl Pts',(-5.49210119755868,-0.592500007208941,
3.));
#5038=CARTESIAN_POINT('Ctrl Pts',(-5.47250371755458,-0.601787677414747,
0.));
#5039=CARTESIAN_POINT('Ctrl Pts',(-5.47250371755458,-0.601787677414747,
3.));
#5040=CARTESIAN_POINT('Ctrl Pts',(-5.45288913471817,-0.610902651317037,
0.));
#5041=CARTESIAN_POINT('Ctrl Pts',(-5.45288913471817,-0.610902651317037,
3.));
#5042=CARTESIAN_POINT('Ctrl Pts',(-5.43325838725414,-0.619843467519538,
0.));
#5043=CARTESIAN_POINT('Ctrl Pts',(-5.43325838725414,-0.619843467519538,
3.));
#5044=CARTESIAN_POINT('Ctrl Pts',(-5.41361241948373,-0.628608716192876,
0.));
#5045=CARTESIAN_POINT('Ctrl Pts',(-5.41361241948373,-0.628608716192876,
3.));
#5046=CARTESIAN_POINT('Ctrl Pts',(-5.3939521747466,-0.637197111134322,0.));
#5047=CARTESIAN_POINT('Ctrl Pts',(-5.3939521747466,-0.637197111134322,3.));
#5048=CARTESIAN_POINT('Ctrl Pts',(-5.37427858463941,-0.645607613777952,
0.));
#5049=CARTESIAN_POINT('Ctrl Pts',(-5.37427858463941,-0.645607613777952,
3.));
#5050=CARTESIAN_POINT('Ctrl Pts',(-5.35459257511472,-0.653839341357989,
0.));
#5051=CARTESIAN_POINT('Ctrl Pts',(-5.35459257511472,-0.653839341357989,
3.));
#5052=CARTESIAN_POINT('Ctrl Pts',(-5.33489508400405,-0.661891331946935,
0.));
#5053=CARTESIAN_POINT('Ctrl Pts',(-5.33489508400405,-0.661891331946935,
3.));
#5054=CARTESIAN_POINT('Ctrl Pts',(-5.31518707655757,-0.669762334286664,
0.));
#5055=CARTESIAN_POINT('Ctrl Pts',(-5.31518707655757,-0.669762334286664,
3.));
#5056=CARTESIAN_POINT('Ctrl Pts',(-5.29546955907424,-0.677450629236646,
0.));
#5057=CARTESIAN_POINT('Ctrl Pts',(-5.29546955907424,-0.677450629236646,
3.));
#5058=CARTESIAN_POINT('Ctrl Pts',(-5.27574360051638,-0.684953737520678,
0.));
#5059=CARTESIAN_POINT('Ctrl Pts',(-5.27574360051638,-0.684953737520678,
3.));
#5060=CARTESIAN_POINT('Ctrl Pts',(-5.25601032056457,-0.6922686109642,0.));
#5061=CARTESIAN_POINT('Ctrl Pts',(-5.25601032056457,-0.6922686109642,3.));
#5062=CARTESIAN_POINT('Ctrl Pts',(-5.23627085441976,-0.699392157810748,
0.));
#5063=CARTESIAN_POINT('Ctrl Pts',(-5.23627085441976,-0.699392157810748,
3.));
#5064=CARTESIAN_POINT('Ctrl Pts',(-5.21652632149761,-0.706321715744192,
0.));
#5065=CARTESIAN_POINT('Ctrl Pts',(-5.21652632149761,-0.706321715744192,
3.));
#5066=CARTESIAN_POINT('Ctrl Pts',(-5.19677779912512,-0.713055450868487,
0.));
#5067=CARTESIAN_POINT('Ctrl Pts',(-5.19677779912512,-0.713055450868487,
3.));
#5068=CARTESIAN_POINT('Ctrl Pts',(-5.17702627784013,-0.71959303177349,0.));
#5069=CARTESIAN_POINT('Ctrl Pts',(-5.17702627784013,-0.71959303177349,3.));
#5070=CARTESIAN_POINT('Ctrl Pts',(-5.15727269538399,-0.725935138027231,
0.));
#5071=CARTESIAN_POINT('Ctrl Pts',(-5.15727269538399,-0.725935138027231,
3.));
#5072=CARTESIAN_POINT('Ctrl Pts',(-5.13751802328746,-0.732082191155507,
0.));
#5073=CARTESIAN_POINT('Ctrl Pts',(-5.13751802328746,-0.732082191155507,
3.));
#5074=CARTESIAN_POINT('Ctrl Pts',(-5.11776334482345,-0.738033213670158,
0.));
#5075=CARTESIAN_POINT('Ctrl Pts',(-5.11776334482345,-0.738033213670158,
3.));
#5076=CARTESIAN_POINT('Ctrl Pts',(-5.09800992163732,-0.743784860364784,
0.));
#5077=CARTESIAN_POINT('Ctrl Pts',(-5.09800992163732,-0.743784860364784,
3.));
#5078=CARTESIAN_POINT('Ctrl Pts',(-5.07825930275879,-0.74932981507742,0.));
#5079=CARTESIAN_POINT('Ctrl Pts',(-5.07825930275879,-0.74932981507742,3.));
#5080=CARTESIAN_POINT('Ctrl Pts',(-5.05851324595724,-0.754658002605705,
0.));
#5081=CARTESIAN_POINT('Ctrl Pts',(-5.05851324595724,-0.754658002605705,
3.));
#5082=CARTESIAN_POINT('Ctrl Pts',(-5.0387735276243,-0.759759474646559,0.));
#5083=CARTESIAN_POINT('Ctrl Pts',(-5.0387735276243,-0.759759474646559,3.));
#5084=CARTESIAN_POINT('Ctrl Pts',(-5.01904177039371,-0.764627028160959,
0.));
#5085=CARTESIAN_POINT('Ctrl Pts',(-5.01904177039371,-0.764627028160959,
3.));
#5086=CARTESIAN_POINT('Ctrl Pts',(-4.99931929835623,-0.769258417560566,
0.));
#5087=CARTESIAN_POINT('Ctrl Pts',(-4.99931929835623,-0.769258417560566,
3.));
#5088=CARTESIAN_POINT('Ctrl Pts',(-4.97960689210242,-0.773660053874052,
0.));
#5089=CARTESIAN_POINT('Ctrl Pts',(-4.97960689210242,-0.773660053874052,
3.));
#5090=CARTESIAN_POINT('Ctrl Pts',(-4.95990502113044,-0.777843621115276,
0.));
#5091=CARTESIAN_POINT('Ctrl Pts',(-4.95990502113044,-0.777843621115276,
3.));
#5092=CARTESIAN_POINT('Ctrl Pts',(-4.94021430996924,-0.781819228299066,
0.));
#5093=CARTESIAN_POINT('Ctrl Pts',(-4.94021430996924,-0.781819228299066,
3.));
#5094=CARTESIAN_POINT('Ctrl Pts',(-4.92053596518665,-0.785589136805918,
0.));
#5095=CARTESIAN_POINT('Ctrl Pts',(-4.92053596518665,-0.785589136805918,
3.));
#5096=CARTESIAN_POINT('Ctrl Pts',(-4.90087214416526,-0.78914236724941,0.));
#5097=CARTESIAN_POINT('Ctrl Pts',(-4.90087214416526,-0.78914236724941,3.));
#5098=CARTESIAN_POINT('Ctrl Pts',(-4.88122654009437,-0.792446062031001,
0.));
#5099=CARTESIAN_POINT('Ctrl Pts',(-4.88122654009437,-0.792446062031001,
3.));
#5100=CARTESIAN_POINT('Ctrl Pts',(-4.86160379265572,-0.795454487594835,
0.));
#5101=CARTESIAN_POINT('Ctrl Pts',(-4.86160379265572,-0.795454487594835,
3.));
#5102=CARTESIAN_POINT('Ctrl Pts',(-4.84200847483217,-0.798124454839387,
0.));
#5103=CARTESIAN_POINT('Ctrl Pts',(-4.84200847483217,-0.798124454839387,
3.));
#5104=CARTESIAN_POINT('Ctrl Pts',(-4.82244414466586,-0.800429661706065,
0.));
#5105=CARTESIAN_POINT('Ctrl Pts',(-4.82244414466586,-0.800429661706065,
3.));
#5106=CARTESIAN_POINT('Ctrl Pts',(-4.80291253226145,-0.802373244433007,
0.));
#5107=CARTESIAN_POINT('Ctrl Pts',(-4.80291253226145,-0.802373244433007,
3.));
#5108=CARTESIAN_POINT('Ctrl Pts',(-4.78341224382663,-0.804006978022531,
0.));
#5109=CARTESIAN_POINT('Ctrl Pts',(-4.78341224382663,-0.804006978022531,
3.));
#5110=CARTESIAN_POINT('Ctrl Pts',(-4.76394078340762,-0.80540456232993,0.));
#5111=CARTESIAN_POINT('Ctrl Pts',(-4.76394078340762,-0.80540456232993,3.));
#5112=CARTESIAN_POINT('Ctrl Pts',(-4.74449736831022,-0.806623835051613,
0.));
#5113=CARTESIAN_POINT('Ctrl Pts',(-4.74449736831022,-0.806623835051613,
3.));
#5114=CARTESIAN_POINT('Ctrl Pts',(-4.72508557566879,-0.807671512397397,
0.));
#5115=CARTESIAN_POINT('Ctrl Pts',(-4.72508557566879,-0.807671512397397,
3.));
#5116=CARTESIAN_POINT('Ctrl Pts',(-4.7057158380493,-0.808469608008973,0.));
#5117=CARTESIAN_POINT('Ctrl Pts',(-4.7057158380493,-0.808469608008973,3.));
#5118=CARTESIAN_POINT('Ctrl Pts',(-4.68640861452137,-0.80881360130675,0.));
#5119=CARTESIAN_POINT('Ctrl Pts',(-4.68640861452137,-0.80881360130675,3.));
#5120=CARTESIAN_POINT('Ctrl Pts',(-4.66718965811181,-0.80842802076707,0.));
#5121=CARTESIAN_POINT('Ctrl Pts',(-4.66718965811181,-0.80842802076707,3.));
#5122=CARTESIAN_POINT('Ctrl Pts',(-4.65190538856606,-0.807312721966721,
0.));
#5123=CARTESIAN_POINT('Ctrl Pts',(-4.65190538856606,-0.807312721966721,
3.));
#5124=CARTESIAN_POINT('Ctrl Pts',(-4.64050213694062,-0.805923715425317,
0.));
#5125=CARTESIAN_POINT('Ctrl Pts',(-4.64050213694062,-0.805923715425317,
3.));
#5126=CARTESIAN_POINT('Ctrl Pts',(-4.63292772685053,-0.804739538750734,
0.));
#5127=CARTESIAN_POINT('Ctrl Pts',(-4.63292772685053,-0.804739538750734,
3.));
#5128=CARTESIAN_POINT('Ctrl Pts',(-4.62914746127813,-0.804082906626848,
0.));
#5129=CARTESIAN_POINT('Ctrl Pts',(-4.62914746127813,-0.804082906626848,
3.));
#5130=CARTESIAN_POINT('',(-5.99280547325628,-0.293738931212066,0.));
#5131=CARTESIAN_POINT('Ctrl Pts',(-4.62914746127813,-0.804082906626848,
0.));
#5132=CARTESIAN_POINT('Ctrl Pts',(-4.63292772685053,-0.804739538750734,
0.));
#5133=CARTESIAN_POINT('Ctrl Pts',(-4.64050213694062,-0.805923715425317,
0.));
#5134=CARTESIAN_POINT('Ctrl Pts',(-4.65190538856606,-0.807312721966721,
0.));
#5135=CARTESIAN_POINT('Ctrl Pts',(-4.66718965811181,-0.80842802076707,0.));
#5136=CARTESIAN_POINT('Ctrl Pts',(-4.68640861452137,-0.80881360130675,0.));
#5137=CARTESIAN_POINT('Ctrl Pts',(-4.7057158380493,-0.808469608008973,0.));
#5138=CARTESIAN_POINT('Ctrl Pts',(-4.72508557566879,-0.807671512397397,
0.));
#5139=CARTESIAN_POINT('Ctrl Pts',(-4.74449736831022,-0.806623835051613,
0.));
#5140=CARTESIAN_POINT('Ctrl Pts',(-4.76394078340762,-0.80540456232993,0.));
#5141=CARTESIAN_POINT('Ctrl Pts',(-4.78341224382663,-0.804006978022531,
0.));
#5142=CARTESIAN_POINT('Ctrl Pts',(-4.80291253226145,-0.802373244433007,
0.));
#5143=CARTESIAN_POINT('Ctrl Pts',(-4.82244414466586,-0.800429661706065,
0.));
#5144=CARTESIAN_POINT('Ctrl Pts',(-4.84200847483217,-0.798124454839387,
0.));
#5145=CARTESIAN_POINT('Ctrl Pts',(-4.86160379265572,-0.795454487594835,
0.));
#5146=CARTESIAN_POINT('Ctrl Pts',(-4.88122654009437,-0.792446062031001,
0.));
#5147=CARTESIAN_POINT('Ctrl Pts',(-4.90087214416526,-0.78914236724941,0.));
#5148=CARTESIAN_POINT('Ctrl Pts',(-4.92053596518665,-0.785589136805918,
0.));
#5149=CARTESIAN_POINT('Ctrl Pts',(-4.94021430996924,-0.781819228299066,
0.));
#5150=CARTESIAN_POINT('Ctrl Pts',(-4.95990502113044,-0.777843621115276,
0.));
#5151=CARTESIAN_POINT('Ctrl Pts',(-4.97960689210242,-0.773660053874052,
0.));
#5152=CARTESIAN_POINT('Ctrl Pts',(-4.99931929835623,-0.769258417560566,
0.));
#5153=CARTESIAN_POINT('Ctrl Pts',(-5.01904177039371,-0.764627028160959,
0.));
#5154=CARTESIAN_POINT('Ctrl Pts',(-5.0387735276243,-0.759759474646559,0.));
#5155=CARTESIAN_POINT('Ctrl Pts',(-5.05851324595724,-0.754658002605705,
0.));
#5156=CARTESIAN_POINT('Ctrl Pts',(-5.07825930275879,-0.74932981507742,0.));
#5157=CARTESIAN_POINT('Ctrl Pts',(-5.09800992163732,-0.743784860364784,
0.));
#5158=CARTESIAN_POINT('Ctrl Pts',(-5.11776334482345,-0.738033213670158,
0.));
#5159=CARTESIAN_POINT('Ctrl Pts',(-5.13751802328746,-0.732082191155507,
0.));
#5160=CARTESIAN_POINT('Ctrl Pts',(-5.15727269538399,-0.725935138027231,
0.));
#5161=CARTESIAN_POINT('Ctrl Pts',(-5.17702627784013,-0.71959303177349,0.));
#5162=CARTESIAN_POINT('Ctrl Pts',(-5.19677779912512,-0.713055450868487,
0.));
#5163=CARTESIAN_POINT('Ctrl Pts',(-5.21652632149761,-0.706321715744192,
0.));
#5164=CARTESIAN_POINT('Ctrl Pts',(-5.23627085441976,-0.699392157810748,
0.));
#5165=CARTESIAN_POINT('Ctrl Pts',(-5.25601032056457,-0.6922686109642,0.));
#5166=CARTESIAN_POINT('Ctrl Pts',(-5.27574360051638,-0.684953737520678,
0.));
#5167=CARTESIAN_POINT('Ctrl Pts',(-5.29546955907424,-0.677450629236646,
0.));
#5168=CARTESIAN_POINT('Ctrl Pts',(-5.31518707655757,-0.669762334286664,
0.));
#5169=CARTESIAN_POINT('Ctrl Pts',(-5.33489508400405,-0.661891331946935,
0.));
#5170=CARTESIAN_POINT('Ctrl Pts',(-5.35459257511472,-0.653839341357989,
0.));
#5171=CARTESIAN_POINT('Ctrl Pts',(-5.37427858463941,-0.645607613777952,
0.));
#5172=CARTESIAN_POINT('Ctrl Pts',(-5.3939521747466,-0.637197111134322,0.));
#5173=CARTESIAN_POINT('Ctrl Pts',(-5.41361241948373,-0.628608716192876,
0.));
#5174=CARTESIAN_POINT('Ctrl Pts',(-5.43325838725414,-0.619843467519538,
0.));
#5175=CARTESIAN_POINT('Ctrl Pts',(-5.45288913471817,-0.610902651317037,
0.));
#5176=CARTESIAN_POINT('Ctrl Pts',(-5.47250371755458,-0.601787677414747,
0.));
#5177=CARTESIAN_POINT('Ctrl Pts',(-5.49210119755868,-0.592500007208941,
0.));
#5178=CARTESIAN_POINT('Ctrl Pts',(-5.5116806504645,-0.583041067935819,0.));
#5179=CARTESIAN_POINT('Ctrl Pts',(-5.53124117572509,-0.573412159569623,
0.));
#5180=CARTESIAN_POINT('Ctrl Pts',(-5.55078189818472,-0.56361441685412,0.));
#5181=CARTESIAN_POINT('Ctrl Pts',(-5.57030195668355,-0.553648864781733,
0.));
#5182=CARTESIAN_POINT('Ctrl Pts',(-5.58980049538608,-0.543516454159928,
0.));
#5183=CARTESIAN_POINT('Ctrl Pts',(-5.60927665526025,-0.533218103397139,
0.));
#5184=CARTESIAN_POINT('Ctrl Pts',(-5.62872956303901,-0.522754745847402,
0.));
#5185=CARTESIAN_POINT('Ctrl Pts',(-5.64815833016183,-0.51212735227242,0.));
#5186=CARTESIAN_POINT('Ctrl Pts',(-5.66756207058653,-0.501336901345444,
0.));
#5187=CARTESIAN_POINT('Ctrl Pts',(-5.68693991554408,-0.490384361969814,
0.));
#5188=CARTESIAN_POINT('Ctrl Pts',(-5.70629102780424,-0.479270673410736,
0.));
#5189=CARTESIAN_POINT('Ctrl Pts',(-5.72561462093013,-0.467996724276986,
0.));
#5190=CARTESIAN_POINT('Ctrl Pts',(-5.74490996209009,-0.456563343578521,
0.));
#5191=CARTESIAN_POINT('Ctrl Pts',(-5.76417633249022,-0.444971323669676,
0.));
#5192=CARTESIAN_POINT('Ctrl Pts',(-5.78341299468135,-0.433221438689376,
0.));
#5193=CARTESIAN_POINT('Ctrl Pts',(-5.80261916022729,-0.421314464484744,
0.));
#5194=CARTESIAN_POINT('Ctrl Pts',(-5.82179395055346,-0.409251202444567,
0.));
#5195=CARTESIAN_POINT('Ctrl Pts',(-5.84093638164999,-0.397032492543428,
0.));
#5196=CARTESIAN_POINT('Ctrl Pts',(-5.86004544594462,-0.38465917865897,0.));
#5197=CARTESIAN_POINT('Ctrl Pts',(-5.87912018070472,-0.37213208188019,0.));
#5198=CARTESIAN_POINT('Ctrl Pts',(-5.89815974010976,-0.359451972003969,
0.));
#5199=CARTESIAN_POINT('Ctrl Pts',(-5.91716347052661,-0.346619540386933,
0.));
#5200=CARTESIAN_POINT('Ctrl Pts',(-5.93613097220208,-0.33363537470607,0.));
#5201=CARTESIAN_POINT('Ctrl Pts',(-5.9550620333523,-0.320499949199328,0.));
#5202=CARTESIAN_POINT('Ctrl Pts',(-5.97017766765244,-0.309870881188257,
0.));
#5203=CARTESIAN_POINT('Ctrl Pts',(-5.9814979593367,-0.301831268608225,0.));
#5204=CARTESIAN_POINT('Ctrl Pts',(-5.98903751888015,-0.296441398421859,
0.));
#5205=CARTESIAN_POINT('Ctrl Pts',(-5.99280547325628,-0.293738931212078,
0.));
#5206=CARTESIAN_POINT('',(-5.99280547325628,-0.293738931212066,3.));
#5207=CARTESIAN_POINT('Ctrl Pts',(-5.99280547325628,-0.293738931212078,
3.));
#5208=CARTESIAN_POINT('Ctrl Pts',(-5.98903751888015,-0.296441398421859,
3.));
#5209=CARTESIAN_POINT('Ctrl Pts',(-5.9814979593367,-0.301831268608225,3.));
#5210=CARTESIAN_POINT('Ctrl Pts',(-5.97017766765244,-0.309870881188257,
3.));
#5211=CARTESIAN_POINT('Ctrl Pts',(-5.9550620333523,-0.320499949199328,3.));
#5212=CARTESIAN_POINT('Ctrl Pts',(-5.93613097220208,-0.33363537470607,3.));
#5213=CARTESIAN_POINT('Ctrl Pts',(-5.91716347052661,-0.346619540386933,
3.));
#5214=CARTESIAN_POINT('Ctrl Pts',(-5.89815974010976,-0.359451972003969,
3.));
#5215=CARTESIAN_POINT('Ctrl Pts',(-5.87912018070472,-0.37213208188019,3.));
#5216=CARTESIAN_POINT('Ctrl Pts',(-5.86004544594462,-0.38465917865897,3.));
#5217=CARTESIAN_POINT('Ctrl Pts',(-5.84093638164999,-0.397032492543428,
3.));
#5218=CARTESIAN_POINT('Ctrl Pts',(-5.82179395055346,-0.409251202444567,
3.));
#5219=CARTESIAN_POINT('Ctrl Pts',(-5.80261916022729,-0.421314464484744,
3.));
#5220=CARTESIAN_POINT('Ctrl Pts',(-5.78341299468135,-0.433221438689376,
3.));
#5221=CARTESIAN_POINT('Ctrl Pts',(-5.76417633249022,-0.444971323669676,
3.));
#5222=CARTESIAN_POINT('Ctrl Pts',(-5.74490996209009,-0.456563343578521,
3.));
#5223=CARTESIAN_POINT('Ctrl Pts',(-5.72561462093013,-0.467996724276986,
3.));
#5224=CARTESIAN_POINT('Ctrl Pts',(-5.70629102780424,-0.479270673410736,
3.));
#5225=CARTESIAN_POINT('Ctrl Pts',(-5.68693991554408,-0.490384361969814,
3.));
#5226=CARTESIAN_POINT('Ctrl Pts',(-5.66756207058653,-0.501336901345444,
3.));
#5227=CARTESIAN_POINT('Ctrl Pts',(-5.64815833016183,-0.51212735227242,3.));
#5228=CARTESIAN_POINT('Ctrl Pts',(-5.62872956303901,-0.522754745847402,
3.));
#5229=CARTESIAN_POINT('Ctrl Pts',(-5.60927665526025,-0.533218103397139,
3.));
#5230=CARTESIAN_POINT('Ctrl Pts',(-5.58980049538608,-0.543516454159928,
3.));
#5231=CARTESIAN_POINT('Ctrl Pts',(-5.57030195668355,-0.553648864781733,
3.));
#5232=CARTESIAN_POINT('Ctrl Pts',(-5.55078189818472,-0.56361441685412,3.));
#5233=CARTESIAN_POINT('Ctrl Pts',(-5.53124117572509,-0.573412159569623,
3.));
#5234=CARTESIAN_POINT('Ctrl Pts',(-5.5116806504645,-0.583041067935819,3.));
#5235=CARTESIAN_POINT('Ctrl Pts',(-5.49210119755868,-0.592500007208941,
3.));
#5236=CARTESIAN_POINT('Ctrl Pts',(-5.47250371755458,-0.601787677414747,
3.));
#5237=CARTESIAN_POINT('Ctrl Pts',(-5.45288913471817,-0.610902651317037,
3.));
#5238=CARTESIAN_POINT('Ctrl Pts',(-5.43325838725414,-0.619843467519538,
3.));
#5239=CARTESIAN_POINT('Ctrl Pts',(-5.41361241948373,-0.628608716192876,
3.));
#5240=CARTESIAN_POINT('Ctrl Pts',(-5.3939521747466,-0.637197111134322,3.));
#5241=CARTESIAN_POINT('Ctrl Pts',(-5.37427858463941,-0.645607613777952,
3.));
#5242=CARTESIAN_POINT('Ctrl Pts',(-5.35459257511472,-0.653839341357989,
3.));
#5243=CARTESIAN_POINT('Ctrl Pts',(-5.33489508400405,-0.661891331946935,
3.));
#5244=CARTESIAN_POINT('Ctrl Pts',(-5.31518707655757,-0.669762334286664,
3.));
#5245=CARTESIAN_POINT('Ctrl Pts',(-5.29546955907424,-0.677450629236646,
3.));
#5246=CARTESIAN_POINT('Ctrl Pts',(-5.27574360051638,-0.684953737520678,
3.));
#5247=CARTESIAN_POINT('Ctrl Pts',(-5.25601032056457,-0.6922686109642,3.));
#5248=CARTESIAN_POINT('Ctrl Pts',(-5.23627085441976,-0.699392157810748,
3.));
#5249=CARTESIAN_POINT('Ctrl Pts',(-5.21652632149761,-0.706321715744192,
3.));
#5250=CARTESIAN_POINT('Ctrl Pts',(-5.19677779912512,-0.713055450868487,
3.));
#5251=CARTESIAN_POINT('Ctrl Pts',(-5.17702627784013,-0.71959303177349,3.));
#5252=CARTESIAN_POINT('Ctrl Pts',(-5.15727269538399,-0.725935138027231,
3.));
#5253=CARTESIAN_POINT('Ctrl Pts',(-5.13751802328746,-0.732082191155507,
3.));
#5254=CARTESIAN_POINT('Ctrl Pts',(-5.11776334482345,-0.738033213670158,
3.));
#5255=CARTESIAN_POINT('Ctrl Pts',(-5.09800992163732,-0.743784860364784,
3.));
#5256=CARTESIAN_POINT('Ctrl Pts',(-5.07825930275879,-0.74932981507742,3.));
#5257=CARTESIAN_POINT('Ctrl Pts',(-5.05851324595724,-0.754658002605705,
3.));
#5258=CARTESIAN_POINT('Ctrl Pts',(-5.0387735276243,-0.759759474646559,3.));
#5259=CARTESIAN_POINT('Ctrl Pts',(-5.01904177039371,-0.764627028160959,
3.));
#5260=CARTESIAN_POINT('Ctrl Pts',(-4.99931929835623,-0.769258417560566,
3.));
#5261=CARTESIAN_POINT('Ctrl Pts',(-4.97960689210242,-0.773660053874052,
3.));
#5262=CARTESIAN_POINT('Ctrl Pts',(-4.95990502113044,-0.777843621115276,
3.));
#5263=CARTESIAN_POINT('Ctrl Pts',(-4.94021430996924,-0.781819228299066,
3.));
#5264=CARTESIAN_POINT('Ctrl Pts',(-4.92053596518665,-0.785589136805918,
3.));
#5265=CARTESIAN_POINT('Ctrl Pts',(-4.90087214416526,-0.78914236724941,3.));
#5266=CARTESIAN_POINT('Ctrl Pts',(-4.88122654009437,-0.792446062031001,
3.));
#5267=CARTESIAN_POINT('Ctrl Pts',(-4.86160379265572,-0.795454487594835,
3.));
#5268=CARTESIAN_POINT('Ctrl Pts',(-4.84200847483217,-0.798124454839387,
3.));
#5269=CARTESIAN_POINT('Ctrl Pts',(-4.82244414466586,-0.800429661706065,
3.));
#5270=CARTESIAN_POINT('Ctrl Pts',(-4.80291253226145,-0.802373244433007,
3.));
#5271=CARTESIAN_POINT('Ctrl Pts',(-4.78341224382663,-0.804006978022531,
3.));
#5272=CARTESIAN_POINT('Ctrl Pts',(-4.76394078340762,-0.80540456232993,3.));
#5273=CARTESIAN_POINT('Ctrl Pts',(-4.74449736831022,-0.806623835051613,
3.));
#5274=CARTESIAN_POINT('Ctrl Pts',(-4.72508557566879,-0.807671512397397,
3.));
#5275=CARTESIAN_POINT('Ctrl Pts',(-4.7057158380493,-0.808469608008973,3.));
#5276=CARTESIAN_POINT('Ctrl Pts',(-4.68640861452137,-0.80881360130675,3.));
#5277=CARTESIAN_POINT('Ctrl Pts',(-4.66718965811181,-0.80842802076707,3.));
#5278=CARTESIAN_POINT('Ctrl Pts',(-4.65190538856606,-0.807312721966721,
3.));
#5279=CARTESIAN_POINT('Ctrl Pts',(-4.64050213694062,-0.805923715425317,
3.));
#5280=CARTESIAN_POINT('Ctrl Pts',(-4.63292772685053,-0.804739538750734,
3.));
#5281=CARTESIAN_POINT('Ctrl Pts',(-4.62914746127813,-0.804082906626848,
3.));
#5282=CARTESIAN_POINT('',(-5.99280547325628,-0.293738931212066,0.));
#5283=CARTESIAN_POINT('Origin',(-2.88657986402541E-14,1.734723475977E-17,
0.));
#5284=CARTESIAN_POINT('',(-5.99280547325628,0.293738931212081,0.));
#5285=CARTESIAN_POINT('Origin',(-2.88657986402541E-14,1.734723475977E-17,
0.));
#5286=CARTESIAN_POINT('',(-5.99280547325628,0.293738931212081,3.));
#5287=CARTESIAN_POINT('Origin',(-2.88657986402541E-14,1.734723475977E-17,
3.));
#5288=CARTESIAN_POINT('',(-5.99280547325628,0.293738931212081,0.));
#5289=CARTESIAN_POINT('Ctrl Pts',(-4.62914746127813,0.80408290662685,0.));
#5290=CARTESIAN_POINT('Ctrl Pts',(-4.62914746127813,0.80408290662685,3.));
#5291=CARTESIAN_POINT('Ctrl Pts',(-4.63292772685053,0.804739538750735,0.));
#5292=CARTESIAN_POINT('Ctrl Pts',(-4.63292772685053,0.804739538750735,3.));
#5293=CARTESIAN_POINT('Ctrl Pts',(-4.64050213694062,0.805923715425318,0.));
#5294=CARTESIAN_POINT('Ctrl Pts',(-4.64050213694062,0.805923715425318,3.));
#5295=CARTESIAN_POINT('Ctrl Pts',(-4.65190538856606,0.807312721966722,0.));
#5296=CARTESIAN_POINT('Ctrl Pts',(-4.65190538856606,0.807312721966722,3.));
#5297=CARTESIAN_POINT('Ctrl Pts',(-4.66718965811181,0.808428020767072,0.));
#5298=CARTESIAN_POINT('Ctrl Pts',(-4.66718965811181,0.808428020767072,3.));
#5299=CARTESIAN_POINT('Ctrl Pts',(-4.68640861452137,0.808813601306753,0.));
#5300=CARTESIAN_POINT('Ctrl Pts',(-4.68640861452137,0.808813601306753,3.));
#5301=CARTESIAN_POINT('Ctrl Pts',(-4.7057158380493,0.808469608008975,0.));
#5302=CARTESIAN_POINT('Ctrl Pts',(-4.7057158380493,0.808469608008975,3.));
#5303=CARTESIAN_POINT('Ctrl Pts',(-4.72508557566879,0.807671512397398,0.));
#5304=CARTESIAN_POINT('Ctrl Pts',(-4.72508557566879,0.807671512397398,3.));
#5305=CARTESIAN_POINT('Ctrl Pts',(-4.74449736831022,0.806623835051614,0.));
#5306=CARTESIAN_POINT('Ctrl Pts',(-4.74449736831022,0.806623835051614,3.));
#5307=CARTESIAN_POINT('Ctrl Pts',(-4.76394078340762,0.805404562329932,0.));
#5308=CARTESIAN_POINT('Ctrl Pts',(-4.76394078340762,0.805404562329932,3.));
#5309=CARTESIAN_POINT('Ctrl Pts',(-4.78341224382663,0.804006978022532,0.));
#5310=CARTESIAN_POINT('Ctrl Pts',(-4.78341224382663,0.804006978022532,3.));
#5311=CARTESIAN_POINT('Ctrl Pts',(-4.80291253226145,0.802373244433008,0.));
#5312=CARTESIAN_POINT('Ctrl Pts',(-4.80291253226145,0.802373244433008,3.));
#5313=CARTESIAN_POINT('Ctrl Pts',(-4.82244414466586,0.800429661706067,0.));
#5314=CARTESIAN_POINT('Ctrl Pts',(-4.82244414466586,0.800429661706067,3.));
#5315=CARTESIAN_POINT('Ctrl Pts',(-4.84200847483217,0.798124454839388,0.));
#5316=CARTESIAN_POINT('Ctrl Pts',(-4.84200847483217,0.798124454839388,3.));
#5317=CARTESIAN_POINT('Ctrl Pts',(-4.86160379265572,0.795454487594836,0.));
#5318=CARTESIAN_POINT('Ctrl Pts',(-4.86160379265572,0.795454487594836,3.));
#5319=CARTESIAN_POINT('Ctrl Pts',(-4.88122654009437,0.792446062031002,0.));
#5320=CARTESIAN_POINT('Ctrl Pts',(-4.88122654009437,0.792446062031002,3.));
#5321=CARTESIAN_POINT('Ctrl Pts',(-4.90087214416526,0.789142367249411,0.));
#5322=CARTESIAN_POINT('Ctrl Pts',(-4.90087214416526,0.789142367249411,3.));
#5323=CARTESIAN_POINT('Ctrl Pts',(-4.92053596518665,0.78558913680592,0.));
#5324=CARTESIAN_POINT('Ctrl Pts',(-4.92053596518665,0.78558913680592,3.));
#5325=CARTESIAN_POINT('Ctrl Pts',(-4.94021430996924,0.781819228299068,0.));
#5326=CARTESIAN_POINT('Ctrl Pts',(-4.94021430996924,0.781819228299068,3.));
#5327=CARTESIAN_POINT('Ctrl Pts',(-4.95990502113044,0.777843621115278,0.));
#5328=CARTESIAN_POINT('Ctrl Pts',(-4.95990502113044,0.777843621115278,3.));
#5329=CARTESIAN_POINT('Ctrl Pts',(-4.97960689210242,0.773660053874053,0.));
#5330=CARTESIAN_POINT('Ctrl Pts',(-4.97960689210242,0.773660053874053,3.));
#5331=CARTESIAN_POINT('Ctrl Pts',(-4.99931929835623,0.769258417560567,0.));
#5332=CARTESIAN_POINT('Ctrl Pts',(-4.99931929835623,0.769258417560567,3.));
#5333=CARTESIAN_POINT('Ctrl Pts',(-5.01904177039371,0.76462702816096,0.));
#5334=CARTESIAN_POINT('Ctrl Pts',(-5.01904177039371,0.76462702816096,3.));
#5335=CARTESIAN_POINT('Ctrl Pts',(-5.0387735276243,0.759759474646562,0.));
#5336=CARTESIAN_POINT('Ctrl Pts',(-5.0387735276243,0.759759474646562,3.));
#5337=CARTESIAN_POINT('Ctrl Pts',(-5.05851324595724,0.754658002605708,0.));
#5338=CARTESIAN_POINT('Ctrl Pts',(-5.05851324595724,0.754658002605708,3.));
#5339=CARTESIAN_POINT('Ctrl Pts',(-5.07825930275879,0.749329815077422,0.));
#5340=CARTESIAN_POINT('Ctrl Pts',(-5.07825930275879,0.749329815077422,3.));
#5341=CARTESIAN_POINT('Ctrl Pts',(-5.09800992163732,0.743784860364786,0.));
#5342=CARTESIAN_POINT('Ctrl Pts',(-5.09800992163732,0.743784860364786,3.));
#5343=CARTESIAN_POINT('Ctrl Pts',(-5.11776334482345,0.73803321367016,0.));
#5344=CARTESIAN_POINT('Ctrl Pts',(-5.11776334482345,0.73803321367016,3.));
#5345=CARTESIAN_POINT('Ctrl Pts',(-5.13751802328746,0.732082191155508,0.));
#5346=CARTESIAN_POINT('Ctrl Pts',(-5.13751802328746,0.732082191155508,3.));
#5347=CARTESIAN_POINT('Ctrl Pts',(-5.15727269538399,0.725935138027233,0.));
#5348=CARTESIAN_POINT('Ctrl Pts',(-5.15727269538399,0.725935138027233,3.));
#5349=CARTESIAN_POINT('Ctrl Pts',(-5.17702627784013,0.719593031773491,0.));
#5350=CARTESIAN_POINT('Ctrl Pts',(-5.17702627784013,0.719593031773491,3.));
#5351=CARTESIAN_POINT('Ctrl Pts',(-5.19677779912512,0.713055450868488,0.));
#5352=CARTESIAN_POINT('Ctrl Pts',(-5.19677779912512,0.713055450868488,3.));
#5353=CARTESIAN_POINT('Ctrl Pts',(-5.21652632149761,0.706321715744194,0.));
#5354=CARTESIAN_POINT('Ctrl Pts',(-5.21652632149761,0.706321715744194,3.));
#5355=CARTESIAN_POINT('Ctrl Pts',(-5.23627085441976,0.699392157810749,0.));
#5356=CARTESIAN_POINT('Ctrl Pts',(-5.23627085441976,0.699392157810749,3.));
#5357=CARTESIAN_POINT('Ctrl Pts',(-5.25601032056457,0.692268610964202,0.));
#5358=CARTESIAN_POINT('Ctrl Pts',(-5.25601032056457,0.692268610964202,3.));
#5359=CARTESIAN_POINT('Ctrl Pts',(-5.27574360051638,0.68495373752068,0.));
#5360=CARTESIAN_POINT('Ctrl Pts',(-5.27574360051638,0.68495373752068,3.));
#5361=CARTESIAN_POINT('Ctrl Pts',(-5.29546955907424,0.677450629236647,0.));
#5362=CARTESIAN_POINT('Ctrl Pts',(-5.29546955907424,0.677450629236647,3.));
#5363=CARTESIAN_POINT('Ctrl Pts',(-5.31518707655757,0.669762334286666,0.));
#5364=CARTESIAN_POINT('Ctrl Pts',(-5.31518707655757,0.669762334286666,3.));
#5365=CARTESIAN_POINT('Ctrl Pts',(-5.33489508400405,0.661891331946936,0.));
#5366=CARTESIAN_POINT('Ctrl Pts',(-5.33489508400405,0.661891331946936,3.));
#5367=CARTESIAN_POINT('Ctrl Pts',(-5.35459257511472,0.65383934135799,0.));
#5368=CARTESIAN_POINT('Ctrl Pts',(-5.35459257511472,0.65383934135799,3.));
#5369=CARTESIAN_POINT('Ctrl Pts',(-5.37427858463941,0.645607613777954,0.));
#5370=CARTESIAN_POINT('Ctrl Pts',(-5.37427858463941,0.645607613777954,3.));
#5371=CARTESIAN_POINT('Ctrl Pts',(-5.3939521747466,0.637197111134324,0.));
#5372=CARTESIAN_POINT('Ctrl Pts',(-5.3939521747466,0.637197111134324,3.));
#5373=CARTESIAN_POINT('Ctrl Pts',(-5.41361241948373,0.628608716192878,0.));
#5374=CARTESIAN_POINT('Ctrl Pts',(-5.41361241948373,0.628608716192878,3.));
#5375=CARTESIAN_POINT('Ctrl Pts',(-5.43325838725414,0.619843467519539,0.));
#5376=CARTESIAN_POINT('Ctrl Pts',(-5.43325838725414,0.619843467519539,3.));
#5377=CARTESIAN_POINT('Ctrl Pts',(-5.45288913471817,0.610902651317038,0.));
#5378=CARTESIAN_POINT('Ctrl Pts',(-5.45288913471817,0.610902651317038,3.));
#5379=CARTESIAN_POINT('Ctrl Pts',(-5.47250371755458,0.601787677414748,0.));
#5380=CARTESIAN_POINT('Ctrl Pts',(-5.47250371755458,0.601787677414748,3.));
#5381=CARTESIAN_POINT('Ctrl Pts',(-5.49210119755868,0.592500007208943,0.));
#5382=CARTESIAN_POINT('Ctrl Pts',(-5.49210119755868,0.592500007208943,3.));
#5383=CARTESIAN_POINT('Ctrl Pts',(-5.5116806504645,0.58304106793582,0.));
#5384=CARTESIAN_POINT('Ctrl Pts',(-5.5116806504645,0.58304106793582,3.));
#5385=CARTESIAN_POINT('Ctrl Pts',(-5.53124117572509,0.573412159569625,0.));
#5386=CARTESIAN_POINT('Ctrl Pts',(-5.53124117572509,0.573412159569625,3.));
#5387=CARTESIAN_POINT('Ctrl Pts',(-5.55078189818472,0.563614416854122,0.));
#5388=CARTESIAN_POINT('Ctrl Pts',(-5.55078189818472,0.563614416854122,3.));
#5389=CARTESIAN_POINT('Ctrl Pts',(-5.57030195668355,0.553648864781735,0.));
#5390=CARTESIAN_POINT('Ctrl Pts',(-5.57030195668355,0.553648864781735,3.));
#5391=CARTESIAN_POINT('Ctrl Pts',(-5.58980049538608,0.543516454159929,0.));
#5392=CARTESIAN_POINT('Ctrl Pts',(-5.58980049538608,0.543516454159929,3.));
#5393=CARTESIAN_POINT('Ctrl Pts',(-5.60927665526025,0.533218103397141,0.));
#5394=CARTESIAN_POINT('Ctrl Pts',(-5.60927665526025,0.533218103397141,3.));
#5395=CARTESIAN_POINT('Ctrl Pts',(-5.62872956303901,0.522754745847403,0.));
#5396=CARTESIAN_POINT('Ctrl Pts',(-5.62872956303901,0.522754745847403,3.));
#5397=CARTESIAN_POINT('Ctrl Pts',(-5.64815833016183,0.512127352272421,0.));
#5398=CARTESIAN_POINT('Ctrl Pts',(-5.64815833016183,0.512127352272421,3.));
#5399=CARTESIAN_POINT('Ctrl Pts',(-5.66756207058653,0.501336901345445,0.));
#5400=CARTESIAN_POINT('Ctrl Pts',(-5.66756207058653,0.501336901345445,3.));
#5401=CARTESIAN_POINT('Ctrl Pts',(-5.68693991554408,0.490384361969816,0.));
#5402=CARTESIAN_POINT('Ctrl Pts',(-5.68693991554408,0.490384361969816,3.));
#5403=CARTESIAN_POINT('Ctrl Pts',(-5.70629102780424,0.479270673410738,0.));
#5404=CARTESIAN_POINT('Ctrl Pts',(-5.70629102780424,0.479270673410738,3.));
#5405=CARTESIAN_POINT('Ctrl Pts',(-5.72561462093013,0.467996724276987,0.));
#5406=CARTESIAN_POINT('Ctrl Pts',(-5.72561462093013,0.467996724276987,3.));
#5407=CARTESIAN_POINT('Ctrl Pts',(-5.74490996209009,0.456563343578523,0.));
#5408=CARTESIAN_POINT('Ctrl Pts',(-5.74490996209009,0.456563343578523,3.));
#5409=CARTESIAN_POINT('Ctrl Pts',(-5.76417633249022,0.444971323669677,0.));
#5410=CARTESIAN_POINT('Ctrl Pts',(-5.76417633249022,0.444971323669677,3.));
#5411=CARTESIAN_POINT('Ctrl Pts',(-5.78341299468135,0.433221438689377,0.));
#5412=CARTESIAN_POINT('Ctrl Pts',(-5.78341299468135,0.433221438689377,3.));
#5413=CARTESIAN_POINT('Ctrl Pts',(-5.80261916022729,0.421314464484746,0.));
#5414=CARTESIAN_POINT('Ctrl Pts',(-5.80261916022729,0.421314464484746,3.));
#5415=CARTESIAN_POINT('Ctrl Pts',(-5.82179395055346,0.409251202444569,0.));
#5416=CARTESIAN_POINT('Ctrl Pts',(-5.82179395055346,0.409251202444569,3.));
#5417=CARTESIAN_POINT('Ctrl Pts',(-5.84093638164999,0.397032492543429,0.));
#5418=CARTESIAN_POINT('Ctrl Pts',(-5.84093638164999,0.397032492543429,3.));
#5419=CARTESIAN_POINT('Ctrl Pts',(-5.86004544594462,0.384659178658971,0.));
#5420=CARTESIAN_POINT('Ctrl Pts',(-5.86004544594462,0.384659178658971,3.));
#5421=CARTESIAN_POINT('Ctrl Pts',(-5.87912018070472,0.372132081880192,0.));
#5422=CARTESIAN_POINT('Ctrl Pts',(-5.87912018070472,0.372132081880192,3.));
#5423=CARTESIAN_POINT('Ctrl Pts',(-5.89815974010976,0.359451972003971,0.));
#5424=CARTESIAN_POINT('Ctrl Pts',(-5.89815974010976,0.359451972003971,3.));
#5425=CARTESIAN_POINT('Ctrl Pts',(-5.91716347052661,0.346619540386934,0.));
#5426=CARTESIAN_POINT('Ctrl Pts',(-5.91716347052661,0.346619540386934,3.));
#5427=CARTESIAN_POINT('Ctrl Pts',(-5.93613097220208,0.333635374706072,0.));
#5428=CARTESIAN_POINT('Ctrl Pts',(-5.93613097220208,0.333635374706072,3.));
#5429=CARTESIAN_POINT('Ctrl Pts',(-5.9550620333523,0.320499949199329,0.));
#5430=CARTESIAN_POINT('Ctrl Pts',(-5.9550620333523,0.320499949199329,3.));
#5431=CARTESIAN_POINT('Ctrl Pts',(-5.97017766765244,0.309870881188259,0.));
#5432=CARTESIAN_POINT('Ctrl Pts',(-5.97017766765244,0.309870881188259,3.));
#5433=CARTESIAN_POINT('Ctrl Pts',(-5.9814979593367,0.301831268608226,0.));
#5434=CARTESIAN_POINT('Ctrl Pts',(-5.9814979593367,0.301831268608226,3.));
#5435=CARTESIAN_POINT('Ctrl Pts',(-5.98903751888014,0.296441398421861,0.));
#5436=CARTESIAN_POINT('Ctrl Pts',(-5.98903751888014,0.296441398421861,3.));
#5437=CARTESIAN_POINT('Ctrl Pts',(-5.99280547325628,0.29373893121208,0.));
#5438=CARTESIAN_POINT('Ctrl Pts',(-5.99280547325628,0.29373893121208,3.));
#5439=CARTESIAN_POINT('Ctrl Pts',(-4.62914746127813,0.80408290662685,0.));
#5440=CARTESIAN_POINT('Ctrl Pts',(-4.63292772685053,0.804739538750735,0.));
#5441=CARTESIAN_POINT('Ctrl Pts',(-4.64050213694062,0.805923715425318,0.));
#5442=CARTESIAN_POINT('Ctrl Pts',(-4.65190538856606,0.807312721966722,0.));
#5443=CARTESIAN_POINT('Ctrl Pts',(-4.66718965811181,0.808428020767072,0.));
#5444=CARTESIAN_POINT('Ctrl Pts',(-4.68640861452137,0.808813601306753,0.));
#5445=CARTESIAN_POINT('Ctrl Pts',(-4.7057158380493,0.808469608008975,0.));
#5446=CARTESIAN_POINT('Ctrl Pts',(-4.72508557566879,0.807671512397398,0.));
#5447=CARTESIAN_POINT('Ctrl Pts',(-4.74449736831022,0.806623835051614,0.));
#5448=CARTESIAN_POINT('Ctrl Pts',(-4.76394078340762,0.805404562329932,0.));
#5449=CARTESIAN_POINT('Ctrl Pts',(-4.78341224382663,0.804006978022532,0.));
#5450=CARTESIAN_POINT('Ctrl Pts',(-4.80291253226145,0.802373244433008,0.));
#5451=CARTESIAN_POINT('Ctrl Pts',(-4.82244414466586,0.800429661706067,0.));
#5452=CARTESIAN_POINT('Ctrl Pts',(-4.84200847483217,0.798124454839388,0.));
#5453=CARTESIAN_POINT('Ctrl Pts',(-4.86160379265572,0.795454487594836,0.));
#5454=CARTESIAN_POINT('Ctrl Pts',(-4.88122654009437,0.792446062031002,0.));
#5455=CARTESIAN_POINT('Ctrl Pts',(-4.90087214416526,0.789142367249411,0.));
#5456=CARTESIAN_POINT('Ctrl Pts',(-4.92053596518665,0.78558913680592,0.));
#5457=CARTESIAN_POINT('Ctrl Pts',(-4.94021430996924,0.781819228299068,0.));
#5458=CARTESIAN_POINT('Ctrl Pts',(-4.95990502113044,0.777843621115278,0.));
#5459=CARTESIAN_POINT('Ctrl Pts',(-4.97960689210242,0.773660053874053,0.));
#5460=CARTESIAN_POINT('Ctrl Pts',(-4.99931929835623,0.769258417560567,0.));
#5461=CARTESIAN_POINT('Ctrl Pts',(-5.01904177039371,0.76462702816096,0.));
#5462=CARTESIAN_POINT('Ctrl Pts',(-5.0387735276243,0.759759474646562,0.));
#5463=CARTESIAN_POINT('Ctrl Pts',(-5.05851324595724,0.754658002605708,0.));
#5464=CARTESIAN_POINT('Ctrl Pts',(-5.07825930275879,0.749329815077422,0.));
#5465=CARTESIAN_POINT('Ctrl Pts',(-5.09800992163732,0.743784860364786,0.));
#5466=CARTESIAN_POINT('Ctrl Pts',(-5.11776334482345,0.73803321367016,0.));
#5467=CARTESIAN_POINT('Ctrl Pts',(-5.13751802328746,0.732082191155508,0.));
#5468=CARTESIAN_POINT('Ctrl Pts',(-5.15727269538399,0.725935138027233,0.));
#5469=CARTESIAN_POINT('Ctrl Pts',(-5.17702627784013,0.719593031773491,0.));
#5470=CARTESIAN_POINT('Ctrl Pts',(-5.19677779912512,0.713055450868488,0.));
#5471=CARTESIAN_POINT('Ctrl Pts',(-5.21652632149761,0.706321715744194,0.));
#5472=CARTESIAN_POINT('Ctrl Pts',(-5.23627085441976,0.699392157810749,0.));
#5473=CARTESIAN_POINT('Ctrl Pts',(-5.25601032056457,0.692268610964202,0.));
#5474=CARTESIAN_POINT('Ctrl Pts',(-5.27574360051638,0.68495373752068,0.));
#5475=CARTESIAN_POINT('Ctrl Pts',(-5.29546955907424,0.677450629236647,0.));
#5476=CARTESIAN_POINT('Ctrl Pts',(-5.31518707655757,0.669762334286666,0.));
#5477=CARTESIAN_POINT('Ctrl Pts',(-5.33489508400405,0.661891331946936,0.));
#5478=CARTESIAN_POINT('Ctrl Pts',(-5.35459257511472,0.65383934135799,0.));
#5479=CARTESIAN_POINT('Ctrl Pts',(-5.37427858463941,0.645607613777954,0.));
#5480=CARTESIAN_POINT('Ctrl Pts',(-5.3939521747466,0.637197111134324,0.));
#5481=CARTESIAN_POINT('Ctrl Pts',(-5.41361241948373,0.628608716192878,0.));
#5482=CARTESIAN_POINT('Ctrl Pts',(-5.43325838725414,0.619843467519539,0.));
#5483=CARTESIAN_POINT('Ctrl Pts',(-5.45288913471817,0.610902651317038,0.));
#5484=CARTESIAN_POINT('Ctrl Pts',(-5.47250371755458,0.601787677414748,0.));
#5485=CARTESIAN_POINT('Ctrl Pts',(-5.49210119755868,0.592500007208943,0.));
#5486=CARTESIAN_POINT('Ctrl Pts',(-5.5116806504645,0.58304106793582,0.));
#5487=CARTESIAN_POINT('Ctrl Pts',(-5.53124117572509,0.573412159569625,0.));
#5488=CARTESIAN_POINT('Ctrl Pts',(-5.55078189818472,0.563614416854122,0.));
#5489=CARTESIAN_POINT('Ctrl Pts',(-5.57030195668355,0.553648864781735,0.));
#5490=CARTESIAN_POINT('Ctrl Pts',(-5.58980049538608,0.543516454159929,0.));
#5491=CARTESIAN_POINT('Ctrl Pts',(-5.60927665526025,0.533218103397141,0.));
#5492=CARTESIAN_POINT('Ctrl Pts',(-5.62872956303901,0.522754745847403,0.));
#5493=CARTESIAN_POINT('Ctrl Pts',(-5.64815833016183,0.512127352272421,0.));
#5494=CARTESIAN_POINT('Ctrl Pts',(-5.66756207058653,0.501336901345445,0.));
#5495=CARTESIAN_POINT('Ctrl Pts',(-5.68693991554408,0.490384361969816,0.));
#5496=CARTESIAN_POINT('Ctrl Pts',(-5.70629102780424,0.479270673410738,0.));
#5497=CARTESIAN_POINT('Ctrl Pts',(-5.72561462093013,0.467996724276987,0.));
#5498=CARTESIAN_POINT('Ctrl Pts',(-5.74490996209009,0.456563343578523,0.));
#5499=CARTESIAN_POINT('Ctrl Pts',(-5.76417633249022,0.444971323669677,0.));
#5500=CARTESIAN_POINT('Ctrl Pts',(-5.78341299468135,0.433221438689377,0.));
#5501=CARTESIAN_POINT('Ctrl Pts',(-5.80261916022729,0.421314464484746,0.));
#5502=CARTESIAN_POINT('Ctrl Pts',(-5.82179395055346,0.409251202444569,0.));
#5503=CARTESIAN_POINT('Ctrl Pts',(-5.84093638164999,0.397032492543429,0.));
#5504=CARTESIAN_POINT('Ctrl Pts',(-5.86004544594462,0.384659178658971,0.));
#5505=CARTESIAN_POINT('Ctrl Pts',(-5.87912018070472,0.372132081880192,0.));
#5506=CARTESIAN_POINT('Ctrl Pts',(-5.89815974010976,0.359451972003971,0.));
#5507=CARTESIAN_POINT('Ctrl Pts',(-5.91716347052661,0.346619540386934,0.));
#5508=CARTESIAN_POINT('Ctrl Pts',(-5.93613097220208,0.333635374706072,0.));
#5509=CARTESIAN_POINT('Ctrl Pts',(-5.9550620333523,0.320499949199329,0.));
#5510=CARTESIAN_POINT('Ctrl Pts',(-5.97017766765244,0.309870881188259,0.));
#5511=CARTESIAN_POINT('Ctrl Pts',(-5.9814979593367,0.301831268608226,0.));
#5512=CARTESIAN_POINT('Ctrl Pts',(-5.98903751888014,0.296441398421861,0.));
#5513=CARTESIAN_POINT('Ctrl Pts',(-5.99280547325628,0.29373893121208,0.));
#5514=CARTESIAN_POINT('Ctrl Pts',(-4.62914746127813,0.80408290662685,3.));
#5515=CARTESIAN_POINT('Ctrl Pts',(-4.63292772685053,0.804739538750735,3.));
#5516=CARTESIAN_POINT('Ctrl Pts',(-4.64050213694062,0.805923715425318,3.));
#5517=CARTESIAN_POINT('Ctrl Pts',(-4.65190538856606,0.807312721966722,3.));
#5518=CARTESIAN_POINT('Ctrl Pts',(-4.66718965811181,0.808428020767072,3.));
#5519=CARTESIAN_POINT('Ctrl Pts',(-4.68640861452137,0.808813601306753,3.));
#5520=CARTESIAN_POINT('Ctrl Pts',(-4.7057158380493,0.808469608008975,3.));
#5521=CARTESIAN_POINT('Ctrl Pts',(-4.72508557566879,0.807671512397398,3.));
#5522=CARTESIAN_POINT('Ctrl Pts',(-4.74449736831022,0.806623835051614,3.));
#5523=CARTESIAN_POINT('Ctrl Pts',(-4.76394078340762,0.805404562329932,3.));
#5524=CARTESIAN_POINT('Ctrl Pts',(-4.78341224382663,0.804006978022532,3.));
#5525=CARTESIAN_POINT('Ctrl Pts',(-4.80291253226145,0.802373244433008,3.));
#5526=CARTESIAN_POINT('Ctrl Pts',(-4.82244414466586,0.800429661706067,3.));
#5527=CARTESIAN_POINT('Ctrl Pts',(-4.84200847483217,0.798124454839388,3.));
#5528=CARTESIAN_POINT('Ctrl Pts',(-4.86160379265572,0.795454487594836,3.));
#5529=CARTESIAN_POINT('Ctrl Pts',(-4.88122654009437,0.792446062031002,3.));
#5530=CARTESIAN_POINT('Ctrl Pts',(-4.90087214416526,0.789142367249411,3.));
#5531=CARTESIAN_POINT('Ctrl Pts',(-4.92053596518665,0.78558913680592,3.));
#5532=CARTESIAN_POINT('Ctrl Pts',(-4.94021430996924,0.781819228299068,3.));
#5533=CARTESIAN_POINT('Ctrl Pts',(-4.95990502113044,0.777843621115278,3.));
#5534=CARTESIAN_POINT('Ctrl Pts',(-4.97960689210242,0.773660053874053,3.));
#5535=CARTESIAN_POINT('Ctrl Pts',(-4.99931929835623,0.769258417560567,3.));
#5536=CARTESIAN_POINT('Ctrl Pts',(-5.01904177039371,0.76462702816096,3.));
#5537=CARTESIAN_POINT('Ctrl Pts',(-5.0387735276243,0.759759474646562,3.));
#5538=CARTESIAN_POINT('Ctrl Pts',(-5.05851324595724,0.754658002605708,3.));
#5539=CARTESIAN_POINT('Ctrl Pts',(-5.07825930275879,0.749329815077422,3.));
#5540=CARTESIAN_POINT('Ctrl Pts',(-5.09800992163732,0.743784860364786,3.));
#5541=CARTESIAN_POINT('Ctrl Pts',(-5.11776334482345,0.73803321367016,3.));
#5542=CARTESIAN_POINT('Ctrl Pts',(-5.13751802328746,0.732082191155508,3.));
#5543=CARTESIAN_POINT('Ctrl Pts',(-5.15727269538399,0.725935138027233,3.));
#5544=CARTESIAN_POINT('Ctrl Pts',(-5.17702627784013,0.719593031773491,3.));
#5545=CARTESIAN_POINT('Ctrl Pts',(-5.19677779912512,0.713055450868488,3.));
#5546=CARTESIAN_POINT('Ctrl Pts',(-5.21652632149761,0.706321715744194,3.));
#5547=CARTESIAN_POINT('Ctrl Pts',(-5.23627085441976,0.699392157810749,3.));
#5548=CARTESIAN_POINT('Ctrl Pts',(-5.25601032056457,0.692268610964202,3.));
#5549=CARTESIAN_POINT('Ctrl Pts',(-5.27574360051638,0.68495373752068,3.));
#5550=CARTESIAN_POINT('Ctrl Pts',(-5.29546955907424,0.677450629236647,3.));
#5551=CARTESIAN_POINT('Ctrl Pts',(-5.31518707655757,0.669762334286666,3.));
#5552=CARTESIAN_POINT('Ctrl Pts',(-5.33489508400405,0.661891331946936,3.));
#5553=CARTESIAN_POINT('Ctrl Pts',(-5.35459257511472,0.65383934135799,3.));
#5554=CARTESIAN_POINT('Ctrl Pts',(-5.37427858463941,0.645607613777954,3.));
#5555=CARTESIAN_POINT('Ctrl Pts',(-5.3939521747466,0.637197111134324,3.));
#5556=CARTESIAN_POINT('Ctrl Pts',(-5.41361241948373,0.628608716192878,3.));
#5557=CARTESIAN_POINT('Ctrl Pts',(-5.43325838725414,0.619843467519539,3.));
#5558=CARTESIAN_POINT('Ctrl Pts',(-5.45288913471817,0.610902651317038,3.));
#5559=CARTESIAN_POINT('Ctrl Pts',(-5.47250371755458,0.601787677414748,3.));
#5560=CARTESIAN_POINT('Ctrl Pts',(-5.49210119755868,0.592500007208943,3.));
#5561=CARTESIAN_POINT('Ctrl Pts',(-5.5116806504645,0.58304106793582,3.));
#5562=CARTESIAN_POINT('Ctrl Pts',(-5.53124117572509,0.573412159569625,3.));
#5563=CARTESIAN_POINT('Ctrl Pts',(-5.55078189818472,0.563614416854122,3.));
#5564=CARTESIAN_POINT('Ctrl Pts',(-5.57030195668355,0.553648864781735,3.));
#5565=CARTESIAN_POINT('Ctrl Pts',(-5.58980049538608,0.543516454159929,3.));
#5566=CARTESIAN_POINT('Ctrl Pts',(-5.60927665526025,0.533218103397141,3.));
#5567=CARTESIAN_POINT('Ctrl Pts',(-5.62872956303901,0.522754745847403,3.));
#5568=CARTESIAN_POINT('Ctrl Pts',(-5.64815833016183,0.512127352272421,3.));
#5569=CARTESIAN_POINT('Ctrl Pts',(-5.66756207058653,0.501336901345445,3.));
#5570=CARTESIAN_POINT('Ctrl Pts',(-5.68693991554408,0.490384361969816,3.));
#5571=CARTESIAN_POINT('Ctrl Pts',(-5.70629102780424,0.479270673410738,3.));
#5572=CARTESIAN_POINT('Ctrl Pts',(-5.72561462093013,0.467996724276987,3.));
#5573=CARTESIAN_POINT('Ctrl Pts',(-5.74490996209009,0.456563343578523,3.));
#5574=CARTESIAN_POINT('Ctrl Pts',(-5.76417633249022,0.444971323669677,3.));
#5575=CARTESIAN_POINT('Ctrl Pts',(-5.78341299468135,0.433221438689377,3.));
#5576=CARTESIAN_POINT('Ctrl Pts',(-5.80261916022729,0.421314464484746,3.));
#5577=CARTESIAN_POINT('Ctrl Pts',(-5.82179395055346,0.409251202444569,3.));
#5578=CARTESIAN_POINT('Ctrl Pts',(-5.84093638164999,0.397032492543429,3.));
#5579=CARTESIAN_POINT('Ctrl Pts',(-5.86004544594462,0.384659178658971,3.));
#5580=CARTESIAN_POINT('Ctrl Pts',(-5.87912018070472,0.372132081880192,3.));
#5581=CARTESIAN_POINT('Ctrl Pts',(-5.89815974010976,0.359451972003971,3.));
#5582=CARTESIAN_POINT('Ctrl Pts',(-5.91716347052661,0.346619540386934,3.));
#5583=CARTESIAN_POINT('Ctrl Pts',(-5.93613097220208,0.333635374706072,3.));
#5584=CARTESIAN_POINT('Ctrl Pts',(-5.9550620333523,0.320499949199329,3.));
#5585=CARTESIAN_POINT('Ctrl Pts',(-5.97017766765244,0.309870881188259,3.));
#5586=CARTESIAN_POINT('Ctrl Pts',(-5.9814979593367,0.301831268608226,3.));
#5587=CARTESIAN_POINT('Ctrl Pts',(-5.98903751888014,0.296441398421861,3.));
#5588=CARTESIAN_POINT('Ctrl Pts',(-5.99280547325628,0.29373893121208,3.));
#5589=CARTESIAN_POINT('Ctrl Pts',(-5.02093688363814,3.28484288977755,0.));
#5590=CARTESIAN_POINT('Ctrl Pts',(-5.02093688363814,3.28484288977755,3.));
#5591=CARTESIAN_POINT('Ctrl Pts',(-5.01947701488453,3.2804417998645,0.));
#5592=CARTESIAN_POINT('Ctrl Pts',(-5.01947701488453,3.2804417998645,3.));
#5593=CARTESIAN_POINT('Ctrl Pts',(-5.0165454692911,3.27164966137783,0.));
#5594=CARTESIAN_POINT('Ctrl Pts',(-5.0165454692911,3.27164966137783,3.));
#5595=CARTESIAN_POINT('Ctrl Pts',(-5.01211272664594,3.25849157766874,0.));
#5596=CARTESIAN_POINT('Ctrl Pts',(-5.01211272664594,3.25849157766874,3.));
#5597=CARTESIAN_POINT('Ctrl Pts',(-5.00613153103889,3.24100773409275,0.));
#5598=CARTESIAN_POINT('Ctrl Pts',(-5.00613153103889,3.24100773409275,3.));
#5599=CARTESIAN_POINT('Ctrl Pts',(-4.99853679024226,3.2192535530751,0.));
#5600=CARTESIAN_POINT('Ctrl Pts',(-4.99853679024226,3.2192535530751,3.));
#5601=CARTESIAN_POINT('Ctrl Pts',(-4.99082366014651,3.19760032462383,0.));
#5602=CARTESIAN_POINT('Ctrl Pts',(-4.99082366014651,3.19760032462383,3.));
#5603=CARTESIAN_POINT('Ctrl Pts',(-4.9829920333383,3.17604855688892,0.));
#5604=CARTESIAN_POINT('Ctrl Pts',(-4.9829920333383,3.17604855688892,3.));
#5605=CARTESIAN_POINT('Ctrl Pts',(-4.9750418877969,3.15459896028009,0.));
#5606=CARTESIAN_POINT('Ctrl Pts',(-4.9750418877969,3.15459896028009,3.));
#5607=CARTESIAN_POINT('Ctrl Pts',(-4.96697334595339,3.1332524783125,0.));
#5608=CARTESIAN_POINT('Ctrl Pts',(-4.96697334595339,3.1332524783125,3.));
#5609=CARTESIAN_POINT('Ctrl Pts',(-4.9587866396157,3.11201023092575,0.));
#5610=CARTESIAN_POINT('Ctrl Pts',(-4.9587866396157,3.11201023092575,3.));
#5611=CARTESIAN_POINT('Ctrl Pts',(-4.95048206502689,3.09087344827483,0.));
#5612=CARTESIAN_POINT('Ctrl Pts',(-4.95048206502689,3.09087344827483,3.));
#5613=CARTESIAN_POINT('Ctrl Pts',(-4.9420599413112,3.0698434053072,0.));
#5614=CARTESIAN_POINT('Ctrl Pts',(-4.9420599413112,3.0698434053072,3.));
#5615=CARTESIAN_POINT('Ctrl Pts',(-4.93352057082466,3.04892135996308,0.));
#5616=CARTESIAN_POINT('Ctrl Pts',(-4.93352057082466,3.04892135996308,3.));
#5617=CARTESIAN_POINT('Ctrl Pts',(-4.92486419330454,3.02810847699279,0.));
#5618=CARTESIAN_POINT('Ctrl Pts',(-4.92486419330454,3.02810847699279,3.));
#5619=CARTESIAN_POINT('Ctrl Pts',(-4.91609099057761,3.00740584750099,0.));
#5620=CARTESIAN_POINT('Ctrl Pts',(-4.91609099057761,3.00740584750099,3.));
#5621=CARTESIAN_POINT('Ctrl Pts',(-4.90720110422535,2.986814531241,0.));
#5622=CARTESIAN_POINT('Ctrl Pts',(-4.90720110422535,2.986814531241,3.));
#5623=CARTESIAN_POINT('Ctrl Pts',(-4.89819465003002,2.96633559173738,0.));
#5624=CARTESIAN_POINT('Ctrl Pts',(-4.89819465003002,2.96633559173738,3.));
#5625=CARTESIAN_POINT('Ctrl Pts',(-4.8890717335851,2.94597013042092,0.));
#5626=CARTESIAN_POINT('Ctrl Pts',(-4.8890717335851,2.94597013042092,3.));
#5627=CARTESIAN_POINT('Ctrl Pts',(-4.87983246882023,2.92571932844722,0.));
#5628=CARTESIAN_POINT('Ctrl Pts',(-4.87983246882023,2.92571932844722,3.));
#5629=CARTESIAN_POINT('Ctrl Pts',(-4.87047698098266,2.90558443780937,0.));
#5630=CARTESIAN_POINT('Ctrl Pts',(-4.87047698098266,2.90558443780937,3.));
#5631=CARTESIAN_POINT('Ctrl Pts',(-4.86100540341423,2.88556675301628,0.));
#5632=CARTESIAN_POINT('Ctrl Pts',(-4.86100540341423,2.88556675301628,3.));
#5633=CARTESIAN_POINT('Ctrl Pts',(-4.85141787768841,2.86566758663376,0.));
#5634=CARTESIAN_POINT('Ctrl Pts',(-4.85141787768841,2.86566758663376,3.));
#5635=CARTESIAN_POINT('Ctrl Pts',(-4.84171455206634,2.8458882463073,0.));
#5636=CARTESIAN_POINT('Ctrl Pts',(-4.84171455206634,2.8458882463073,3.));
#5637=CARTESIAN_POINT('Ctrl Pts',(-4.83189558442419,2.82623000042968,0.));
#5638=CARTESIAN_POINT('Ctrl Pts',(-4.83189558442419,2.82623000042968,3.));
#5639=CARTESIAN_POINT('Ctrl Pts',(-4.82196112990655,2.80669409693529,0.));
#5640=CARTESIAN_POINT('Ctrl Pts',(-4.82196112990655,2.80669409693529,3.));
#5641=CARTESIAN_POINT('Ctrl Pts',(-4.81191132202827,2.78728180809102,0.));
#5642=CARTESIAN_POINT('Ctrl Pts',(-4.81191132202827,2.78728180809102,3.));
#5643=CARTESIAN_POINT('Ctrl Pts',(-4.80174625500687,2.76799446931022,0.));
#5644=CARTESIAN_POINT('Ctrl Pts',(-4.80174625500687,2.76799446931022,3.));
#5645=CARTESIAN_POINT('Ctrl Pts',(-4.79146596987257,2.74883351302351,0.));
#5646=CARTESIAN_POINT('Ctrl Pts',(-4.79146596987257,2.74883351302351,3.));
#5647=CARTESIAN_POINT('Ctrl Pts',(-4.78107043107746,2.72980052026036,0.));
#5648=CARTESIAN_POINT('Ctrl Pts',(-4.78107043107746,2.72980052026036,3.));
#5649=CARTESIAN_POINT('Ctrl Pts',(-4.77055954746002,2.71089718894901,0.));
#5650=CARTESIAN_POINT('Ctrl Pts',(-4.77055954746002,2.71089718894901,3.));
#5651=CARTESIAN_POINT('Ctrl Pts',(-4.75993321905663,2.69212525284677,0.));
#5652=CARTESIAN_POINT('Ctrl Pts',(-4.75993321905663,2.69212525284677,3.));
#5653=CARTESIAN_POINT('Ctrl Pts',(-4.74919138116229,2.67348640758766,0.));
#5654=CARTESIAN_POINT('Ctrl Pts',(-4.74919138116229,2.67348640758766,3.));
#5655=CARTESIAN_POINT('Ctrl Pts',(-4.73833404094383,2.65498224821268,0.));
#5656=CARTESIAN_POINT('Ctrl Pts',(-4.73833404094383,2.65498224821268,3.));
#5657=CARTESIAN_POINT('Ctrl Pts',(-4.72736134162504,2.63661416251809,0.));
#5658=CARTESIAN_POINT('Ctrl Pts',(-4.72736134162504,2.63661416251809,3.));
#5659=CARTESIAN_POINT('Ctrl Pts',(-4.71627351344057,2.61838340893768,0.));
#5660=CARTESIAN_POINT('Ctrl Pts',(-4.71627351344057,2.61838340893768,3.));
#5661=CARTESIAN_POINT('Ctrl Pts',(-4.70507074970527,2.60029131693066,0.));
#5662=CARTESIAN_POINT('Ctrl Pts',(-4.70507074970527,2.60029131693066,3.));
#5663=CARTESIAN_POINT('Ctrl Pts',(-4.69375309585185,2.58233946614594,0.));
#5664=CARTESIAN_POINT('Ctrl Pts',(-4.69375309585185,2.58233946614594,3.));
#5665=CARTESIAN_POINT('Ctrl Pts',(-4.68232035550782,2.56452983888511,0.));
#5666=CARTESIAN_POINT('Ctrl Pts',(-4.68232035550782,2.56452983888511,3.));
#5667=CARTESIAN_POINT('Ctrl Pts',(-4.67077193619989,2.54686506924505,0.));
#5668=CARTESIAN_POINT('Ctrl Pts',(-4.67077193619989,2.54686506924505,3.));
#5669=CARTESIAN_POINT('Ctrl Pts',(-4.65910695209661,2.52934828138251,0.));
#5670=CARTESIAN_POINT('Ctrl Pts',(-4.65910695209661,2.52934828138251,3.));
#5671=CARTESIAN_POINT('Ctrl Pts',(-4.64732450430598,2.51198264383539,0.));
#5672=CARTESIAN_POINT('Ctrl Pts',(-4.64732450430598,2.51198264383539,3.));
#5673=CARTESIAN_POINT('Ctrl Pts',(-4.63542393358415,2.49477096843868,0.));
#5674=CARTESIAN_POINT('Ctrl Pts',(-4.63542393358415,2.49477096843868,3.));
#5675=CARTESIAN_POINT('Ctrl Pts',(-4.62340503356991,2.47771537208239,0.));
#5676=CARTESIAN_POINT('Ctrl Pts',(-4.62340503356991,2.47771537208239,3.));
#5677=CARTESIAN_POINT('Ctrl Pts',(-4.61126841082723,2.46081670510648,0.));
#5678=CARTESIAN_POINT('Ctrl Pts',(-4.61126841082723,2.46081670510648,3.));
#5679=CARTESIAN_POINT('Ctrl Pts',(-4.59901522344485,2.44407496891941,0.));
#5680=CARTESIAN_POINT('Ctrl Pts',(-4.59901522344485,2.44407496891941,3.));
#5681=CARTESIAN_POINT('Ctrl Pts',(-4.58664650517431,2.42749039355109,0.));
#5682=CARTESIAN_POINT('Ctrl Pts',(-4.58664650517431,2.42749039355109,3.));
#5683=CARTESIAN_POINT('Ctrl Pts',(-4.57416255784868,2.41106440653791,0.));
#5684=CARTESIAN_POINT('Ctrl Pts',(-4.57416255784868,2.41106440653791,3.));
#5685=CARTESIAN_POINT('Ctrl Pts',(-4.56156243589752,2.39480045578521,0.));
#5686=CARTESIAN_POINT('Ctrl Pts',(-4.56156243589752,2.39480045578521,3.));
#5687=CARTESIAN_POINT('Ctrl Pts',(-4.54884309218008,2.3787053706892,0.));
#5688=CARTESIAN_POINT('Ctrl Pts',(-4.54884309218008,2.3787053706892,3.));
#5689=CARTESIAN_POINT('Ctrl Pts',(-4.53600002670632,2.36278833545073,0.));
#5690=CARTESIAN_POINT('Ctrl Pts',(-4.53600002670632,2.36278833545073,3.));
#5691=CARTESIAN_POINT('Ctrl Pts',(-4.52302882914138,2.34705844255283,0.));
#5692=CARTESIAN_POINT('Ctrl Pts',(-4.52302882914138,2.34705844255283,3.));
#5693=CARTESIAN_POINT('Ctrl Pts',(-4.50992657838346,2.3315224731367,0.));
#5694=CARTESIAN_POINT('Ctrl Pts',(-4.50992657838346,2.3315224731367,3.));
#5695=CARTESIAN_POINT('Ctrl Pts',(-4.49669302572078,2.31618302220247,0.));
#5696=CARTESIAN_POINT('Ctrl Pts',(-4.49669302572078,2.31618302220247,3.));
#5697=CARTESIAN_POINT('Ctrl Pts',(-4.48333257097244,2.30103536193862,0.));
#5698=CARTESIAN_POINT('Ctrl Pts',(-4.48333257097244,2.30103536193862,3.));
#5699=CARTESIAN_POINT('Ctrl Pts',(-4.46985246166149,2.28607031574345,0.));
#5700=CARTESIAN_POINT('Ctrl Pts',(-4.46985246166149,2.28607031574345,3.));
#5701=CARTESIAN_POINT('Ctrl Pts',(-4.45625914497229,2.2712800723411,0.));
#5702=CARTESIAN_POINT('Ctrl Pts',(-4.45625914497229,2.2712800723411,3.));
#5703=CARTESIAN_POINT('Ctrl Pts',(-4.44255492624483,2.25666351143909,0.));
#5704=CARTESIAN_POINT('Ctrl Pts',(-4.44255492624483,2.25666351143909,3.));
#5705=CARTESIAN_POINT('Ctrl Pts',(-4.42873509731686,2.24223078362528,0.));
#5706=CARTESIAN_POINT('Ctrl Pts',(-4.42873509731686,2.24223078362528,3.));
#5707=CARTESIAN_POINT('Ctrl Pts',(-4.41478333282944,2.2280106420575,0.));
#5708=CARTESIAN_POINT('Ctrl Pts',(-4.41478333282944,2.2280106420575,3.));
#5709=CARTESIAN_POINT('Ctrl Pts',(-4.40067650485429,2.21404281309615,0.));
#5710=CARTESIAN_POINT('Ctrl Pts',(-4.40067650485429,2.21404281309615,3.));
#5711=CARTESIAN_POINT('Ctrl Pts',(-4.38639292709531,2.20036492539022,0.));
#5712=CARTESIAN_POINT('Ctrl Pts',(-4.38639292709531,2.20036492539022,3.));
#5713=CARTESIAN_POINT('Ctrl Pts',(-4.37192001810692,2.18700034911679,0.));
#5714=CARTESIAN_POINT('Ctrl Pts',(-4.37192001810692,2.18700034911679,3.));
#5715=CARTESIAN_POINT('Ctrl Pts',(-4.35726102100771,2.17394756393591,0.));
#5716=CARTESIAN_POINT('Ctrl Pts',(-4.35726102100771,2.17394756393591,3.));
#5717=CARTESIAN_POINT('Ctrl Pts',(-4.34244524077883,2.16116386374027,0.));
#5718=CARTESIAN_POINT('Ctrl Pts',(-4.34244524077883,2.16116386374027,3.));
#5719=CARTESIAN_POINT('Ctrl Pts',(-4.32751397783927,2.14858815700962,0.));
#5720=CARTESIAN_POINT('Ctrl Pts',(-4.32751397783927,2.14858815700962,3.));
#5721=CARTESIAN_POINT('Ctrl Pts',(-4.31250059512112,2.13617319200855,0.));
#5722=CARTESIAN_POINT('Ctrl Pts',(-4.31250059512112,2.13617319200855,3.));
#5723=CARTESIAN_POINT('Ctrl Pts',(-4.29741193427593,2.123915637796,0.));
#5724=CARTESIAN_POINT('Ctrl Pts',(-4.29741193427593,2.123915637796,3.));
#5725=CARTESIAN_POINT('Ctrl Pts',(-4.28221059619558,2.11188471876958,0.));
#5726=CARTESIAN_POINT('Ctrl Pts',(-4.28221059619558,2.11188471876958,3.));
#5727=CARTESIAN_POINT('Ctrl Pts',(-4.26679291843461,2.1002579210933,0.));
#5728=CARTESIAN_POINT('Ctrl Pts',(-4.26679291843461,2.1002579210933,3.));
#5729=CARTESIAN_POINT('Ctrl Pts',(-4.25101781753033,2.08927324316061,0.));
#5730=CARTESIAN_POINT('Ctrl Pts',(-4.25101781753033,2.08927324316061,3.));
#5731=CARTESIAN_POINT('Ctrl Pts',(-4.23799702753447,2.08119167061285,0.));
#5732=CARTESIAN_POINT('Ctrl Pts',(-4.23799702753447,2.08119167061285,3.));
#5733=CARTESIAN_POINT('Ctrl Pts',(-4.22795516561798,2.07561273737652,0.));
#5734=CARTESIAN_POINT('Ctrl Pts',(-4.22795516561798,2.07561273737652,3.));
#5735=CARTESIAN_POINT('Ctrl Pts',(-4.2211312975473,2.07211862988483,0.));
#5736=CARTESIAN_POINT('Ctrl Pts',(-4.2211312975473,2.07211862988483,3.));
#5737=CARTESIAN_POINT('Ctrl Pts',(-4.21768703977738,2.0704278720789,0.));
#5738=CARTESIAN_POINT('Ctrl Pts',(-4.21768703977738,2.0704278720789,3.));
#5739=CARTESIAN_POINT('',(-5.02093688363813,3.28484288977756,0.));
#5740=CARTESIAN_POINT('Ctrl Pts',(-4.21768703977738,2.0704278720789,0.));
#5741=CARTESIAN_POINT('Ctrl Pts',(-4.2211312975473,2.07211862988483,0.));
#5742=CARTESIAN_POINT('Ctrl Pts',(-4.22795516561798,2.07561273737652,0.));
#5743=CARTESIAN_POINT('Ctrl Pts',(-4.23799702753447,2.08119167061285,0.));
#5744=CARTESIAN_POINT('Ctrl Pts',(-4.25101781753033,2.08927324316061,0.));
#5745=CARTESIAN_POINT('Ctrl Pts',(-4.26679291843461,2.1002579210933,0.));
#5746=CARTESIAN_POINT('Ctrl Pts',(-4.28221059619558,2.11188471876958,0.));
#5747=CARTESIAN_POINT('Ctrl Pts',(-4.29741193427593,2.123915637796,0.));
#5748=CARTESIAN_POINT('Ctrl Pts',(-4.31250059512112,2.13617319200855,0.));
#5749=CARTESIAN_POINT('Ctrl Pts',(-4.32751397783927,2.14858815700962,0.));
#5750=CARTESIAN_POINT('Ctrl Pts',(-4.34244524077883,2.16116386374027,0.));
#5751=CARTESIAN_POINT('Ctrl Pts',(-4.35726102100771,2.17394756393591,0.));
#5752=CARTESIAN_POINT('Ctrl Pts',(-4.37192001810692,2.18700034911679,0.));
#5753=CARTESIAN_POINT('Ctrl Pts',(-4.38639292709531,2.20036492539022,0.));
#5754=CARTESIAN_POINT('Ctrl Pts',(-4.40067650485429,2.21404281309615,0.));
#5755=CARTESIAN_POINT('Ctrl Pts',(-4.41478333282944,2.2280106420575,0.));
#5756=CARTESIAN_POINT('Ctrl Pts',(-4.42873509731686,2.24223078362528,0.));
#5757=CARTESIAN_POINT('Ctrl Pts',(-4.44255492624483,2.25666351143909,0.));
#5758=CARTESIAN_POINT('Ctrl Pts',(-4.45625914497229,2.2712800723411,0.));
#5759=CARTESIAN_POINT('Ctrl Pts',(-4.46985246166149,2.28607031574345,0.));
#5760=CARTESIAN_POINT('Ctrl Pts',(-4.48333257097244,2.30103536193862,0.));
#5761=CARTESIAN_POINT('Ctrl Pts',(-4.49669302572078,2.31618302220247,0.));
#5762=CARTESIAN_POINT('Ctrl Pts',(-4.50992657838346,2.3315224731367,0.));
#5763=CARTESIAN_POINT('Ctrl Pts',(-4.52302882914138,2.34705844255283,0.));
#5764=CARTESIAN_POINT('Ctrl Pts',(-4.53600002670632,2.36278833545073,0.));
#5765=CARTESIAN_POINT('Ctrl Pts',(-4.54884309218008,2.3787053706892,0.));
#5766=CARTESIAN_POINT('Ctrl Pts',(-4.56156243589752,2.39480045578521,0.));
#5767=CARTESIAN_POINT('Ctrl Pts',(-4.57416255784868,2.41106440653791,0.));
#5768=CARTESIAN_POINT('Ctrl Pts',(-4.58664650517431,2.42749039355109,0.));
#5769=CARTESIAN_POINT('Ctrl Pts',(-4.59901522344485,2.44407496891941,0.));
#5770=CARTESIAN_POINT('Ctrl Pts',(-4.61126841082723,2.46081670510648,0.));
#5771=CARTESIAN_POINT('Ctrl Pts',(-4.62340503356991,2.47771537208239,0.));
#5772=CARTESIAN_POINT('Ctrl Pts',(-4.63542393358415,2.49477096843868,0.));
#5773=CARTESIAN_POINT('Ctrl Pts',(-4.64732450430598,2.51198264383539,0.));
#5774=CARTESIAN_POINT('Ctrl Pts',(-4.65910695209661,2.52934828138251,0.));
#5775=CARTESIAN_POINT('Ctrl Pts',(-4.67077193619989,2.54686506924505,0.));
#5776=CARTESIAN_POINT('Ctrl Pts',(-4.68232035550782,2.56452983888511,0.));
#5777=CARTESIAN_POINT('Ctrl Pts',(-4.69375309585185,2.58233946614594,0.));
#5778=CARTESIAN_POINT('Ctrl Pts',(-4.70507074970527,2.60029131693066,0.));
#5779=CARTESIAN_POINT('Ctrl Pts',(-4.71627351344057,2.61838340893768,0.));
#5780=CARTESIAN_POINT('Ctrl Pts',(-4.72736134162504,2.63661416251809,0.));
#5781=CARTESIAN_POINT('Ctrl Pts',(-4.73833404094383,2.65498224821268,0.));
#5782=CARTESIAN_POINT('Ctrl Pts',(-4.74919138116229,2.67348640758766,0.));
#5783=CARTESIAN_POINT('Ctrl Pts',(-4.75993321905663,2.69212525284677,0.));
#5784=CARTESIAN_POINT('Ctrl Pts',(-4.77055954746002,2.71089718894901,0.));
#5785=CARTESIAN_POINT('Ctrl Pts',(-4.78107043107746,2.72980052026036,0.));
#5786=CARTESIAN_POINT('Ctrl Pts',(-4.79146596987257,2.74883351302351,0.));
#5787=CARTESIAN_POINT('Ctrl Pts',(-4.80174625500687,2.76799446931022,0.));
#5788=CARTESIAN_POINT('Ctrl Pts',(-4.81191132202827,2.78728180809102,0.));
#5789=CARTESIAN_POINT('Ctrl Pts',(-4.82196112990655,2.80669409693529,0.));
#5790=CARTESIAN_POINT('Ctrl Pts',(-4.83189558442419,2.82623000042968,0.));
#5791=CARTESIAN_POINT('Ctrl Pts',(-4.84171455206634,2.8458882463073,0.));
#5792=CARTESIAN_POINT('Ctrl Pts',(-4.85141787768841,2.86566758663376,0.));
#5793=CARTESIAN_POINT('Ctrl Pts',(-4.86100540341423,2.88556675301628,0.));
#5794=CARTESIAN_POINT('Ctrl Pts',(-4.87047698098266,2.90558443780937,0.));
#5795=CARTESIAN_POINT('Ctrl Pts',(-4.87983246882023,2.92571932844722,0.));
#5796=CARTESIAN_POINT('Ctrl Pts',(-4.8890717335851,2.94597013042092,0.));
#5797=CARTESIAN_POINT('Ctrl Pts',(-4.89819465003002,2.96633559173738,0.));
#5798=CARTESIAN_POINT('Ctrl Pts',(-4.90720110422535,2.986814531241,0.));
#5799=CARTESIAN_POINT('Ctrl Pts',(-4.91609099057761,3.00740584750099,0.));
#5800=CARTESIAN_POINT('Ctrl Pts',(-4.92486419330454,3.02810847699279,0.));
#5801=CARTESIAN_POINT('Ctrl Pts',(-4.93352057082466,3.04892135996308,0.));
#5802=CARTESIAN_POINT('Ctrl Pts',(-4.9420599413112,3.0698434053072,0.));
#5803=CARTESIAN_POINT('Ctrl Pts',(-4.95048206502689,3.09087344827483,0.));
#5804=CARTESIAN_POINT('Ctrl Pts',(-4.9587866396157,3.11201023092575,0.));
#5805=CARTESIAN_POINT('Ctrl Pts',(-4.96697334595339,3.1332524783125,0.));
#5806=CARTESIAN_POINT('Ctrl Pts',(-4.9750418877969,3.15459896028009,0.));
#5807=CARTESIAN_POINT('Ctrl Pts',(-4.9829920333383,3.17604855688892,0.));
#5808=CARTESIAN_POINT('Ctrl Pts',(-4.99082366014651,3.19760032462383,0.));
#5809=CARTESIAN_POINT('Ctrl Pts',(-4.99853679024226,3.2192535530751,0.));
#5810=CARTESIAN_POINT('Ctrl Pts',(-5.00613153103889,3.24100773409275,0.));
#5811=CARTESIAN_POINT('Ctrl Pts',(-5.01211272664594,3.25849157766874,0.));
#5812=CARTESIAN_POINT('Ctrl Pts',(-5.0165454692911,3.27164966137783,0.));
#5813=CARTESIAN_POINT('Ctrl Pts',(-5.01947701488453,3.2804417998645,0.));
#5814=CARTESIAN_POINT('Ctrl Pts',(-5.02093688363814,3.28484288977755,0.));
#5815=CARTESIAN_POINT('',(-5.02093688363813,3.28484288977756,3.));
#5816=CARTESIAN_POINT('Ctrl Pts',(-5.02093688363814,3.28484288977755,3.));
#5817=CARTESIAN_POINT('Ctrl Pts',(-5.01947701488453,3.2804417998645,3.));
#5818=CARTESIAN_POINT('Ctrl Pts',(-5.0165454692911,3.27164966137783,3.));
#5819=CARTESIAN_POINT('Ctrl Pts',(-5.01211272664594,3.25849157766874,3.));
#5820=CARTESIAN_POINT('Ctrl Pts',(-5.00613153103889,3.24100773409275,3.));
#5821=CARTESIAN_POINT('Ctrl Pts',(-4.99853679024226,3.2192535530751,3.));
#5822=CARTESIAN_POINT('Ctrl Pts',(-4.99082366014651,3.19760032462383,3.));
#5823=CARTESIAN_POINT('Ctrl Pts',(-4.9829920333383,3.17604855688892,3.));
#5824=CARTESIAN_POINT('Ctrl Pts',(-4.9750418877969,3.15459896028009,3.));
#5825=CARTESIAN_POINT('Ctrl Pts',(-4.96697334595339,3.1332524783125,3.));
#5826=CARTESIAN_POINT('Ctrl Pts',(-4.9587866396157,3.11201023092575,3.));
#5827=CARTESIAN_POINT('Ctrl Pts',(-4.95048206502689,3.09087344827483,3.));
#5828=CARTESIAN_POINT('Ctrl Pts',(-4.9420599413112,3.0698434053072,3.));
#5829=CARTESIAN_POINT('Ctrl Pts',(-4.93352057082466,3.04892135996308,3.));
#5830=CARTESIAN_POINT('Ctrl Pts',(-4.92486419330454,3.02810847699279,3.));
#5831=CARTESIAN_POINT('Ctrl Pts',(-4.91609099057761,3.00740584750099,3.));
#5832=CARTESIAN_POINT('Ctrl Pts',(-4.90720110422535,2.986814531241,3.));
#5833=CARTESIAN_POINT('Ctrl Pts',(-4.89819465003002,2.96633559173738,3.));
#5834=CARTESIAN_POINT('Ctrl Pts',(-4.8890717335851,2.94597013042092,3.));
#5835=CARTESIAN_POINT('Ctrl Pts',(-4.87983246882023,2.92571932844722,3.));
#5836=CARTESIAN_POINT('Ctrl Pts',(-4.87047698098266,2.90558443780937,3.));
#5837=CARTESIAN_POINT('Ctrl Pts',(-4.86100540341423,2.88556675301628,3.));
#5838=CARTESIAN_POINT('Ctrl Pts',(-4.85141787768841,2.86566758663376,3.));
#5839=CARTESIAN_POINT('Ctrl Pts',(-4.84171455206634,2.8458882463073,3.));
#5840=CARTESIAN_POINT('Ctrl Pts',(-4.83189558442419,2.82623000042968,3.));
#5841=CARTESIAN_POINT('Ctrl Pts',(-4.82196112990655,2.80669409693529,3.));
#5842=CARTESIAN_POINT('Ctrl Pts',(-4.81191132202827,2.78728180809102,3.));
#5843=CARTESIAN_POINT('Ctrl Pts',(-4.80174625500687,2.76799446931022,3.));
#5844=CARTESIAN_POINT('Ctrl Pts',(-4.79146596987257,2.74883351302351,3.));
#5845=CARTESIAN_POINT('Ctrl Pts',(-4.78107043107746,2.72980052026036,3.));
#5846=CARTESIAN_POINT('Ctrl Pts',(-4.77055954746002,2.71089718894901,3.));
#5847=CARTESIAN_POINT('Ctrl Pts',(-4.75993321905663,2.69212525284677,3.));
#5848=CARTESIAN_POINT('Ctrl Pts',(-4.74919138116229,2.67348640758766,3.));
#5849=CARTESIAN_POINT('Ctrl Pts',(-4.73833404094383,2.65498224821268,3.));
#5850=CARTESIAN_POINT('Ctrl Pts',(-4.72736134162504,2.63661416251809,3.));
#5851=CARTESIAN_POINT('Ctrl Pts',(-4.71627351344057,2.61838340893768,3.));
#5852=CARTESIAN_POINT('Ctrl Pts',(-4.70507074970527,2.60029131693066,3.));
#5853=CARTESIAN_POINT('Ctrl Pts',(-4.69375309585185,2.58233946614594,3.));
#5854=CARTESIAN_POINT('Ctrl Pts',(-4.68232035550782,2.56452983888511,3.));
#5855=CARTESIAN_POINT('Ctrl Pts',(-4.67077193619989,2.54686506924505,3.));
#5856=CARTESIAN_POINT('Ctrl Pts',(-4.65910695209661,2.52934828138251,3.));
#5857=CARTESIAN_POINT('Ctrl Pts',(-4.64732450430598,2.51198264383539,3.));
#5858=CARTESIAN_POINT('Ctrl Pts',(-4.63542393358415,2.49477096843868,3.));
#5859=CARTESIAN_POINT('Ctrl Pts',(-4.62340503356991,2.47771537208239,3.));
#5860=CARTESIAN_POINT('Ctrl Pts',(-4.61126841082723,2.46081670510648,3.));
#5861=CARTESIAN_POINT('Ctrl Pts',(-4.59901522344485,2.44407496891941,3.));
#5862=CARTESIAN_POINT('Ctrl Pts',(-4.58664650517431,2.42749039355109,3.));
#5863=CARTESIAN_POINT('Ctrl Pts',(-4.57416255784868,2.41106440653791,3.));
#5864=CARTESIAN_POINT('Ctrl Pts',(-4.56156243589752,2.39480045578521,3.));
#5865=CARTESIAN_POINT('Ctrl Pts',(-4.54884309218008,2.3787053706892,3.));
#5866=CARTESIAN_POINT('Ctrl Pts',(-4.53600002670632,2.36278833545073,3.));
#5867=CARTESIAN_POINT('Ctrl Pts',(-4.52302882914138,2.34705844255283,3.));
#5868=CARTESIAN_POINT('Ctrl Pts',(-4.50992657838346,2.3315224731367,3.));
#5869=CARTESIAN_POINT('Ctrl Pts',(-4.49669302572078,2.31618302220247,3.));
#5870=CARTESIAN_POINT('Ctrl Pts',(-4.48333257097244,2.30103536193862,3.));
#5871=CARTESIAN_POINT('Ctrl Pts',(-4.46985246166149,2.28607031574345,3.));
#5872=CARTESIAN_POINT('Ctrl Pts',(-4.45625914497229,2.2712800723411,3.));
#5873=CARTESIAN_POINT('Ctrl Pts',(-4.44255492624483,2.25666351143909,3.));
#5874=CARTESIAN_POINT('Ctrl Pts',(-4.42873509731686,2.24223078362528,3.));
#5875=CARTESIAN_POINT('Ctrl Pts',(-4.41478333282944,2.2280106420575,3.));
#5876=CARTESIAN_POINT('Ctrl Pts',(-4.40067650485429,2.21404281309615,3.));
#5877=CARTESIAN_POINT('Ctrl Pts',(-4.38639292709531,2.20036492539022,3.));
#5878=CARTESIAN_POINT('Ctrl Pts',(-4.37192001810692,2.18700034911679,3.));
#5879=CARTESIAN_POINT('Ctrl Pts',(-4.35726102100771,2.17394756393591,3.));
#5880=CARTESIAN_POINT('Ctrl Pts',(-4.34244524077883,2.16116386374027,3.));
#5881=CARTESIAN_POINT('Ctrl Pts',(-4.32751397783927,2.14858815700962,3.));
#5882=CARTESIAN_POINT('Ctrl Pts',(-4.31250059512112,2.13617319200855,3.));
#5883=CARTESIAN_POINT('Ctrl Pts',(-4.29741193427593,2.123915637796,3.));
#5884=CARTESIAN_POINT('Ctrl Pts',(-4.28221059619558,2.11188471876958,3.));
#5885=CARTESIAN_POINT('Ctrl Pts',(-4.26679291843461,2.1002579210933,3.));
#5886=CARTESIAN_POINT('Ctrl Pts',(-4.25101781753033,2.08927324316061,3.));
#5887=CARTESIAN_POINT('Ctrl Pts',(-4.23799702753447,2.08119167061285,3.));
#5888=CARTESIAN_POINT('Ctrl Pts',(-4.22795516561798,2.07561273737652,3.));
#5889=CARTESIAN_POINT('Ctrl Pts',(-4.2211312975473,2.07211862988483,3.));
#5890=CARTESIAN_POINT('Ctrl Pts',(-4.21768703977738,2.0704278720789,3.));
#5891=CARTESIAN_POINT('',(-5.02093688363813,3.28484288977756,0.));
#5892=CARTESIAN_POINT('Origin',(-2.33427252074109E-14,1.69809249441115E-14,
0.));
#5893=CARTESIAN_POINT('',(-4.67562606005691,3.76012246429776,0.));
#5894=CARTESIAN_POINT('Origin',(-2.33427252074109E-14,1.69809249441115E-14,
0.));
#5895=CARTESIAN_POINT('',(-4.67562606005691,3.76012246429776,3.));
#5896=CARTESIAN_POINT('Origin',(-2.33427252074109E-14,1.69809249441115E-14,
3.));
#5897=CARTESIAN_POINT('',(-4.67562606005691,3.76012246429776,0.));
#5898=CARTESIAN_POINT('Ctrl Pts',(-3.27243089150592,3.37146134477395,0.));
#5899=CARTESIAN_POINT('Ctrl Pts',(-3.27243089150592,3.37146134477395,3.));
#5900=CARTESIAN_POINT('Ctrl Pts',(-3.27510323191864,3.37421455567443,0.));
#5901=CARTESIAN_POINT('Ctrl Pts',(-3.27510323191864,3.37421455567443,3.));
#5902=CARTESIAN_POINT('Ctrl Pts',(-3.28053501681846,3.37962470127428,0.));
#5903=CARTESIAN_POINT('Ctrl Pts',(-3.28053501681846,3.37962470127428,3.));
#5904=CARTESIAN_POINT('Ctrl Pts',(-3.28894400361421,3.38745109430519,0.));
#5905=CARTESIAN_POINT('Ctrl Pts',(-3.28894400361421,3.38745109430519,3.));
#5906=CARTESIAN_POINT('Ctrl Pts',(-3.30065368123658,3.39733725821953,0.));
#5907=CARTESIAN_POINT('Ctrl Pts',(-3.30065368123658,3.39733725821953,3.));
#5908=CARTESIAN_POINT('Ctrl Pts',(-3.31597550503127,3.40894581857083,0.));
#5909=CARTESIAN_POINT('Ctrl Pts',(-3.31597550503127,3.40894581857083,3.));
#5910=CARTESIAN_POINT('Ctrl Pts',(-3.33179757116688,3.42001602339941,0.));
#5911=CARTESIAN_POINT('Ctrl Pts',(-3.33179757116688,3.42001602339941,3.));
#5912=CARTESIAN_POINT('Ctrl Pts',(-3.34793712690804,3.43075559660002,0.));
#5913=CARTESIAN_POINT('Ctrl Pts',(-3.34793712690804,3.43075559660002,3.));
#5914=CARTESIAN_POINT('Ctrl Pts',(-3.36425740633925,3.44131797325785,0.));
#5915=CARTESIAN_POINT('Ctrl Pts',(-3.36425740633925,3.44131797325785,3.));
#5916=CARTESIAN_POINT('Ctrl Pts',(-3.38070413010605,3.45176011355368,0.));
#5917=CARTESIAN_POINT('Ctrl Pts',(-3.38070413010605,3.45176011355368,3.));
#5918=CARTESIAN_POINT('Ctrl Pts',(-3.39727835193506,3.46207448137282,0.));
#5919=CARTESIAN_POINT('Ctrl Pts',(-3.39727835193506,3.46207448137282,3.));
#5920=CARTESIAN_POINT('Ctrl Pts',(-3.41401470118414,3.47221474509204,0.));
#5921=CARTESIAN_POINT('Ctrl Pts',(-3.41401470118414,3.47221474509204,3.));
#5922=CARTESIAN_POINT('Ctrl Pts',(-3.43095851681036,3.48212274736078,0.));
#5923=CARTESIAN_POINT('Ctrl Pts',(-3.43095851681036,3.48212274736078,3.));
#5924=CARTESIAN_POINT('Ctrl Pts',(-3.44814135899818,3.49175742057283,0.));
#5925=CARTESIAN_POINT('Ctrl Pts',(-3.44814135899818,3.49175742057283,3.));
#5926=CARTESIAN_POINT('Ctrl Pts',(-3.46556367149807,3.50111521052823,0.));
#5927=CARTESIAN_POINT('Ctrl Pts',(-3.46556367149807,3.50111521052823,3.));
#5928=CARTESIAN_POINT('Ctrl Pts',(-3.4832071158313,3.51021530467467,0.));
#5929=CARTESIAN_POINT('Ctrl Pts',(-3.4832071158313,3.51021530467467,3.));
#5930=CARTESIAN_POINT('Ctrl Pts',(-3.50104260646011,3.51908995579738,0.));
#5931=CARTESIAN_POINT('Ctrl Pts',(-3.50104260646011,3.51908995579738,3.));
#5932=CARTESIAN_POINT('Ctrl Pts',(-3.51903950829344,3.52777343598376,0.));
#5933=CARTESIAN_POINT('Ctrl Pts',(-3.51903950829344,3.52777343598376,3.));
#5934=CARTESIAN_POINT('Ctrl Pts',(-3.53717552026654,3.53629015678721,0.));
#5935=CARTESIAN_POINT('Ctrl Pts',(-3.53717552026654,3.53629015678721,3.));
#5936=CARTESIAN_POINT('Ctrl Pts',(-3.55544244349882,3.54464773264027,0.));
#5937=CARTESIAN_POINT('Ctrl Pts',(-3.55544244349882,3.54464773264027,3.));
#5938=CARTESIAN_POINT('Ctrl Pts',(-3.57384063106251,3.55284362484491,0.));
#5939=CARTESIAN_POINT('Ctrl Pts',(-3.57384063106251,3.55284362484491,3.));
#5940=CARTESIAN_POINT('Ctrl Pts',(-3.59237551963288,3.56086928794743,0.));
#5941=CARTESIAN_POINT('Ctrl Pts',(-3.59237551963288,3.56086928794743,3.));
#5942=CARTESIAN_POINT('Ctrl Pts',(-3.611053597069,3.56871499341795,0.));
#5943=CARTESIAN_POINT('Ctrl Pts',(-3.611053597069,3.56871499341795,3.));
#5944=CARTESIAN_POINT('Ctrl Pts',(-3.62987800016793,3.57637509580573,0.));
#5945=CARTESIAN_POINT('Ctrl Pts',(-3.62987800016793,3.57637509580573,3.));
#5946=CARTESIAN_POINT('Ctrl Pts',(-3.64884633779406,3.58385063354887,0.));
#5947=CARTESIAN_POINT('Ctrl Pts',(-3.64884633779406,3.58385063354887,3.));
#5948=CARTESIAN_POINT('Ctrl Pts',(-3.66795306336897,3.59114648026814,0.));
#5949=CARTESIAN_POINT('Ctrl Pts',(-3.66795306336897,3.59114648026814,3.));
#5950=CARTESIAN_POINT('Ctrl Pts',(-3.68719089229585,3.59826964017303,0.));
#5951=CARTESIAN_POINT('Ctrl Pts',(-3.68719089229585,3.59826964017303,3.));
#5952=CARTESIAN_POINT('Ctrl Pts',(-3.706552480454,3.60522723108254,0.));
#5953=CARTESIAN_POINT('Ctrl Pts',(-3.706552480454,3.60522723108254,3.));
#5954=CARTESIAN_POINT('Ctrl Pts',(-3.72603227431998,3.6120242613992,0.));
#5955=CARTESIAN_POINT('Ctrl Pts',(-3.72603227431998,3.6120242613992,3.));
#5956=CARTESIAN_POINT('Ctrl Pts',(-3.74562728693823,3.61866269587532,0.));
#5957=CARTESIAN_POINT('Ctrl Pts',(-3.74562728693823,3.61866269587532,3.));
#5958=CARTESIAN_POINT('Ctrl Pts',(-3.76533606736945,3.62514268858357,0.));
#5959=CARTESIAN_POINT('Ctrl Pts',(-3.76533606736945,3.62514268858357,3.));
#5960=CARTESIAN_POINT('Ctrl Pts',(-3.7851580773954,3.63146332745098,0.));
#5961=CARTESIAN_POINT('Ctrl Pts',(-3.7851580773954,3.63146332745098,3.));
#5962=CARTESIAN_POINT('Ctrl Pts',(-3.80509295780744,3.63762351150492,0.));
#5963=CARTESIAN_POINT('Ctrl Pts',(-3.80509295780744,3.63762351150492,3.));
#5964=CARTESIAN_POINT('Ctrl Pts',(-3.82513971244565,3.64362292663831,0.));
#5965=CARTESIAN_POINT('Ctrl Pts',(-3.82513971244565,3.64362292663831,3.));
#5966=CARTESIAN_POINT('Ctrl Pts',(-3.8452963917971,3.64946242326727,0.));
#5967=CARTESIAN_POINT('Ctrl Pts',(-3.8452963917971,3.64946242326727,3.));
#5968=CARTESIAN_POINT('Ctrl Pts',(-3.86556052536536,3.65514349727479,0.));
#5969=CARTESIAN_POINT('Ctrl Pts',(-3.86556052536536,3.65514349727479,3.));
#5970=CARTESIAN_POINT('Ctrl Pts',(-3.88592937746471,3.66066798269001,0.));
#5971=CARTESIAN_POINT('Ctrl Pts',(-3.88592937746471,3.66066798269001,3.));
#5972=CARTESIAN_POINT('Ctrl Pts',(-3.90640025058248,3.66603768740623,0.));
#5973=CARTESIAN_POINT('Ctrl Pts',(-3.90640025058248,3.66603768740623,3.));
#5974=CARTESIAN_POINT('Ctrl Pts',(-3.92697082262801,3.67125398887974,0.));
#5975=CARTESIAN_POINT('Ctrl Pts',(-3.92697082262801,3.67125398887974,3.));
#5976=CARTESIAN_POINT('Ctrl Pts',(-3.94763926900287,3.67631768643675,0.));
#5977=CARTESIAN_POINT('Ctrl Pts',(-3.94763926900287,3.67631768643675,3.));
#5978=CARTESIAN_POINT('Ctrl Pts',(-3.96840407333221,3.68122922500654,0.));
#5979=CARTESIAN_POINT('Ctrl Pts',(-3.96840407333221,3.68122922500654,3.));
#5980=CARTESIAN_POINT('Ctrl Pts',(-3.98926391148758,3.68598883156125,0.));
#5981=CARTESIAN_POINT('Ctrl Pts',(-3.98926391148758,3.68598883156125,3.));
#5982=CARTESIAN_POINT('Ctrl Pts',(-4.01021751548094,3.69059667601217,0.));
#5983=CARTESIAN_POINT('Ctrl Pts',(-4.01021751548094,3.69059667601217,3.));
#5984=CARTESIAN_POINT('Ctrl Pts',(-4.031263521181,3.69505305099797,0.));
#5985=CARTESIAN_POINT('Ctrl Pts',(-4.031263521181,3.69505305099797,3.));
#5986=CARTESIAN_POINT('Ctrl Pts',(-4.05240040939897,3.6993584425974,0.));
#5987=CARTESIAN_POINT('Ctrl Pts',(-4.05240040939897,3.6993584425974,3.));
#5988=CARTESIAN_POINT('Ctrl Pts',(-4.073626587486,3.70351343632828,0.));
#5989=CARTESIAN_POINT('Ctrl Pts',(-4.073626587486,3.70351343632828,3.));
#5990=CARTESIAN_POINT('Ctrl Pts',(-4.09494043743137,3.70751866302213,0.));
#5991=CARTESIAN_POINT('Ctrl Pts',(-4.09494043743137,3.70751866302213,3.));
#5992=CARTESIAN_POINT('Ctrl Pts',(-4.11634037257982,3.71137473406742,0.));
#5993=CARTESIAN_POINT('Ctrl Pts',(-4.11634037257982,3.71137473406742,3.));
#5994=CARTESIAN_POINT('Ctrl Pts',(-4.13782490026786,3.71508217183715,0.));
#5995=CARTESIAN_POINT('Ctrl Pts',(-4.13782490026786,3.71508217183715,3.));
#5996=CARTESIAN_POINT('Ctrl Pts',(-4.159392645494,3.71864137995471,0.));
#5997=CARTESIAN_POINT('Ctrl Pts',(-4.159392645494,3.71864137995471,3.));
#5998=CARTESIAN_POINT('Ctrl Pts',(-4.18104230908984,3.72205268147932,0.));
#5999=CARTESIAN_POINT('Ctrl Pts',(-4.18104230908984,3.72205268147932,3.));
#6000=CARTESIAN_POINT('Ctrl Pts',(-4.20277263979933,3.72531634258289,0.));
#6001=CARTESIAN_POINT('Ctrl Pts',(-4.20277263979933,3.72531634258289,3.));
#6002=CARTESIAN_POINT('Ctrl Pts',(-4.224582402824,3.72843260134709,0.));
#6003=CARTESIAN_POINT('Ctrl Pts',(-4.224582402824,3.72843260134709,3.));
#6004=CARTESIAN_POINT('Ctrl Pts',(-4.24647034306423,3.73140169957769,0.));
#6005=CARTESIAN_POINT('Ctrl Pts',(-4.24647034306423,3.73140169957769,3.));
#6006=CARTESIAN_POINT('Ctrl Pts',(-4.26843517106002,3.73422390035464,0.));
#6007=CARTESIAN_POINT('Ctrl Pts',(-4.26843517106002,3.73422390035464,3.));
#6008=CARTESIAN_POINT('Ctrl Pts',(-4.29047559473851,3.7368994746387,0.));
#6009=CARTESIAN_POINT('Ctrl Pts',(-4.29047559473851,3.7368994746387,3.));
#6010=CARTESIAN_POINT('Ctrl Pts',(-4.31259034174368,3.73942869563951,0.));
#6011=CARTESIAN_POINT('Ctrl Pts',(-4.31259034174368,3.73942869563951,3.));
#6012=CARTESIAN_POINT('Ctrl Pts',(-4.3347781826558,3.741811831127,0.));
#6013=CARTESIAN_POINT('Ctrl Pts',(-4.3347781826558,3.741811831127,3.));
#6014=CARTESIAN_POINT('Ctrl Pts',(-4.35703795892295,3.74404913774478,0.));
#6015=CARTESIAN_POINT('Ctrl Pts',(-4.35703795892295,3.74404913774478,3.));
#6016=CARTESIAN_POINT('Ctrl Pts',(-4.37936859039202,3.74614085542834,0.));
#6017=CARTESIAN_POINT('Ctrl Pts',(-4.37936859039202,3.74614085542834,3.));
#6018=CARTESIAN_POINT('Ctrl Pts',(-4.40176902981235,3.74808720270935,0.));
#6019=CARTESIAN_POINT('Ctrl Pts',(-4.40176902981235,3.74808720270935,3.));
#6020=CARTESIAN_POINT('Ctrl Pts',(-4.42423822554758,3.74988837241762,0.));
#6021=CARTESIAN_POINT('Ctrl Pts',(-4.42423822554758,3.74988837241762,3.));
#6022=CARTESIAN_POINT('Ctrl Pts',(-4.44677508370793,3.75154452879547,0.));
#6023=CARTESIAN_POINT('Ctrl Pts',(-4.44677508370793,3.75154452879547,3.));
#6024=CARTESIAN_POINT('Ctrl Pts',(-4.46937842246714,3.7530558037669,0.));
#6025=CARTESIAN_POINT('Ctrl Pts',(-4.46937842246714,3.7530558037669,3.));
#6026=CARTESIAN_POINT('Ctrl Pts',(-4.49204695201981,3.7544222984991,0.));
#6027=CARTESIAN_POINT('Ctrl Pts',(-4.49204695201981,3.7544222984991,3.));
#6028=CARTESIAN_POINT('Ctrl Pts',(-4.51477936120403,3.75564410346733,0.));
#6029=CARTESIAN_POINT('Ctrl Pts',(-4.51477936120403,3.75564410346733,3.));
#6030=CARTESIAN_POINT('Ctrl Pts',(-4.53757438852876,3.7567213170665,0.));
#6031=CARTESIAN_POINT('Ctrl Pts',(-4.53757438852876,3.7567213170665,3.));
#6032=CARTESIAN_POINT('Ctrl Pts',(-4.56043089723554,3.75765406491452,0.));
#6033=CARTESIAN_POINT('Ctrl Pts',(-4.56043089723554,3.75765406491452,3.));
#6034=CARTESIAN_POINT('Ctrl Pts',(-4.58334795215484,3.75844252213476,0.));
#6035=CARTESIAN_POINT('Ctrl Pts',(-4.58334795215484,3.75844252213476,3.));
#6036=CARTESIAN_POINT('Ctrl Pts',(-4.60632488445166,3.75908692919883,0.));
#6037=CARTESIAN_POINT('Ctrl Pts',(-4.60632488445166,3.75908692919883,3.));
#6038=CARTESIAN_POINT('Ctrl Pts',(-4.62936124403919,3.75958754528987,0.));
#6039=CARTESIAN_POINT('Ctrl Pts',(-4.62936124403919,3.75958754528987,3.));
#6040=CARTESIAN_POINT('Ctrl Pts',(-4.64783765849128,3.75987319555522,0.));
#6041=CARTESIAN_POINT('Ctrl Pts',(-4.64783765849128,3.75987319555522,3.));
#6042=CARTESIAN_POINT('Ctrl Pts',(-4.66172153255382,3.76002291285344,0.));
#6043=CARTESIAN_POINT('Ctrl Pts',(-4.66172153255382,3.76002291285344,3.));
#6044=CARTESIAN_POINT('Ctrl Pts',(-4.67098925056188,3.76009405818361,0.));
#6045=CARTESIAN_POINT('Ctrl Pts',(-4.67098925056188,3.76009405818361,3.));
#6046=CARTESIAN_POINT('Ctrl Pts',(-4.67562606005691,3.76012246429776,0.));
#6047=CARTESIAN_POINT('Ctrl Pts',(-4.67562606005691,3.76012246429776,3.));
#6048=CARTESIAN_POINT('Ctrl Pts',(-3.27243089150592,3.37146134477395,0.));
#6049=CARTESIAN_POINT('Ctrl Pts',(-3.27510323191864,3.37421455567443,0.));
#6050=CARTESIAN_POINT('Ctrl Pts',(-3.28053501681846,3.37962470127428,0.));
#6051=CARTESIAN_POINT('Ctrl Pts',(-3.28894400361421,3.38745109430519,0.));
#6052=CARTESIAN_POINT('Ctrl Pts',(-3.30065368123658,3.39733725821953,0.));
#6053=CARTESIAN_POINT('Ctrl Pts',(-3.31597550503127,3.40894581857083,0.));
#6054=CARTESIAN_POINT('Ctrl Pts',(-3.33179757116688,3.42001602339941,0.));
#6055=CARTESIAN_POINT('Ctrl Pts',(-3.34793712690804,3.43075559660002,0.));
#6056=CARTESIAN_POINT('Ctrl Pts',(-3.36425740633925,3.44131797325785,0.));
#6057=CARTESIAN_POINT('Ctrl Pts',(-3.38070413010605,3.45176011355368,0.));
#6058=CARTESIAN_POINT('Ctrl Pts',(-3.39727835193506,3.46207448137282,0.));
#6059=CARTESIAN_POINT('Ctrl Pts',(-3.41401470118414,3.47221474509204,0.));
#6060=CARTESIAN_POINT('Ctrl Pts',(-3.43095851681036,3.48212274736078,0.));
#6061=CARTESIAN_POINT('Ctrl Pts',(-3.44814135899818,3.49175742057283,0.));
#6062=CARTESIAN_POINT('Ctrl Pts',(-3.46556367149807,3.50111521052823,0.));
#6063=CARTESIAN_POINT('Ctrl Pts',(-3.4832071158313,3.51021530467467,0.));
#6064=CARTESIAN_POINT('Ctrl Pts',(-3.50104260646011,3.51908995579738,0.));
#6065=CARTESIAN_POINT('Ctrl Pts',(-3.51903950829344,3.52777343598376,0.));
#6066=CARTESIAN_POINT('Ctrl Pts',(-3.53717552026654,3.53629015678721,0.));
#6067=CARTESIAN_POINT('Ctrl Pts',(-3.55544244349882,3.54464773264027,0.));
#6068=CARTESIAN_POINT('Ctrl Pts',(-3.57384063106251,3.55284362484491,0.));
#6069=CARTESIAN_POINT('Ctrl Pts',(-3.59237551963288,3.56086928794743,0.));
#6070=CARTESIAN_POINT('Ctrl Pts',(-3.611053597069,3.56871499341795,0.));
#6071=CARTESIAN_POINT('Ctrl Pts',(-3.62987800016793,3.57637509580573,0.));
#6072=CARTESIAN_POINT('Ctrl Pts',(-3.64884633779406,3.58385063354887,0.));
#6073=CARTESIAN_POINT('Ctrl Pts',(-3.66795306336897,3.59114648026814,0.));
#6074=CARTESIAN_POINT('Ctrl Pts',(-3.68719089229585,3.59826964017303,0.));
#6075=CARTESIAN_POINT('Ctrl Pts',(-3.706552480454,3.60522723108254,0.));
#6076=CARTESIAN_POINT('Ctrl Pts',(-3.72603227431998,3.6120242613992,0.));
#6077=CARTESIAN_POINT('Ctrl Pts',(-3.74562728693823,3.61866269587532,0.));
#6078=CARTESIAN_POINT('Ctrl Pts',(-3.76533606736945,3.62514268858357,0.));
#6079=CARTESIAN_POINT('Ctrl Pts',(-3.7851580773954,3.63146332745098,0.));
#6080=CARTESIAN_POINT('Ctrl Pts',(-3.80509295780744,3.63762351150492,0.));
#6081=CARTESIAN_POINT('Ctrl Pts',(-3.82513971244565,3.64362292663831,0.));
#6082=CARTESIAN_POINT('Ctrl Pts',(-3.8452963917971,3.64946242326727,0.));
#6083=CARTESIAN_POINT('Ctrl Pts',(-3.86556052536536,3.65514349727479,0.));
#6084=CARTESIAN_POINT('Ctrl Pts',(-3.88592937746471,3.66066798269001,0.));
#6085=CARTESIAN_POINT('Ctrl Pts',(-3.90640025058248,3.66603768740623,0.));
#6086=CARTESIAN_POINT('Ctrl Pts',(-3.92697082262801,3.67125398887974,0.));
#6087=CARTESIAN_POINT('Ctrl Pts',(-3.94763926900287,3.67631768643675,0.));
#6088=CARTESIAN_POINT('Ctrl Pts',(-3.96840407333221,3.68122922500654,0.));
#6089=CARTESIAN_POINT('Ctrl Pts',(-3.98926391148758,3.68598883156125,0.));
#6090=CARTESIAN_POINT('Ctrl Pts',(-4.01021751548094,3.69059667601217,0.));
#6091=CARTESIAN_POINT('Ctrl Pts',(-4.031263521181,3.69505305099797,0.));
#6092=CARTESIAN_POINT('Ctrl Pts',(-4.05240040939897,3.6993584425974,0.));
#6093=CARTESIAN_POINT('Ctrl Pts',(-4.073626587486,3.70351343632828,0.));
#6094=CARTESIAN_POINT('Ctrl Pts',(-4.09494043743137,3.70751866302213,0.));
#6095=CARTESIAN_POINT('Ctrl Pts',(-4.11634037257982,3.71137473406742,0.));
#6096=CARTESIAN_POINT('Ctrl Pts',(-4.13782490026786,3.71508217183715,0.));
#6097=CARTESIAN_POINT('Ctrl Pts',(-4.159392645494,3.71864137995471,0.));
#6098=CARTESIAN_POINT('Ctrl Pts',(-4.18104230908984,3.72205268147932,0.));
#6099=CARTESIAN_POINT('Ctrl Pts',(-4.20277263979933,3.72531634258289,0.));
#6100=CARTESIAN_POINT('Ctrl Pts',(-4.224582402824,3.72843260134709,0.));
#6101=CARTESIAN_POINT('Ctrl Pts',(-4.24647034306423,3.73140169957769,0.));
#6102=CARTESIAN_POINT('Ctrl Pts',(-4.26843517106002,3.73422390035464,0.));
#6103=CARTESIAN_POINT('Ctrl Pts',(-4.29047559473851,3.7368994746387,0.));
#6104=CARTESIAN_POINT('Ctrl Pts',(-4.31259034174368,3.73942869563951,0.));
#6105=CARTESIAN_POINT('Ctrl Pts',(-4.3347781826558,3.741811831127,0.));
#6106=CARTESIAN_POINT('Ctrl Pts',(-4.35703795892295,3.74404913774478,0.));
#6107=CARTESIAN_POINT('Ctrl Pts',(-4.37936859039202,3.74614085542834,0.));
#6108=CARTESIAN_POINT('Ctrl Pts',(-4.40176902981235,3.74808720270935,0.));
#6109=CARTESIAN_POINT('Ctrl Pts',(-4.42423822554758,3.74988837241762,0.));
#6110=CARTESIAN_POINT('Ctrl Pts',(-4.44677508370793,3.75154452879547,0.));
#6111=CARTESIAN_POINT('Ctrl Pts',(-4.46937842246714,3.7530558037669,0.));
#6112=CARTESIAN_POINT('Ctrl Pts',(-4.49204695201981,3.7544222984991,0.));
#6113=CARTESIAN_POINT('Ctrl Pts',(-4.51477936120403,3.75564410346733,0.));
#6114=CARTESIAN_POINT('Ctrl Pts',(-4.53757438852876,3.7567213170665,0.));
#6115=CARTESIAN_POINT('Ctrl Pts',(-4.56043089723554,3.75765406491452,0.));
#6116=CARTESIAN_POINT('Ctrl Pts',(-4.58334795215484,3.75844252213476,0.));
#6117=CARTESIAN_POINT('Ctrl Pts',(-4.60632488445166,3.75908692919883,0.));
#6118=CARTESIAN_POINT('Ctrl Pts',(-4.62936124403919,3.75958754528987,0.));
#6119=CARTESIAN_POINT('Ctrl Pts',(-4.64783765849128,3.75987319555522,0.));
#6120=CARTESIAN_POINT('Ctrl Pts',(-4.66172153255382,3.76002291285344,0.));
#6121=CARTESIAN_POINT('Ctrl Pts',(-4.67098925056188,3.76009405818361,0.));
#6122=CARTESIAN_POINT('Ctrl Pts',(-4.67562606005691,3.76012246429776,0.));
#6123=CARTESIAN_POINT('Ctrl Pts',(-3.27243089150592,3.37146134477395,3.));
#6124=CARTESIAN_POINT('Ctrl Pts',(-3.27510323191864,3.37421455567443,3.));
#6125=CARTESIAN_POINT('Ctrl Pts',(-3.28053501681846,3.37962470127428,3.));
#6126=CARTESIAN_POINT('Ctrl Pts',(-3.28894400361421,3.38745109430519,3.));
#6127=CARTESIAN_POINT('Ctrl Pts',(-3.30065368123658,3.39733725821953,3.));
#6128=CARTESIAN_POINT('Ctrl Pts',(-3.31597550503127,3.40894581857083,3.));
#6129=CARTESIAN_POINT('Ctrl Pts',(-3.33179757116688,3.42001602339941,3.));
#6130=CARTESIAN_POINT('Ctrl Pts',(-3.34793712690804,3.43075559660002,3.));
#6131=CARTESIAN_POINT('Ctrl Pts',(-3.36425740633925,3.44131797325785,3.));
#6132=CARTESIAN_POINT('Ctrl Pts',(-3.38070413010605,3.45176011355368,3.));
#6133=CARTESIAN_POINT('Ctrl Pts',(-3.39727835193506,3.46207448137282,3.));
#6134=CARTESIAN_POINT('Ctrl Pts',(-3.41401470118414,3.47221474509204,3.));
#6135=CARTESIAN_POINT('Ctrl Pts',(-3.43095851681036,3.48212274736078,3.));
#6136=CARTESIAN_POINT('Ctrl Pts',(-3.44814135899818,3.49175742057283,3.));
#6137=CARTESIAN_POINT('Ctrl Pts',(-3.46556367149807,3.50111521052823,3.));
#6138=CARTESIAN_POINT('Ctrl Pts',(-3.4832071158313,3.51021530467467,3.));
#6139=CARTESIAN_POINT('Ctrl Pts',(-3.50104260646011,3.51908995579738,3.));
#6140=CARTESIAN_POINT('Ctrl Pts',(-3.51903950829344,3.52777343598376,3.));
#6141=CARTESIAN_POINT('Ctrl Pts',(-3.53717552026654,3.53629015678721,3.));
#6142=CARTESIAN_POINT('Ctrl Pts',(-3.55544244349882,3.54464773264027,3.));
#6143=CARTESIAN_POINT('Ctrl Pts',(-3.57384063106251,3.55284362484491,3.));
#6144=CARTESIAN_POINT('Ctrl Pts',(-3.59237551963288,3.56086928794743,3.));
#6145=CARTESIAN_POINT('Ctrl Pts',(-3.611053597069,3.56871499341795,3.));
#6146=CARTESIAN_POINT('Ctrl Pts',(-3.62987800016793,3.57637509580573,3.));
#6147=CARTESIAN_POINT('Ctrl Pts',(-3.64884633779406,3.58385063354887,3.));
#6148=CARTESIAN_POINT('Ctrl Pts',(-3.66795306336897,3.59114648026814,3.));
#6149=CARTESIAN_POINT('Ctrl Pts',(-3.68719089229585,3.59826964017303,3.));
#6150=CARTESIAN_POINT('Ctrl Pts',(-3.706552480454,3.60522723108254,3.));
#6151=CARTESIAN_POINT('Ctrl Pts',(-3.72603227431998,3.6120242613992,3.));
#6152=CARTESIAN_POINT('Ctrl Pts',(-3.74562728693823,3.61866269587532,3.));
#6153=CARTESIAN_POINT('Ctrl Pts',(-3.76533606736945,3.62514268858357,3.));
#6154=CARTESIAN_POINT('Ctrl Pts',(-3.7851580773954,3.63146332745098,3.));
#6155=CARTESIAN_POINT('Ctrl Pts',(-3.80509295780744,3.63762351150492,3.));
#6156=CARTESIAN_POINT('Ctrl Pts',(-3.82513971244565,3.64362292663831,3.));
#6157=CARTESIAN_POINT('Ctrl Pts',(-3.8452963917971,3.64946242326727,3.));
#6158=CARTESIAN_POINT('Ctrl Pts',(-3.86556052536536,3.65514349727479,3.));
#6159=CARTESIAN_POINT('Ctrl Pts',(-3.88592937746471,3.66066798269001,3.));
#6160=CARTESIAN_POINT('Ctrl Pts',(-3.90640025058248,3.66603768740623,3.));
#6161=CARTESIAN_POINT('Ctrl Pts',(-3.92697082262801,3.67125398887974,3.));
#6162=CARTESIAN_POINT('Ctrl Pts',(-3.94763926900287,3.67631768643675,3.));
#6163=CARTESIAN_POINT('Ctrl Pts',(-3.96840407333221,3.68122922500654,3.));
#6164=CARTESIAN_POINT('Ctrl Pts',(-3.98926391148758,3.68598883156125,3.));
#6165=CARTESIAN_POINT('Ctrl Pts',(-4.01021751548094,3.69059667601217,3.));
#6166=CARTESIAN_POINT('Ctrl Pts',(-4.031263521181,3.69505305099797,3.));
#6167=CARTESIAN_POINT('Ctrl Pts',(-4.05240040939897,3.6993584425974,3.));
#6168=CARTESIAN_POINT('Ctrl Pts',(-4.073626587486,3.70351343632828,3.));
#6169=CARTESIAN_POINT('Ctrl Pts',(-4.09494043743137,3.70751866302213,3.));
#6170=CARTESIAN_POINT('Ctrl Pts',(-4.11634037257982,3.71137473406742,3.));
#6171=CARTESIAN_POINT('Ctrl Pts',(-4.13782490026786,3.71508217183715,3.));
#6172=CARTESIAN_POINT('Ctrl Pts',(-4.159392645494,3.71864137995471,3.));
#6173=CARTESIAN_POINT('Ctrl Pts',(-4.18104230908984,3.72205268147932,3.));
#6174=CARTESIAN_POINT('Ctrl Pts',(-4.20277263979933,3.72531634258289,3.));
#6175=CARTESIAN_POINT('Ctrl Pts',(-4.224582402824,3.72843260134709,3.));
#6176=CARTESIAN_POINT('Ctrl Pts',(-4.24647034306423,3.73140169957769,3.));
#6177=CARTESIAN_POINT('Ctrl Pts',(-4.26843517106002,3.73422390035464,3.));
#6178=CARTESIAN_POINT('Ctrl Pts',(-4.29047559473851,3.7368994746387,3.));
#6179=CARTESIAN_POINT('Ctrl Pts',(-4.31259034174368,3.73942869563951,3.));
#6180=CARTESIAN_POINT('Ctrl Pts',(-4.3347781826558,3.741811831127,3.));
#6181=CARTESIAN_POINT('Ctrl Pts',(-4.35703795892295,3.74404913774478,3.));
#6182=CARTESIAN_POINT('Ctrl Pts',(-4.37936859039202,3.74614085542834,3.));
#6183=CARTESIAN_POINT('Ctrl Pts',(-4.40176902981235,3.74808720270935,3.));
#6184=CARTESIAN_POINT('Ctrl Pts',(-4.42423822554758,3.74988837241762,3.));
#6185=CARTESIAN_POINT('Ctrl Pts',(-4.44677508370793,3.75154452879547,3.));
#6186=CARTESIAN_POINT('Ctrl Pts',(-4.46937842246714,3.7530558037669,3.));
#6187=CARTESIAN_POINT('Ctrl Pts',(-4.49204695201981,3.7544222984991,3.));
#6188=CARTESIAN_POINT('Ctrl Pts',(-4.51477936120403,3.75564410346733,3.));
#6189=CARTESIAN_POINT('Ctrl Pts',(-4.53757438852876,3.7567213170665,3.));
#6190=CARTESIAN_POINT('Ctrl Pts',(-4.56043089723554,3.75765406491452,3.));
#6191=CARTESIAN_POINT('Ctrl Pts',(-4.58334795215484,3.75844252213476,3.));
#6192=CARTESIAN_POINT('Ctrl Pts',(-4.60632488445166,3.75908692919883,3.));
#6193=CARTESIAN_POINT('Ctrl Pts',(-4.62936124403919,3.75958754528987,3.));
#6194=CARTESIAN_POINT('Ctrl Pts',(-4.64783765849128,3.75987319555522,3.));
#6195=CARTESIAN_POINT('Ctrl Pts',(-4.66172153255382,3.76002291285344,3.));
#6196=CARTESIAN_POINT('Ctrl Pts',(-4.67098925056188,3.76009405818361,3.));
#6197=CARTESIAN_POINT('Ctrl Pts',(-4.67562606005691,3.76012246429776,3.));
#6198=CARTESIAN_POINT('Ctrl Pts',(-2.13124105983821,5.60872637457558,0.));
#6199=CARTESIAN_POINT('Ctrl Pts',(-2.13124105983821,5.60872637457558,3.));
#6200=CARTESIAN_POINT('Ctrl Pts',(-2.13264689695189,5.60430772871849,0.));
#6201=CARTESIAN_POINT('Ctrl Pts',(-2.13264689695189,5.60430772871849,3.));
#6202=CARTESIAN_POINT('Ctrl Pts',(-2.13544311608559,5.59547161999964,0.));
#6203=CARTESIAN_POINT('Ctrl Pts',(-2.13544311608559,5.59547161999964,3.));
#6204=CARTESIAN_POINT('Ctrl Pts',(-2.1395910795066,5.58222100591155,0.));
#6205=CARTESIAN_POINT('Ctrl Pts',(-2.1395910795066,5.58222100591155,3.));
#6206=CARTESIAN_POINT('Ctrl Pts',(-2.14502893602118,5.56456062076267,0.));
#6207=CARTESIAN_POINT('Ctrl Pts',(-2.14502893602118,5.56456062076267,3.));
#6208=CARTESIAN_POINT('Ctrl Pts',(-2.1516714484267,5.54249704198544,0.));
#6209=CARTESIAN_POINT('Ctrl Pts',(-2.1516714484267,5.54249704198544,3.));
#6210=CARTESIAN_POINT('Ctrl Pts',(-2.15815884344759,5.52044554806599,0.));
#6211=CARTESIAN_POINT('Ctrl Pts',(-2.15815884344759,5.52044554806599,3.));
#6212=CARTESIAN_POINT('Ctrl Pts',(-2.16449073550156,5.4984064869703,0.));
#6213=CARTESIAN_POINT('Ctrl Pts',(-2.16449073550156,5.4984064869703,3.));
#6214=CARTESIAN_POINT('Ctrl Pts',(-2.17066668920511,5.47638042048846,0.));
#6215=CARTESIAN_POINT('Ctrl Pts',(-2.17066668920511,5.47638042048846,3.));
#6216=CARTESIAN_POINT('Ctrl Pts',(-2.17668624902276,5.45436818390344,0.));
#6217=CARTESIAN_POINT('Ctrl Pts',(-2.17668624902276,5.45436818390344,3.));
#6218=CARTESIAN_POINT('Ctrl Pts',(-2.18254894420709,5.4323708195187,0.));
#6219=CARTESIAN_POINT('Ctrl Pts',(-2.18254894420709,5.4323708195187,3.));
#6220=CARTESIAN_POINT('Ctrl Pts',(-2.18825429135682,5.41038949667782,0.));
#6221=CARTESIAN_POINT('Ctrl Pts',(-2.18825429135682,5.41038949667782,3.));
#6222=CARTESIAN_POINT('Ctrl Pts',(-2.19380179925354,5.38842543441151,0.));
#6223=CARTESIAN_POINT('Ctrl Pts',(-2.19380179925354,5.38842543441151,3.));
#6224=CARTESIAN_POINT('Ctrl Pts',(-2.19919097310974,5.36647982813519,0.));
#6225=CARTESIAN_POINT('Ctrl Pts',(-2.19919097310974,5.36647982813519,3.));
#6226=CARTESIAN_POINT('Ctrl Pts',(-2.20442132225386,5.34455376106568,0.));
#6227=CARTESIAN_POINT('Ctrl Pts',(-2.20442132225386,5.34455376106568,3.));
#6228=CARTESIAN_POINT('Ctrl Pts',(-2.20949235245163,5.32264822280031,0.));
#6229=CARTESIAN_POINT('Ctrl Pts',(-2.20949235245163,5.32264822280031,3.));
#6230=CARTESIAN_POINT('Ctrl Pts',(-2.2144035553375,5.30076415391701,0.));
#6231=CARTESIAN_POINT('Ctrl Pts',(-2.2144035553375,5.30076415391701,3.));
#6232=CARTESIAN_POINT('Ctrl Pts',(-2.21915439945724,5.27890248288035,0.));
#6233=CARTESIAN_POINT('Ctrl Pts',(-2.21915439945724,5.27890248288035,3.));
#6234=CARTESIAN_POINT('Ctrl Pts',(-2.22374432283298,5.25706416283282,0.));
#6235=CARTESIAN_POINT('Ctrl Pts',(-2.22374432283298,5.25706416283282,3.));
#6236=CARTESIAN_POINT('Ctrl Pts',(-2.22817272336991,5.23525021631555,0.));
#6237=CARTESIAN_POINT('Ctrl Pts',(-2.22817272336991,5.23525021631555,3.));
#6238=CARTESIAN_POINT('Ctrl Pts',(-2.2324389664921,5.21346172983074,0.));
#6239=CARTESIAN_POINT('Ctrl Pts',(-2.2324389664921,5.21346172983074,3.));
#6240=CARTESIAN_POINT('Ctrl Pts',(-2.23654239918211,5.19169982903442,0.));
#6241=CARTESIAN_POINT('Ctrl Pts',(-2.23654239918211,5.19169982903442,3.));
#6242=CARTESIAN_POINT('Ctrl Pts',(-2.24048236446847,5.16996565902945,0.));
#6243=CARTESIAN_POINT('Ctrl Pts',(-2.24048236446847,5.16996565902945,3.));
#6244=CARTESIAN_POINT('Ctrl Pts',(-2.24425821368223,5.14826036486897,0.));
#6245=CARTESIAN_POINT('Ctrl Pts',(-2.24425821368223,5.14826036486897,3.));
#6246=CARTESIAN_POINT('Ctrl Pts',(-2.24786932900532,5.12658506550158,0.));
#6247=CARTESIAN_POINT('Ctrl Pts',(-2.24786932900532,5.12658506550158,3.));
#6248=CARTESIAN_POINT('Ctrl Pts',(-2.25131510243491,5.10494086171911,0.));
#6249=CARTESIAN_POINT('Ctrl Pts',(-2.25131510243491,5.10494086171911,3.));
#6250=CARTESIAN_POINT('Ctrl Pts',(-2.25459489416708,5.08332886128516,0.));
#6251=CARTESIAN_POINT('Ctrl Pts',(-2.25459489416708,5.08332886128516,3.));
#6252=CARTESIAN_POINT('Ctrl Pts',(-2.25770799548914,5.06175019995149,0.));
#6253=CARTESIAN_POINT('Ctrl Pts',(-2.25770799548914,5.06175019995149,3.));
#6254=CARTESIAN_POINT('Ctrl Pts',(-2.26065359763362,5.04020606069575,0.));
#6255=CARTESIAN_POINT('Ctrl Pts',(-2.26065359763362,5.04020606069575,3.));
#6256=CARTESIAN_POINT('Ctrl Pts',(-2.26343074253586,5.01869770170315,0.));
#6257=CARTESIAN_POINT('Ctrl Pts',(-2.26343074253586,5.01869770170315,3.));
#6258=CARTESIAN_POINT('Ctrl Pts',(-2.26603835842747,4.99722644304308,0.));
#6259=CARTESIAN_POINT('Ctrl Pts',(-2.26603835842747,4.99722644304308,3.));
#6260=CARTESIAN_POINT('Ctrl Pts',(-2.26847534535919,4.97579362859751,0.));
#6261=CARTESIAN_POINT('Ctrl Pts',(-2.26847534535919,4.97579362859751,3.));
#6262=CARTESIAN_POINT('Ctrl Pts',(-2.27074065431492,4.95440059213056,0.));
#6263=CARTESIAN_POINT('Ctrl Pts',(-2.27074065431492,4.95440059213056,3.));
#6264=CARTESIAN_POINT('Ctrl Pts',(-2.27283335355115,4.93304862827004,0.));
#6265=CARTESIAN_POINT('Ctrl Pts',(-2.27283335355115,4.93304862827004,3.));
#6266=CARTESIAN_POINT('Ctrl Pts',(-2.27475274321221,4.91173894395157,0.));
#6267=CARTESIAN_POINT('Ctrl Pts',(-2.27475274321221,4.91173894395157,3.));
#6268=CARTESIAN_POINT('Ctrl Pts',(-2.27649826987301,4.89047269259796,0.));
#6269=CARTESIAN_POINT('Ctrl Pts',(-2.27649826987301,4.89047269259796,3.));
#6270=CARTESIAN_POINT('Ctrl Pts',(-2.27806930849203,4.86925106339196,0.));
#6271=CARTESIAN_POINT('Ctrl Pts',(-2.27806930849203,4.86925106339196,3.));
#6272=CARTESIAN_POINT('Ctrl Pts',(-2.27946496733077,4.84807536100105,0.));
#6273=CARTESIAN_POINT('Ctrl Pts',(-2.27946496733077,4.84807536100105,3.));
#6274=CARTESIAN_POINT('Ctrl Pts',(-2.28068392235291,4.82694707371605,0.));
#6275=CARTESIAN_POINT('Ctrl Pts',(-2.28068392235291,4.82694707371605,3.));
#6276=CARTESIAN_POINT('Ctrl Pts',(-2.2817241459542,4.80586798431903,0.));
#6277=CARTESIAN_POINT('Ctrl Pts',(-2.2817241459542,4.80586798431903,3.));
#6278=CARTESIAN_POINT('Ctrl Pts',(-2.28258308514867,4.78484009962724,0.));
#6279=CARTESIAN_POINT('Ctrl Pts',(-2.28258308514867,4.78484009962724,3.));
#6280=CARTESIAN_POINT('Ctrl Pts',(-2.28325815029757,4.76386545468622,0.));
#6281=CARTESIAN_POINT('Ctrl Pts',(-2.28325815029757,4.76386545468622,3.));
#6282=CARTESIAN_POINT('Ctrl Pts',(-2.28374715530628,4.74294593682446,0.));
#6283=CARTESIAN_POINT('Ctrl Pts',(-2.28374715530628,4.74294593682446,3.));
#6284=CARTESIAN_POINT('Ctrl Pts',(-2.28404868894835,4.72208313734588,0.));
#6285=CARTESIAN_POINT('Ctrl Pts',(-2.28404868894835,4.72208313734588,3.));
#6286=CARTESIAN_POINT('Ctrl Pts',(-2.28416274212704,4.7012781007193,0.));
#6287=CARTESIAN_POINT('Ctrl Pts',(-2.28416274212704,4.7012781007193,3.));
#6288=CARTESIAN_POINT('Ctrl Pts',(-2.28409025092797,4.68053150879168,0.));
#6289=CARTESIAN_POINT('Ctrl Pts',(-2.28409025092797,4.68053150879168,3.));
#6290=CARTESIAN_POINT('Ctrl Pts',(-2.28383191646549,4.65984415528504,0.));
#6291=CARTESIAN_POINT('Ctrl Pts',(-2.28383191646549,4.65984415528504,3.));
#6292=CARTESIAN_POINT('Ctrl Pts',(-2.28338714384288,4.63921737251359,0.));
#6293=CARTESIAN_POINT('Ctrl Pts',(-2.28338714384288,4.63921737251359,3.));
#6294=CARTESIAN_POINT('Ctrl Pts',(-2.28275314144963,4.618653394099,0.));
#6295=CARTESIAN_POINT('Ctrl Pts',(-2.28275314144963,4.618653394099,3.));
#6296=CARTESIAN_POINT('Ctrl Pts',(-2.28192342987876,4.59815595407447,0.));
#6297=CARTESIAN_POINT('Ctrl Pts',(-2.28192342987876,4.59815595407447,3.));
#6298=CARTESIAN_POINT('Ctrl Pts',(-2.28088897022401,4.57772983758677,0.));
#6299=CARTESIAN_POINT('Ctrl Pts',(-2.28088897022401,4.57772983758677,3.));
#6300=CARTESIAN_POINT('Ctrl Pts',(-2.2796408500221,4.55737980827943,0.));
#6301=CARTESIAN_POINT('Ctrl Pts',(-2.2796408500221,4.55737980827943,3.));
#6302=CARTESIAN_POINT('Ctrl Pts',(-2.27817272019726,4.53710963523035,0.));
#6303=CARTESIAN_POINT('Ctrl Pts',(-2.27817272019726,4.53710963523035,3.));
#6304=CARTESIAN_POINT('Ctrl Pts',(-2.27648285423459,4.51692127164962,0.));
#6305=CARTESIAN_POINT('Ctrl Pts',(-2.27648285423459,4.51692127164962,3.));
#6306=CARTESIAN_POINT('Ctrl Pts',(-2.27457759060044,4.49681347880615,0.));
#6307=CARTESIAN_POINT('Ctrl Pts',(-2.27457759060044,4.49681347880615,3.));
#6308=CARTESIAN_POINT('Ctrl Pts',(-2.27246818653524,4.47678309266039,0.));
#6309=CARTESIAN_POINT('Ctrl Pts',(-2.27246818653524,4.47678309266039,3.));
#6310=CARTESIAN_POINT('Ctrl Pts',(-2.27016444927347,4.45682758331729,0.));
#6311=CARTESIAN_POINT('Ctrl Pts',(-2.27016444927347,4.45682758331729,3.));
#6312=CARTESIAN_POINT('Ctrl Pts',(-2.26766890236576,4.43694739948605,0.));
#6313=CARTESIAN_POINT('Ctrl Pts',(-2.26766890236576,4.43694739948605,3.));
#6314=CARTESIAN_POINT('Ctrl Pts',(-2.26497177046299,4.41714798577643,0.));
#6315=CARTESIAN_POINT('Ctrl Pts',(-2.26497177046299,4.41714798577643,3.));
#6316=CARTESIAN_POINT('Ctrl Pts',(-2.2620429453902,4.39744300817651,0.));
#6317=CARTESIAN_POINT('Ctrl Pts',(-2.2620429453902,4.39744300817651,3.));
#6318=CARTESIAN_POINT('Ctrl Pts',(-2.25884036569161,4.37785101173184,0.));
#6319=CARTESIAN_POINT('Ctrl Pts',(-2.25884036569161,4.37785101173184,3.));
#6320=CARTESIAN_POINT('Ctrl Pts',(-2.25532436922018,4.35838969177388,0.));
#6321=CARTESIAN_POINT('Ctrl Pts',(-2.25532436922018,4.35838969177388,3.));
#6322=CARTESIAN_POINT('Ctrl Pts',(-2.25147104072719,4.33907055998491,0.));
#6323=CARTESIAN_POINT('Ctrl Pts',(-2.25147104072719,4.33907055998491,3.));
#6324=CARTESIAN_POINT('Ctrl Pts',(-2.2472838975841,4.31989429264134,0.));
#6325=CARTESIAN_POINT('Ctrl Pts',(-2.2472838975841,4.31989429264134,3.));
#6326=CARTESIAN_POINT('Ctrl Pts',(-2.24281175003873,4.30084356481233,0.));
#6327=CARTESIAN_POINT('Ctrl Pts',(-2.24281175003873,4.30084356481233,3.));
#6328=CARTESIAN_POINT('Ctrl Pts',(-2.23812391952658,4.28189322819699,0.));
#6329=CARTESIAN_POINT('Ctrl Pts',(-2.23812391952658,4.28189322819699,3.));
#6330=CARTESIAN_POINT('Ctrl Pts',(-2.2332751710999,4.2630246655778,0.));
#6331=CARTESIAN_POINT('Ctrl Pts',(-2.2332751710999,4.2630246655778,3.));
#6332=CARTESIAN_POINT('Ctrl Pts',(-2.2282729976491,4.24423920358873,0.));
#6333=CARTESIAN_POINT('Ctrl Pts',(-2.2282729976491,4.24423920358873,3.));
#6334=CARTESIAN_POINT('Ctrl Pts',(-2.2230464535801,4.22557086329967,0.));
#6335=CARTESIAN_POINT('Ctrl Pts',(-2.2230464535801,4.22557086329967,3.));
#6336=CARTESIAN_POINT('Ctrl Pts',(-2.21740735046319,4.2071023027769,0.));
#6337=CARTESIAN_POINT('Ctrl Pts',(-2.21740735046319,4.2071023027769,3.));
#6338=CARTESIAN_POINT('Ctrl Pts',(-2.21110165743367,4.18894313998666,0.));
#6339=CARTESIAN_POINT('Ctrl Pts',(-2.21110165743367,4.18894313998666,3.));
#6340=CARTESIAN_POINT('Ctrl Pts',(-2.20531784620573,4.17475158212148,0.));
#6341=CARTESIAN_POINT('Ctrl Pts',(-2.20531784620573,4.17475158212148,3.));
#6342=CARTESIAN_POINT('Ctrl Pts',(-2.20047302393996,4.16433567198274,0.));
#6343=CARTESIAN_POINT('Ctrl Pts',(-2.20047302393996,4.16433567198274,3.));
#6344=CARTESIAN_POINT('Ctrl Pts',(-2.19700618355695,4.15749791062626,0.));
#6345=CARTESIAN_POINT('Ctrl Pts',(-2.19700618355695,4.15749791062626,3.));
#6346=CARTESIAN_POINT('Ctrl Pts',(-2.1952135229916,4.15410557490563,0.));
#6347=CARTESIAN_POINT('Ctrl Pts',(-2.1952135229916,4.15410557490563,3.));
#6348=CARTESIAN_POINT('',(-2.1312410598382,5.60872637457558,0.));
#6349=CARTESIAN_POINT('Ctrl Pts',(-2.1952135229916,4.15410557490563,0.));
#6350=CARTESIAN_POINT('Ctrl Pts',(-2.19700618355695,4.15749791062626,0.));
#6351=CARTESIAN_POINT('Ctrl Pts',(-2.20047302393996,4.16433567198274,0.));
#6352=CARTESIAN_POINT('Ctrl Pts',(-2.20531784620573,4.17475158212148,0.));
#6353=CARTESIAN_POINT('Ctrl Pts',(-2.21110165743367,4.18894313998666,0.));
#6354=CARTESIAN_POINT('Ctrl Pts',(-2.21740735046319,4.2071023027769,0.));
#6355=CARTESIAN_POINT('Ctrl Pts',(-2.2230464535801,4.22557086329967,0.));
#6356=CARTESIAN_POINT('Ctrl Pts',(-2.2282729976491,4.24423920358873,0.));
#6357=CARTESIAN_POINT('Ctrl Pts',(-2.2332751710999,4.2630246655778,0.));
#6358=CARTESIAN_POINT('Ctrl Pts',(-2.23812391952658,4.28189322819699,0.));
#6359=CARTESIAN_POINT('Ctrl Pts',(-2.24281175003873,4.30084356481233,0.));
#6360=CARTESIAN_POINT('Ctrl Pts',(-2.2472838975841,4.31989429264134,0.));
#6361=CARTESIAN_POINT('Ctrl Pts',(-2.25147104072719,4.33907055998491,0.));
#6362=CARTESIAN_POINT('Ctrl Pts',(-2.25532436922018,4.35838969177388,0.));
#6363=CARTESIAN_POINT('Ctrl Pts',(-2.25884036569161,4.37785101173184,0.));
#6364=CARTESIAN_POINT('Ctrl Pts',(-2.2620429453902,4.39744300817651,0.));
#6365=CARTESIAN_POINT('Ctrl Pts',(-2.26497177046299,4.41714798577643,0.));
#6366=CARTESIAN_POINT('Ctrl Pts',(-2.26766890236576,4.43694739948605,0.));
#6367=CARTESIAN_POINT('Ctrl Pts',(-2.27016444927347,4.45682758331729,0.));
#6368=CARTESIAN_POINT('Ctrl Pts',(-2.27246818653524,4.47678309266039,0.));
#6369=CARTESIAN_POINT('Ctrl Pts',(-2.27457759060044,4.49681347880615,0.));
#6370=CARTESIAN_POINT('Ctrl Pts',(-2.27648285423459,4.51692127164962,0.));
#6371=CARTESIAN_POINT('Ctrl Pts',(-2.27817272019726,4.53710963523035,0.));
#6372=CARTESIAN_POINT('Ctrl Pts',(-2.2796408500221,4.55737980827943,0.));
#6373=CARTESIAN_POINT('Ctrl Pts',(-2.28088897022401,4.57772983758677,0.));
#6374=CARTESIAN_POINT('Ctrl Pts',(-2.28192342987876,4.59815595407447,0.));
#6375=CARTESIAN_POINT('Ctrl Pts',(-2.28275314144963,4.618653394099,0.));
#6376=CARTESIAN_POINT('Ctrl Pts',(-2.28338714384288,4.63921737251359,0.));
#6377=CARTESIAN_POINT('Ctrl Pts',(-2.28383191646549,4.65984415528504,0.));
#6378=CARTESIAN_POINT('Ctrl Pts',(-2.28409025092797,4.68053150879168,0.));
#6379=CARTESIAN_POINT('Ctrl Pts',(-2.28416274212704,4.7012781007193,0.));
#6380=CARTESIAN_POINT('Ctrl Pts',(-2.28404868894835,4.72208313734588,0.));
#6381=CARTESIAN_POINT('Ctrl Pts',(-2.28374715530628,4.74294593682446,0.));
#6382=CARTESIAN_POINT('Ctrl Pts',(-2.28325815029757,4.76386545468622,0.));
#6383=CARTESIAN_POINT('Ctrl Pts',(-2.28258308514867,4.78484009962724,0.));
#6384=CARTESIAN_POINT('Ctrl Pts',(-2.2817241459542,4.80586798431903,0.));
#6385=CARTESIAN_POINT('Ctrl Pts',(-2.28068392235291,4.82694707371605,0.));
#6386=CARTESIAN_POINT('Ctrl Pts',(-2.27946496733077,4.84807536100105,0.));
#6387=CARTESIAN_POINT('Ctrl Pts',(-2.27806930849203,4.86925106339196,0.));
#6388=CARTESIAN_POINT('Ctrl Pts',(-2.27649826987301,4.89047269259796,0.));
#6389=CARTESIAN_POINT('Ctrl Pts',(-2.27475274321221,4.91173894395157,0.));
#6390=CARTESIAN_POINT('Ctrl Pts',(-2.27283335355115,4.93304862827004,0.));
#6391=CARTESIAN_POINT('Ctrl Pts',(-2.27074065431492,4.95440059213056,0.));
#6392=CARTESIAN_POINT('Ctrl Pts',(-2.26847534535919,4.97579362859751,0.));
#6393=CARTESIAN_POINT('Ctrl Pts',(-2.26603835842747,4.99722644304308,0.));
#6394=CARTESIAN_POINT('Ctrl Pts',(-2.26343074253586,5.01869770170315,0.));
#6395=CARTESIAN_POINT('Ctrl Pts',(-2.26065359763362,5.04020606069575,0.));
#6396=CARTESIAN_POINT('Ctrl Pts',(-2.25770799548914,5.06175019995149,0.));
#6397=CARTESIAN_POINT('Ctrl Pts',(-2.25459489416708,5.08332886128516,0.));
#6398=CARTESIAN_POINT('Ctrl Pts',(-2.25131510243491,5.10494086171911,0.));
#6399=CARTESIAN_POINT('Ctrl Pts',(-2.24786932900532,5.12658506550158,0.));
#6400=CARTESIAN_POINT('Ctrl Pts',(-2.24425821368223,5.14826036486897,0.));
#6401=CARTESIAN_POINT('Ctrl Pts',(-2.24048236446847,5.16996565902945,0.));
#6402=CARTESIAN_POINT('Ctrl Pts',(-2.23654239918211,5.19169982903442,0.));
#6403=CARTESIAN_POINT('Ctrl Pts',(-2.2324389664921,5.21346172983074,0.));
#6404=CARTESIAN_POINT('Ctrl Pts',(-2.22817272336991,5.23525021631555,0.));
#6405=CARTESIAN_POINT('Ctrl Pts',(-2.22374432283298,5.25706416283282,0.));
#6406=CARTESIAN_POINT('Ctrl Pts',(-2.21915439945724,5.27890248288035,0.));
#6407=CARTESIAN_POINT('Ctrl Pts',(-2.2144035553375,5.30076415391701,0.));
#6408=CARTESIAN_POINT('Ctrl Pts',(-2.20949235245163,5.32264822280031,0.));
#6409=CARTESIAN_POINT('Ctrl Pts',(-2.20442132225386,5.34455376106568,0.));
#6410=CARTESIAN_POINT('Ctrl Pts',(-2.19919097310974,5.36647982813519,0.));
#6411=CARTESIAN_POINT('Ctrl Pts',(-2.19380179925354,5.38842543441151,0.));
#6412=CARTESIAN_POINT('Ctrl Pts',(-2.18825429135682,5.41038949667782,0.));
#6413=CARTESIAN_POINT('Ctrl Pts',(-2.18254894420709,5.4323708195187,0.));
#6414=CARTESIAN_POINT('Ctrl Pts',(-2.17668624902276,5.45436818390344,0.));
#6415=CARTESIAN_POINT('Ctrl Pts',(-2.17066668920511,5.47638042048846,0.));
#6416=CARTESIAN_POINT('Ctrl Pts',(-2.16449073550156,5.4984064869703,0.));
#6417=CARTESIAN_POINT('Ctrl Pts',(-2.15815884344759,5.52044554806599,0.));
#6418=CARTESIAN_POINT('Ctrl Pts',(-2.1516714484267,5.54249704198544,0.));
#6419=CARTESIAN_POINT('Ctrl Pts',(-2.14502893602118,5.56456062076267,0.));
#6420=CARTESIAN_POINT('Ctrl Pts',(-2.1395910795066,5.58222100591155,0.));
#6421=CARTESIAN_POINT('Ctrl Pts',(-2.13544311608559,5.59547161999964,0.));
#6422=CARTESIAN_POINT('Ctrl Pts',(-2.13264689695189,5.60430772871849,0.));
#6423=CARTESIAN_POINT('Ctrl Pts',(-2.13124105983821,5.60872637457558,0.));
#6424=CARTESIAN_POINT('',(-2.1312410598382,5.60872637457558,3.));
#6425=CARTESIAN_POINT('Ctrl Pts',(-2.13124105983821,5.60872637457558,3.));
#6426=CARTESIAN_POINT('Ctrl Pts',(-2.13264689695189,5.60430772871849,3.));
#6427=CARTESIAN_POINT('Ctrl Pts',(-2.13544311608559,5.59547161999964,3.));
#6428=CARTESIAN_POINT('Ctrl Pts',(-2.1395910795066,5.58222100591155,3.));
#6429=CARTESIAN_POINT('Ctrl Pts',(-2.14502893602118,5.56456062076267,3.));
#6430=CARTESIAN_POINT('Ctrl Pts',(-2.1516714484267,5.54249704198544,3.));
#6431=CARTESIAN_POINT('Ctrl Pts',(-2.15815884344759,5.52044554806599,3.));
#6432=CARTESIAN_POINT('Ctrl Pts',(-2.16449073550156,5.4984064869703,3.));
#6433=CARTESIAN_POINT('Ctrl Pts',(-2.17066668920511,5.47638042048846,3.));
#6434=CARTESIAN_POINT('Ctrl Pts',(-2.17668624902276,5.45436818390344,3.));
#6435=CARTESIAN_POINT('Ctrl Pts',(-2.18254894420709,5.4323708195187,3.));
#6436=CARTESIAN_POINT('Ctrl Pts',(-2.18825429135682,5.41038949667782,3.));
#6437=CARTESIAN_POINT('Ctrl Pts',(-2.19380179925354,5.38842543441151,3.));
#6438=CARTESIAN_POINT('Ctrl Pts',(-2.19919097310974,5.36647982813519,3.));
#6439=CARTESIAN_POINT('Ctrl Pts',(-2.20442132225386,5.34455376106568,3.));
#6440=CARTESIAN_POINT('Ctrl Pts',(-2.20949235245163,5.32264822280031,3.));
#6441=CARTESIAN_POINT('Ctrl Pts',(-2.2144035553375,5.30076415391701,3.));
#6442=CARTESIAN_POINT('Ctrl Pts',(-2.21915439945724,5.27890248288035,3.));
#6443=CARTESIAN_POINT('Ctrl Pts',(-2.22374432283298,5.25706416283282,3.));
#6444=CARTESIAN_POINT('Ctrl Pts',(-2.22817272336991,5.23525021631555,3.));
#6445=CARTESIAN_POINT('Ctrl Pts',(-2.2324389664921,5.21346172983074,3.));
#6446=CARTESIAN_POINT('Ctrl Pts',(-2.23654239918211,5.19169982903442,3.));
#6447=CARTESIAN_POINT('Ctrl Pts',(-2.24048236446847,5.16996565902945,3.));
#6448=CARTESIAN_POINT('Ctrl Pts',(-2.24425821368223,5.14826036486897,3.));
#6449=CARTESIAN_POINT('Ctrl Pts',(-2.24786932900532,5.12658506550158,3.));
#6450=CARTESIAN_POINT('Ctrl Pts',(-2.25131510243491,5.10494086171911,3.));
#6451=CARTESIAN_POINT('Ctrl Pts',(-2.25459489416708,5.08332886128516,3.));
#6452=CARTESIAN_POINT('Ctrl Pts',(-2.25770799548914,5.06175019995149,3.));
#6453=CARTESIAN_POINT('Ctrl Pts',(-2.26065359763362,5.04020606069575,3.));
#6454=CARTESIAN_POINT('Ctrl Pts',(-2.26343074253586,5.01869770170315,3.));
#6455=CARTESIAN_POINT('Ctrl Pts',(-2.26603835842747,4.99722644304308,3.));
#6456=CARTESIAN_POINT('Ctrl Pts',(-2.26847534535919,4.97579362859751,3.));
#6457=CARTESIAN_POINT('Ctrl Pts',(-2.27074065431492,4.95440059213056,3.));
#6458=CARTESIAN_POINT('Ctrl Pts',(-2.27283335355115,4.93304862827004,3.));
#6459=CARTESIAN_POINT('Ctrl Pts',(-2.27475274321221,4.91173894395157,3.));
#6460=CARTESIAN_POINT('Ctrl Pts',(-2.27649826987301,4.89047269259796,3.));
#6461=CARTESIAN_POINT('Ctrl Pts',(-2.27806930849203,4.86925106339196,3.));
#6462=CARTESIAN_POINT('Ctrl Pts',(-2.27946496733077,4.84807536100105,3.));
#6463=CARTESIAN_POINT('Ctrl Pts',(-2.28068392235291,4.82694707371605,3.));
#6464=CARTESIAN_POINT('Ctrl Pts',(-2.2817241459542,4.80586798431903,3.));
#6465=CARTESIAN_POINT('Ctrl Pts',(-2.28258308514867,4.78484009962724,3.));
#6466=CARTESIAN_POINT('Ctrl Pts',(-2.28325815029757,4.76386545468622,3.));
#6467=CARTESIAN_POINT('Ctrl Pts',(-2.28374715530628,4.74294593682446,3.));
#6468=CARTESIAN_POINT('Ctrl Pts',(-2.28404868894835,4.72208313734588,3.));
#6469=CARTESIAN_POINT('Ctrl Pts',(-2.28416274212704,4.7012781007193,3.));
#6470=CARTESIAN_POINT('Ctrl Pts',(-2.28409025092797,4.68053150879168,3.));
#6471=CARTESIAN_POINT('Ctrl Pts',(-2.28383191646549,4.65984415528504,3.));
#6472=CARTESIAN_POINT('Ctrl Pts',(-2.28338714384288,4.63921737251359,3.));
#6473=CARTESIAN_POINT('Ctrl Pts',(-2.28275314144963,4.618653394099,3.));
#6474=CARTESIAN_POINT('Ctrl Pts',(-2.28192342987876,4.59815595407447,3.));
#6475=CARTESIAN_POINT('Ctrl Pts',(-2.28088897022401,4.57772983758677,3.));
#6476=CARTESIAN_POINT('Ctrl Pts',(-2.2796408500221,4.55737980827943,3.));
#6477=CARTESIAN_POINT('Ctrl Pts',(-2.27817272019726,4.53710963523035,3.));
#6478=CARTESIAN_POINT('Ctrl Pts',(-2.27648285423459,4.51692127164962,3.));
#6479=CARTESIAN_POINT('Ctrl Pts',(-2.27457759060044,4.49681347880615,3.));
#6480=CARTESIAN_POINT('Ctrl Pts',(-2.27246818653524,4.47678309266039,3.));
#6481=CARTESIAN_POINT('Ctrl Pts',(-2.27016444927347,4.45682758331729,3.));
#6482=CARTESIAN_POINT('Ctrl Pts',(-2.26766890236576,4.43694739948605,3.));
#6483=CARTESIAN_POINT('Ctrl Pts',(-2.26497177046299,4.41714798577643,3.));
#6484=CARTESIAN_POINT('Ctrl Pts',(-2.2620429453902,4.39744300817651,3.));
#6485=CARTESIAN_POINT('Ctrl Pts',(-2.25884036569161,4.37785101173184,3.));
#6486=CARTESIAN_POINT('Ctrl Pts',(-2.25532436922018,4.35838969177388,3.));
#6487=CARTESIAN_POINT('Ctrl Pts',(-2.25147104072719,4.33907055998491,3.));
#6488=CARTESIAN_POINT('Ctrl Pts',(-2.2472838975841,4.31989429264134,3.));
#6489=CARTESIAN_POINT('Ctrl Pts',(-2.24281175003873,4.30084356481233,3.));
#6490=CARTESIAN_POINT('Ctrl Pts',(-2.23812391952658,4.28189322819699,3.));
#6491=CARTESIAN_POINT('Ctrl Pts',(-2.2332751710999,4.2630246655778,3.));
#6492=CARTESIAN_POINT('Ctrl Pts',(-2.2282729976491,4.24423920358873,3.));
#6493=CARTESIAN_POINT('Ctrl Pts',(-2.2230464535801,4.22557086329967,3.));
#6494=CARTESIAN_POINT('Ctrl Pts',(-2.21740735046319,4.2071023027769,3.));
#6495=CARTESIAN_POINT('Ctrl Pts',(-2.21110165743367,4.18894313998666,3.));
#6496=CARTESIAN_POINT('Ctrl Pts',(-2.20531784620573,4.17475158212148,3.));
#6497=CARTESIAN_POINT('Ctrl Pts',(-2.20047302393996,4.16433567198274,3.));
#6498=CARTESIAN_POINT('Ctrl Pts',(-2.19700618355695,4.15749791062626,3.));
#6499=CARTESIAN_POINT('Ctrl Pts',(-2.1952135229916,4.15410557490563,3.));
#6500=CARTESIAN_POINT('',(-2.1312410598382,5.60872637457558,0.));
#6501=CARTESIAN_POINT('Origin',(-8.90352413538577E-15,2.74583664852236E-14,
0.));
#6502=CARTESIAN_POINT('',(-1.57251641060057,5.79026701788371,0.));
#6503=CARTESIAN_POINT('Origin',(-8.90352413538577E-15,2.74583664852236E-14,
0.));
#6504=CARTESIAN_POINT('',(-1.57251641060057,5.79026701788371,3.));
#6505=CARTESIAN_POINT('Origin',(-8.90352413538577E-15,2.74583664852236E-14,
3.));
#6506=CARTESIAN_POINT('',(-1.57251641060057,5.79026701788371,0.));
#6507=CARTESIAN_POINT('Ctrl Pts',(-0.665756947013573,4.65105614097383,0.));
#6508=CARTESIAN_POINT('Ctrl Pts',(-0.665756947013573,4.65105614097383,3.));
#6509=CARTESIAN_POINT('Ctrl Pts',(-0.666300619058465,4.65485429766512,0.));
#6510=CARTESIAN_POINT('Ctrl Pts',(-0.666300619058465,4.65485429766512,3.));
#6511=CARTESIAN_POINT('Ctrl Pts',(-0.667515021555861,4.66242392045518,0.));
#6512=CARTESIAN_POINT('Ctrl Pts',(-0.667515021555861,4.66242392045518,3.));
#6513=CARTESIAN_POINT('Ctrl Pts',(-0.669717796376879,4.67369828384711,0.));
#6514=CARTESIAN_POINT('Ctrl Pts',(-0.669717796376879,4.67369828384711,3.));
#6515=CARTESIAN_POINT('Ctrl Pts',(-0.673380183221433,4.68857913427851,0.));
#6516=CARTESIAN_POINT('Ctrl Pts',(-0.673380183221433,4.68857913427851,3.));
#6517=CARTESIAN_POINT('Ctrl Pts',(-0.678952458481318,4.70697659894768,0.));
#6518=CARTESIAN_POINT('Ctrl Pts',(-0.678952458481318,4.70697659894768,3.));
#6519=CARTESIAN_POINT('Ctrl Pts',(-0.685245875733058,4.72523255992052,0.));
#6520=CARTESIAN_POINT('Ctrl Pts',(-0.685245875733058,4.72523255992052,3.));
#6521=CARTESIAN_POINT('Ctrl Pts',(-0.691990487866081,4.74340764999535,0.));
#6522=CARTESIAN_POINT('Ctrl Pts',(-0.691990487866081,4.74340764999535,3.));
#6523=CARTESIAN_POINT('Ctrl Pts',(-0.698985462050247,4.76154561177548,0.));
#6524=CARTESIAN_POINT('Ctrl Pts',(-0.698985462050247,4.76154561177548,3.));
#6525=CARTESIAN_POINT('Ctrl Pts',(-0.706153405011126,4.77966062241112,0.));
#6526=CARTESIAN_POINT('Ctrl Pts',(-0.706153405011126,4.77966062241112,3.));
#6527=CARTESIAN_POINT('Ctrl Pts',(-0.713499598848525,4.79774720442235,0.));
#6528=CARTESIAN_POINT('Ctrl Pts',(-0.713499598848525,4.79774720442235,3.));
#6529=CARTESIAN_POINT('Ctrl Pts',(-0.721079292346304,4.81578822936447,0.));
#6530=CARTESIAN_POINT('Ctrl Pts',(-0.721079292346304,4.81578822936447,3.));
#6531=CARTESIAN_POINT('Ctrl Pts',(-0.728963349524228,4.83376329652284,0.));
#6532=CARTESIAN_POINT('Ctrl Pts',(-0.728963349524228,4.83376329652284,3.));
#6533=CARTESIAN_POINT('Ctrl Pts',(-0.737201442041144,4.85165773211711,0.));
#6534=CARTESIAN_POINT('Ctrl Pts',(-0.737201442041144,4.85165773211711,3.));
#6535=CARTESIAN_POINT('Ctrl Pts',(-0.745796018005025,4.86946892156908,0.));
#6536=CARTESIAN_POINT('Ctrl Pts',(-0.745796018005025,4.86946892156908,3.));
#6537=CARTESIAN_POINT('Ctrl Pts',(-0.754720963176167,4.88720160876268,0.));
#6538=CARTESIAN_POINT('Ctrl Pts',(-0.754720963176167,4.88720160876268,3.));
#6539=CARTESIAN_POINT('Ctrl Pts',(-0.763933789148717,4.90486479069911,0.));
#6540=CARTESIAN_POINT('Ctrl Pts',(-0.763933789148717,4.90486479069911,3.));
#6541=CARTESIAN_POINT('Ctrl Pts',(-0.773389566985855,4.9224681872248,0.));
#6542=CARTESIAN_POINT('Ctrl Pts',(-0.773389566985855,4.9224681872248,3.));
#6543=CARTESIAN_POINT('Ctrl Pts',(-0.783055905996123,4.94001843946433,0.));
#6544=CARTESIAN_POINT('Ctrl Pts',(-0.783055905996123,4.94001843946433,3.));
#6545=CARTESIAN_POINT('Ctrl Pts',(-0.792921697494635,4.95751688844193,0.));
#6546=CARTESIAN_POINT('Ctrl Pts',(-0.792921697494635,4.95751688844193,3.));
#6547=CARTESIAN_POINT('Ctrl Pts',(-0.802988719332086,4.97496168783839,0.));
#6548=CARTESIAN_POINT('Ctrl Pts',(-0.802988719332086,4.97496168783839,3.));
#6549=CARTESIAN_POINT('Ctrl Pts',(-0.813266392762839,4.992349119834,0.));
#6550=CARTESIAN_POINT('Ctrl Pts',(-0.813266392762839,4.992349119834,3.));
#6551=CARTESIAN_POINT('Ctrl Pts',(-0.823765684861499,5.00967512735065,0.));
#6552=CARTESIAN_POINT('Ctrl Pts',(-0.823765684861499,5.00967512735065,3.));
#6553=CARTESIAN_POINT('Ctrl Pts',(-0.834492451662916,5.02693698688577,0.));
#6554=CARTESIAN_POINT('Ctrl Pts',(-0.834492451662916,5.02693698688577,3.));
#6555=CARTESIAN_POINT('Ctrl Pts',(-0.845444148319124,5.0441341330792,0.));
#6556=CARTESIAN_POINT('Ctrl Pts',(-0.845444148319124,5.0441341330792,3.));
#6557=CARTESIAN_POINT('Ctrl Pts',(-0.856613422911512,5.06126724857599,0.));
#6558=CARTESIAN_POINT('Ctrl Pts',(-0.856613422911512,5.06126724857599,3.));
#6559=CARTESIAN_POINT('Ctrl Pts',(-0.867990265106415,5.07833771812203,0.));
#6560=CARTESIAN_POINT('Ctrl Pts',(-0.867990265106415,5.07833771812203,3.));
#6561=CARTESIAN_POINT('Ctrl Pts',(-0.879564549636362,5.09534698338806,0.));
#6562=CARTESIAN_POINT('Ctrl Pts',(-0.879564549636362,5.09534698338806,3.));
#6563=CARTESIAN_POINT('Ctrl Pts',(-0.891328839741332,5.11229583197764,0.));
#6564=CARTESIAN_POINT('Ctrl Pts',(-0.891328839741332,5.11229583197764,3.));
#6565=CARTESIAN_POINT('Ctrl Pts',(-0.903279564071124,5.12918409772035,0.));
#6566=CARTESIAN_POINT('Ctrl Pts',(-0.903279564071124,5.12918409772035,3.));
#6567=CARTESIAN_POINT('Ctrl Pts',(-0.915415458229513,5.1460110524229,0.));
#6568=CARTESIAN_POINT('Ctrl Pts',(-0.915415458229513,5.1460110524229,3.));
#6569=CARTESIAN_POINT('Ctrl Pts',(-0.927736622891844,5.16277564184598,0.));
#6570=CARTESIAN_POINT('Ctrl Pts',(-0.927736622891844,5.16277564184598,3.));
#6571=CARTESIAN_POINT('Ctrl Pts',(-0.940243414587703,5.17947676414652,0.));
#6572=CARTESIAN_POINT('Ctrl Pts',(-0.940243414587703,5.17947676414652,3.));
#6573=CARTESIAN_POINT('Ctrl Pts',(-0.952935212034293,5.1961135796784,0.));
#6574=CARTESIAN_POINT('Ctrl Pts',(-0.952935212034293,5.1961135796784,3.));
#6575=CARTESIAN_POINT('Ctrl Pts',(-0.965809938180469,5.21268563054779,0.));
#6576=CARTESIAN_POINT('Ctrl Pts',(-0.965809938180469,5.21268563054779,3.));
#6577=CARTESIAN_POINT('Ctrl Pts',(-0.978864715094673,5.22919267482808,0.));
#6578=CARTESIAN_POINT('Ctrl Pts',(-0.978864715094673,5.22919267482808,3.));
#6579=CARTESIAN_POINT('Ctrl Pts',(-0.992096251545383,5.2456345882843,0.));
#6580=CARTESIAN_POINT('Ctrl Pts',(-0.992096251545383,5.2456345882843,3.));
#6581=CARTESIAN_POINT('Ctrl Pts',(-1.005501302546,5.26201124797467,0.));
#6582=CARTESIAN_POINT('Ctrl Pts',(-1.005501302546,5.26201124797467,3.));
#6583=CARTESIAN_POINT('Ctrl Pts',(-1.0190771798372,5.2783224033941,0.));
#6584=CARTESIAN_POINT('Ctrl Pts',(-1.0190771798372,5.2783224033941,3.));
#6585=CARTESIAN_POINT('Ctrl Pts',(-1.03282193745571,5.29456762873905,0.));
#6586=CARTESIAN_POINT('Ctrl Pts',(-1.03282193745571,5.29456762873905,3.));
#6587=CARTESIAN_POINT('Ctrl Pts',(-1.04673408710563,5.31074639266206,0.));
#6588=CARTESIAN_POINT('Ctrl Pts',(-1.04673408710563,5.31074639266206,3.));
#6589=CARTESIAN_POINT('Ctrl Pts',(-1.06081242413366,5.3268581004843,0.));
#6590=CARTESIAN_POINT('Ctrl Pts',(-1.06081242413366,5.3268581004843,3.));
#6591=CARTESIAN_POINT('Ctrl Pts',(-1.07505582284458,5.34290214436219,0.));
#6592=CARTESIAN_POINT('Ctrl Pts',(-1.07505582284458,5.34290214436219,3.));
#6593=CARTESIAN_POINT('Ctrl Pts',(-1.08946300762431,5.35887795922918,0.));
#6594=CARTESIAN_POINT('Ctrl Pts',(-1.08946300762431,5.35887795922918,3.));
#6595=CARTESIAN_POINT('Ctrl Pts',(-1.10403246371336,5.37478504537443,0.));
#6596=CARTESIAN_POINT('Ctrl Pts',(-1.10403246371336,5.37478504537443,3.));
#6597=CARTESIAN_POINT('Ctrl Pts',(-1.11876255847302,5.39062294035632,0.));
#6598=CARTESIAN_POINT('Ctrl Pts',(-1.11876255847302,5.39062294035632,3.));
#6599=CARTESIAN_POINT('Ctrl Pts',(-1.13365161211164,5.40639120348544,0.));
#6600=CARTESIAN_POINT('Ctrl Pts',(-1.13365161211164,5.40639120348544,3.));
#6601=CARTESIAN_POINT('Ctrl Pts',(-1.14869798163305,5.42208939677286,0.));
#6602=CARTESIAN_POINT('Ctrl Pts',(-1.14869798163305,5.42208939677286,3.));
#6603=CARTESIAN_POINT('Ctrl Pts',(-1.16390015240395,5.43771706546167,0.));
#6604=CARTESIAN_POINT('Ctrl Pts',(-1.16390015240395,5.43771706546167,3.));
#6605=CARTESIAN_POINT('Ctrl Pts',(-1.1792567747809,5.45327372788441,0.));
#6606=CARTESIAN_POINT('Ctrl Pts',(-1.1792567747809,5.45327372788441,3.));
#6607=CARTESIAN_POINT('Ctrl Pts',(-1.19476660782516,5.46875888176949,0.));
#6608=CARTESIAN_POINT('Ctrl Pts',(-1.19476660782516,5.46875888176949,3.));
#6609=CARTESIAN_POINT('Ctrl Pts',(-1.21042848279736,5.48417200698463,0.));
#6610=CARTESIAN_POINT('Ctrl Pts',(-1.21042848279736,5.48417200698463,3.));
#6611=CARTESIAN_POINT('Ctrl Pts',(-1.22624126078369,5.49951257034564,0.));
#6612=CARTESIAN_POINT('Ctrl Pts',(-1.22624126078369,5.49951257034564,3.));
#6613=CARTESIAN_POINT('Ctrl Pts',(-1.24220378425734,5.51478002974843,0.));
#6614=CARTESIAN_POINT('Ctrl Pts',(-1.24220378425734,5.51478002974843,3.));
#6615=CARTESIAN_POINT('Ctrl Pts',(-1.25831485538876,5.52997384010358,0.));
#6616=CARTESIAN_POINT('Ctrl Pts',(-1.25831485538876,5.52997384010358,3.));
#6617=CARTESIAN_POINT('Ctrl Pts',(-1.2745732696023,5.54509346116159,0.));
#6618=CARTESIAN_POINT('Ctrl Pts',(-1.2745732696023,5.54509346116159,3.));
#6619=CARTESIAN_POINT('Ctrl Pts',(-1.29097783695171,5.5601383660816,0.));
#6620=CARTESIAN_POINT('Ctrl Pts',(-1.29097783695171,5.5601383660816,3.));
#6621=CARTESIAN_POINT('Ctrl Pts',(-1.30752740542435,5.57510804885923,0.));
#6622=CARTESIAN_POINT('Ctrl Pts',(-1.30752740542435,5.57510804885923,3.));
#6623=CARTESIAN_POINT('Ctrl Pts',(-1.32422088688067,5.5900020361438,0.));
#6624=CARTESIAN_POINT('Ctrl Pts',(-1.32422088688067,5.5900020361438,3.));
#6625=CARTESIAN_POINT('Ctrl Pts',(-1.34105726642792,5.60481988714913,0.));
#6626=CARTESIAN_POINT('Ctrl Pts',(-1.34105726642792,5.60481988714913,3.));
#6627=CARTESIAN_POINT('Ctrl Pts',(-1.35803556837281,5.61956116311257,0.));
#6628=CARTESIAN_POINT('Ctrl Pts',(-1.35803556837281,5.61956116311257,3.));
#6629=CARTESIAN_POINT('Ctrl Pts',(-1.37515482858115,5.63422540190035,0.));
#6630=CARTESIAN_POINT('Ctrl Pts',(-1.37515482858115,5.63422540190035,3.));
#6631=CARTESIAN_POINT('Ctrl Pts',(-1.3924140655383,5.64881209341504,0.));
#6632=CARTESIAN_POINT('Ctrl Pts',(-1.3924140655383,5.64881209341504,3.));
#6633=CARTESIAN_POINT('Ctrl Pts',(-1.40981224558375,5.66332064972533,0.));
#6634=CARTESIAN_POINT('Ctrl Pts',(-1.40981224558375,5.66332064972533,3.));
#6635=CARTESIAN_POINT('Ctrl Pts',(-1.42734826577843,5.67775039454862,0.));
#6636=CARTESIAN_POINT('Ctrl Pts',(-1.42734826577843,5.67775039454862,3.));
#6637=CARTESIAN_POINT('Ctrl Pts',(-1.44502101219005,5.6921006303993,0.));
#6638=CARTESIAN_POINT('Ctrl Pts',(-1.44502101219005,5.6921006303993,3.));
#6639=CARTESIAN_POINT('Ctrl Pts',(-1.46282940641583,5.70637069539467,0.));
#6640=CARTESIAN_POINT('Ctrl Pts',(-1.46282940641583,5.70637069539467,3.));
#6641=CARTESIAN_POINT('Ctrl Pts',(-1.48077245496252,5.72056002299193,0.));
#6642=CARTESIAN_POINT('Ctrl Pts',(-1.48077245496252,5.72056002299193,3.));
#6643=CARTESIAN_POINT('Ctrl Pts',(-1.49884929832714,5.73466820518998,0.));
#6644=CARTESIAN_POINT('Ctrl Pts',(-1.49884929832714,5.73466820518998,3.));
#6645=CARTESIAN_POINT('Ctrl Pts',(-1.51705925406514,5.7486950434031,0.));
#6646=CARTESIAN_POINT('Ctrl Pts',(-1.51705925406514,5.7486950434031,3.));
#6647=CARTESIAN_POINT('Ctrl Pts',(-1.5354018057046,5.76264048276047,0.));
#6648=CARTESIAN_POINT('Ctrl Pts',(-1.5354018057046,5.76264048276047,3.));
#6649=CARTESIAN_POINT('Ctrl Pts',(-1.55018163797818,5.77373174260977,0.));
#6650=CARTESIAN_POINT('Ctrl Pts',(-1.55018163797818,5.77373174260977,3.));
#6651=CARTESIAN_POINT('Ctrl Pts',(-1.56132592642262,5.78201360286703,0.));
#6652=CARTESIAN_POINT('Ctrl Pts',(-1.56132592642262,5.78201360286703,3.));
#6653=CARTESIAN_POINT('Ctrl Pts',(-1.56878184961438,5.78751858861575,0.));
#6654=CARTESIAN_POINT('Ctrl Pts',(-1.56878184961438,5.78751858861575,3.));
#6655=CARTESIAN_POINT('Ctrl Pts',(-1.57251641060057,5.79026701788371,0.));
#6656=CARTESIAN_POINT('Ctrl Pts',(-1.57251641060057,5.79026701788371,3.));
#6657=CARTESIAN_POINT('Ctrl Pts',(-0.665756947013573,4.65105614097383,0.));
#6658=CARTESIAN_POINT('Ctrl Pts',(-0.666300619058465,4.65485429766512,0.));
#6659=CARTESIAN_POINT('Ctrl Pts',(-0.667515021555861,4.66242392045518,0.));
#6660=CARTESIAN_POINT('Ctrl Pts',(-0.669717796376879,4.67369828384711,0.));
#6661=CARTESIAN_POINT('Ctrl Pts',(-0.673380183221433,4.68857913427851,0.));
#6662=CARTESIAN_POINT('Ctrl Pts',(-0.678952458481318,4.70697659894768,0.));
#6663=CARTESIAN_POINT('Ctrl Pts',(-0.685245875733058,4.72523255992052,0.));
#6664=CARTESIAN_POINT('Ctrl Pts',(-0.691990487866081,4.74340764999535,0.));
#6665=CARTESIAN_POINT('Ctrl Pts',(-0.698985462050247,4.76154561177548,0.));
#6666=CARTESIAN_POINT('Ctrl Pts',(-0.706153405011126,4.77966062241112,0.));
#6667=CARTESIAN_POINT('Ctrl Pts',(-0.713499598848525,4.79774720442235,0.));
#6668=CARTESIAN_POINT('Ctrl Pts',(-0.721079292346304,4.81578822936447,0.));
#6669=CARTESIAN_POINT('Ctrl Pts',(-0.728963349524228,4.83376329652284,0.));
#6670=CARTESIAN_POINT('Ctrl Pts',(-0.737201442041144,4.85165773211711,0.));
#6671=CARTESIAN_POINT('Ctrl Pts',(-0.745796018005025,4.86946892156908,0.));
#6672=CARTESIAN_POINT('Ctrl Pts',(-0.754720963176167,4.88720160876268,0.));
#6673=CARTESIAN_POINT('Ctrl Pts',(-0.763933789148717,4.90486479069911,0.));
#6674=CARTESIAN_POINT('Ctrl Pts',(-0.773389566985855,4.9224681872248,0.));
#6675=CARTESIAN_POINT('Ctrl Pts',(-0.783055905996123,4.94001843946433,0.));
#6676=CARTESIAN_POINT('Ctrl Pts',(-0.792921697494635,4.95751688844193,0.));
#6677=CARTESIAN_POINT('Ctrl Pts',(-0.802988719332086,4.97496168783839,0.));
#6678=CARTESIAN_POINT('Ctrl Pts',(-0.813266392762839,4.992349119834,0.));
#6679=CARTESIAN_POINT('Ctrl Pts',(-0.823765684861499,5.00967512735065,0.));
#6680=CARTESIAN_POINT('Ctrl Pts',(-0.834492451662916,5.02693698688577,0.));
#6681=CARTESIAN_POINT('Ctrl Pts',(-0.845444148319124,5.0441341330792,0.));
#6682=CARTESIAN_POINT('Ctrl Pts',(-0.856613422911512,5.06126724857599,0.));
#6683=CARTESIAN_POINT('Ctrl Pts',(-0.867990265106415,5.07833771812203,0.));
#6684=CARTESIAN_POINT('Ctrl Pts',(-0.879564549636362,5.09534698338806,0.));
#6685=CARTESIAN_POINT('Ctrl Pts',(-0.891328839741332,5.11229583197764,0.));
#6686=CARTESIAN_POINT('Ctrl Pts',(-0.903279564071124,5.12918409772035,0.));
#6687=CARTESIAN_POINT('Ctrl Pts',(-0.915415458229513,5.1460110524229,0.));
#6688=CARTESIAN_POINT('Ctrl Pts',(-0.927736622891844,5.16277564184598,0.));
#6689=CARTESIAN_POINT('Ctrl Pts',(-0.940243414587703,5.17947676414652,0.));
#6690=CARTESIAN_POINT('Ctrl Pts',(-0.952935212034293,5.1961135796784,0.));
#6691=CARTESIAN_POINT('Ctrl Pts',(-0.965809938180469,5.21268563054779,0.));
#6692=CARTESIAN_POINT('Ctrl Pts',(-0.978864715094673,5.22919267482808,0.));
#6693=CARTESIAN_POINT('Ctrl Pts',(-0.992096251545383,5.2456345882843,0.));
#6694=CARTESIAN_POINT('Ctrl Pts',(-1.005501302546,5.26201124797467,0.));
#6695=CARTESIAN_POINT('Ctrl Pts',(-1.0190771798372,5.2783224033941,0.));
#6696=CARTESIAN_POINT('Ctrl Pts',(-1.03282193745571,5.29456762873905,0.));
#6697=CARTESIAN_POINT('Ctrl Pts',(-1.04673408710563,5.31074639266206,0.));
#6698=CARTESIAN_POINT('Ctrl Pts',(-1.06081242413366,5.3268581004843,0.));
#6699=CARTESIAN_POINT('Ctrl Pts',(-1.07505582284458,5.34290214436219,0.));
#6700=CARTESIAN_POINT('Ctrl Pts',(-1.08946300762431,5.35887795922918,0.));
#6701=CARTESIAN_POINT('Ctrl Pts',(-1.10403246371336,5.37478504537443,0.));
#6702=CARTESIAN_POINT('Ctrl Pts',(-1.11876255847302,5.39062294035632,0.));
#6703=CARTESIAN_POINT('Ctrl Pts',(-1.13365161211164,5.40639120348544,0.));
#6704=CARTESIAN_POINT('Ctrl Pts',(-1.14869798163305,5.42208939677286,0.));
#6705=CARTESIAN_POINT('Ctrl Pts',(-1.16390015240395,5.43771706546167,0.));
#6706=CARTESIAN_POINT('Ctrl Pts',(-1.1792567747809,5.45327372788441,0.));
#6707=CARTESIAN_POINT('Ctrl Pts',(-1.19476660782516,5.46875888176949,0.));
#6708=CARTESIAN_POINT('Ctrl Pts',(-1.21042848279736,5.48417200698463,0.));
#6709=CARTESIAN_POINT('Ctrl Pts',(-1.22624126078369,5.49951257034564,0.));
#6710=CARTESIAN_POINT('Ctrl Pts',(-1.24220378425734,5.51478002974843,0.));
#6711=CARTESIAN_POINT('Ctrl Pts',(-1.25831485538876,5.52997384010358,0.));
#6712=CARTESIAN_POINT('Ctrl Pts',(-1.2745732696023,5.54509346116159,0.));
#6713=CARTESIAN_POINT('Ctrl Pts',(-1.29097783695171,5.5601383660816,0.));
#6714=CARTESIAN_POINT('Ctrl Pts',(-1.30752740542435,5.57510804885923,0.));
#6715=CARTESIAN_POINT('Ctrl Pts',(-1.32422088688067,5.5900020361438,0.));
#6716=CARTESIAN_POINT('Ctrl Pts',(-1.34105726642792,5.60481988714913,0.));
#6717=CARTESIAN_POINT('Ctrl Pts',(-1.35803556837281,5.61956116311257,0.));
#6718=CARTESIAN_POINT('Ctrl Pts',(-1.37515482858115,5.63422540190035,0.));
#6719=CARTESIAN_POINT('Ctrl Pts',(-1.3924140655383,5.64881209341504,0.));
#6720=CARTESIAN_POINT('Ctrl Pts',(-1.40981224558375,5.66332064972533,0.));
#6721=CARTESIAN_POINT('Ctrl Pts',(-1.42734826577843,5.67775039454862,0.));
#6722=CARTESIAN_POINT('Ctrl Pts',(-1.44502101219005,5.6921006303993,0.));
#6723=CARTESIAN_POINT('Ctrl Pts',(-1.46282940641583,5.70637069539467,0.));
#6724=CARTESIAN_POINT('Ctrl Pts',(-1.48077245496252,5.72056002299193,0.));
#6725=CARTESIAN_POINT('Ctrl Pts',(-1.49884929832714,5.73466820518998,0.));
#6726=CARTESIAN_POINT('Ctrl Pts',(-1.51705925406514,5.7486950434031,0.));
#6727=CARTESIAN_POINT('Ctrl Pts',(-1.5354018057046,5.76264048276047,0.));
#6728=CARTESIAN_POINT('Ctrl Pts',(-1.55018163797818,5.77373174260977,0.));
#6729=CARTESIAN_POINT('Ctrl Pts',(-1.56132592642262,5.78201360286703,0.));
#6730=CARTESIAN_POINT('Ctrl Pts',(-1.56878184961438,5.78751858861575,0.));
#6731=CARTESIAN_POINT('Ctrl Pts',(-1.57251641060057,5.79026701788371,0.));
#6732=CARTESIAN_POINT('Ctrl Pts',(-0.665756947013573,4.65105614097383,3.));
#6733=CARTESIAN_POINT('Ctrl Pts',(-0.666300619058465,4.65485429766512,3.));
#6734=CARTESIAN_POINT('Ctrl Pts',(-0.667515021555861,4.66242392045518,3.));
#6735=CARTESIAN_POINT('Ctrl Pts',(-0.669717796376879,4.67369828384711,3.));
#6736=CARTESIAN_POINT('Ctrl Pts',(-0.673380183221433,4.68857913427851,3.));
#6737=CARTESIAN_POINT('Ctrl Pts',(-0.678952458481318,4.70697659894768,3.));
#6738=CARTESIAN_POINT('Ctrl Pts',(-0.685245875733058,4.72523255992052,3.));
#6739=CARTESIAN_POINT('Ctrl Pts',(-0.691990487866081,4.74340764999535,3.));
#6740=CARTESIAN_POINT('Ctrl Pts',(-0.698985462050247,4.76154561177548,3.));
#6741=CARTESIAN_POINT('Ctrl Pts',(-0.706153405011126,4.77966062241112,3.));
#6742=CARTESIAN_POINT('Ctrl Pts',(-0.713499598848525,4.79774720442235,3.));
#6743=CARTESIAN_POINT('Ctrl Pts',(-0.721079292346304,4.81578822936447,3.));
#6744=CARTESIAN_POINT('Ctrl Pts',(-0.728963349524228,4.83376329652284,3.));
#6745=CARTESIAN_POINT('Ctrl Pts',(-0.737201442041144,4.85165773211711,3.));
#6746=CARTESIAN_POINT('Ctrl Pts',(-0.745796018005025,4.86946892156908,3.));
#6747=CARTESIAN_POINT('Ctrl Pts',(-0.754720963176167,4.88720160876268,3.));
#6748=CARTESIAN_POINT('Ctrl Pts',(-0.763933789148717,4.90486479069911,3.));
#6749=CARTESIAN_POINT('Ctrl Pts',(-0.773389566985855,4.9224681872248,3.));
#6750=CARTESIAN_POINT('Ctrl Pts',(-0.783055905996123,4.94001843946433,3.));
#6751=CARTESIAN_POINT('Ctrl Pts',(-0.792921697494635,4.95751688844193,3.));
#6752=CARTESIAN_POINT('Ctrl Pts',(-0.802988719332086,4.97496168783839,3.));
#6753=CARTESIAN_POINT('Ctrl Pts',(-0.813266392762839,4.992349119834,3.));
#6754=CARTESIAN_POINT('Ctrl Pts',(-0.823765684861499,5.00967512735065,3.));
#6755=CARTESIAN_POINT('Ctrl Pts',(-0.834492451662916,5.02693698688577,3.));
#6756=CARTESIAN_POINT('Ctrl Pts',(-0.845444148319124,5.0441341330792,3.));
#6757=CARTESIAN_POINT('Ctrl Pts',(-0.856613422911512,5.06126724857599,3.));
#6758=CARTESIAN_POINT('Ctrl Pts',(-0.867990265106415,5.07833771812203,3.));
#6759=CARTESIAN_POINT('Ctrl Pts',(-0.879564549636362,5.09534698338806,3.));
#6760=CARTESIAN_POINT('Ctrl Pts',(-0.891328839741332,5.11229583197764,3.));
#6761=CARTESIAN_POINT('Ctrl Pts',(-0.903279564071124,5.12918409772035,3.));
#6762=CARTESIAN_POINT('Ctrl Pts',(-0.915415458229513,5.1460110524229,3.));
#6763=CARTESIAN_POINT('Ctrl Pts',(-0.927736622891844,5.16277564184598,3.));
#6764=CARTESIAN_POINT('Ctrl Pts',(-0.940243414587703,5.17947676414652,3.));
#6765=CARTESIAN_POINT('Ctrl Pts',(-0.952935212034293,5.1961135796784,3.));
#6766=CARTESIAN_POINT('Ctrl Pts',(-0.965809938180469,5.21268563054779,3.));
#6767=CARTESIAN_POINT('Ctrl Pts',(-0.978864715094673,5.22919267482808,3.));
#6768=CARTESIAN_POINT('Ctrl Pts',(-0.992096251545383,5.2456345882843,3.));
#6769=CARTESIAN_POINT('Ctrl Pts',(-1.005501302546,5.26201124797467,3.));
#6770=CARTESIAN_POINT('Ctrl Pts',(-1.0190771798372,5.2783224033941,3.));
#6771=CARTESIAN_POINT('Ctrl Pts',(-1.03282193745571,5.29456762873905,3.));
#6772=CARTESIAN_POINT('Ctrl Pts',(-1.04673408710563,5.31074639266206,3.));
#6773=CARTESIAN_POINT('Ctrl Pts',(-1.06081242413366,5.3268581004843,3.));
#6774=CARTESIAN_POINT('Ctrl Pts',(-1.07505582284458,5.34290214436219,3.));
#6775=CARTESIAN_POINT('Ctrl Pts',(-1.08946300762431,5.35887795922918,3.));
#6776=CARTESIAN_POINT('Ctrl Pts',(-1.10403246371336,5.37478504537443,3.));
#6777=CARTESIAN_POINT('Ctrl Pts',(-1.11876255847302,5.39062294035632,3.));
#6778=CARTESIAN_POINT('Ctrl Pts',(-1.13365161211164,5.40639120348544,3.));
#6779=CARTESIAN_POINT('Ctrl Pts',(-1.14869798163305,5.42208939677286,3.));
#6780=CARTESIAN_POINT('Ctrl Pts',(-1.16390015240395,5.43771706546167,3.));
#6781=CARTESIAN_POINT('Ctrl Pts',(-1.1792567747809,5.45327372788441,3.));
#6782=CARTESIAN_POINT('Ctrl Pts',(-1.19476660782516,5.46875888176949,3.));
#6783=CARTESIAN_POINT('Ctrl Pts',(-1.21042848279736,5.48417200698463,3.));
#6784=CARTESIAN_POINT('Ctrl Pts',(-1.22624126078369,5.49951257034564,3.));
#6785=CARTESIAN_POINT('Ctrl Pts',(-1.24220378425734,5.51478002974843,3.));
#6786=CARTESIAN_POINT('Ctrl Pts',(-1.25831485538876,5.52997384010358,3.));
#6787=CARTESIAN_POINT('Ctrl Pts',(-1.2745732696023,5.54509346116159,3.));
#6788=CARTESIAN_POINT('Ctrl Pts',(-1.29097783695171,5.5601383660816,3.));
#6789=CARTESIAN_POINT('Ctrl Pts',(-1.30752740542435,5.57510804885923,3.));
#6790=CARTESIAN_POINT('Ctrl Pts',(-1.32422088688067,5.5900020361438,3.));
#6791=CARTESIAN_POINT('Ctrl Pts',(-1.34105726642792,5.60481988714913,3.));
#6792=CARTESIAN_POINT('Ctrl Pts',(-1.35803556837281,5.61956116311257,3.));
#6793=CARTESIAN_POINT('Ctrl Pts',(-1.37515482858115,5.63422540190035,3.));
#6794=CARTESIAN_POINT('Ctrl Pts',(-1.3924140655383,5.64881209341504,3.));
#6795=CARTESIAN_POINT('Ctrl Pts',(-1.40981224558375,5.66332064972533,3.));
#6796=CARTESIAN_POINT('Ctrl Pts',(-1.42734826577843,5.67775039454862,3.));
#6797=CARTESIAN_POINT('Ctrl Pts',(-1.44502101219005,5.6921006303993,3.));
#6798=CARTESIAN_POINT('Ctrl Pts',(-1.46282940641583,5.70637069539467,3.));
#6799=CARTESIAN_POINT('Ctrl Pts',(-1.48077245496252,5.72056002299193,3.));
#6800=CARTESIAN_POINT('Ctrl Pts',(-1.49884929832714,5.73466820518998,3.));
#6801=CARTESIAN_POINT('Ctrl Pts',(-1.51705925406514,5.7486950434031,3.));
#6802=CARTESIAN_POINT('Ctrl Pts',(-1.5354018057046,5.76264048276047,3.));
#6803=CARTESIAN_POINT('Ctrl Pts',(-1.55018163797818,5.77373174260977,3.));
#6804=CARTESIAN_POINT('Ctrl Pts',(-1.56132592642262,5.78201360286703,3.));
#6805=CARTESIAN_POINT('Ctrl Pts',(-1.56878184961438,5.78751858861575,3.));
#6806=CARTESIAN_POINT('Ctrl Pts',(-1.57251641060057,5.79026701788371,3.));
#6807=CARTESIAN_POINT('Ctrl Pts',(1.57251641060057,5.79026701788371,0.));
#6808=CARTESIAN_POINT('Ctrl Pts',(1.57251641060057,5.79026701788371,3.));
#6809=CARTESIAN_POINT('Ctrl Pts',(1.56878184961438,5.78751858861575,0.));
#6810=CARTESIAN_POINT('Ctrl Pts',(1.56878184961438,5.78751858861575,3.));
#6811=CARTESIAN_POINT('Ctrl Pts',(1.56132592642262,5.78201360286703,0.));
#6812=CARTESIAN_POINT('Ctrl Pts',(1.56132592642262,5.78201360286703,3.));
#6813=CARTESIAN_POINT('Ctrl Pts',(1.55018163797818,5.77373174260977,0.));
#6814=CARTESIAN_POINT('Ctrl Pts',(1.55018163797818,5.77373174260977,3.));
#6815=CARTESIAN_POINT('Ctrl Pts',(1.5354018057046,5.76264048276047,0.));
#6816=CARTESIAN_POINT('Ctrl Pts',(1.5354018057046,5.76264048276047,3.));
#6817=CARTESIAN_POINT('Ctrl Pts',(1.51705925406514,5.7486950434031,0.));
#6818=CARTESIAN_POINT('Ctrl Pts',(1.51705925406514,5.7486950434031,3.));
#6819=CARTESIAN_POINT('Ctrl Pts',(1.49884929832714,5.73466820518998,0.));
#6820=CARTESIAN_POINT('Ctrl Pts',(1.49884929832714,5.73466820518998,3.));
#6821=CARTESIAN_POINT('Ctrl Pts',(1.48077245496252,5.72056002299193,0.));
#6822=CARTESIAN_POINT('Ctrl Pts',(1.48077245496252,5.72056002299193,3.));
#6823=CARTESIAN_POINT('Ctrl Pts',(1.46282940641583,5.70637069539467,0.));
#6824=CARTESIAN_POINT('Ctrl Pts',(1.46282940641583,5.70637069539467,3.));
#6825=CARTESIAN_POINT('Ctrl Pts',(1.44502101219005,5.6921006303993,0.));
#6826=CARTESIAN_POINT('Ctrl Pts',(1.44502101219005,5.6921006303993,3.));
#6827=CARTESIAN_POINT('Ctrl Pts',(1.42734826577843,5.67775039454862,0.));
#6828=CARTESIAN_POINT('Ctrl Pts',(1.42734826577843,5.67775039454862,3.));
#6829=CARTESIAN_POINT('Ctrl Pts',(1.40981224558375,5.66332064972533,0.));
#6830=CARTESIAN_POINT('Ctrl Pts',(1.40981224558375,5.66332064972533,3.));
#6831=CARTESIAN_POINT('Ctrl Pts',(1.3924140655383,5.64881209341504,0.));
#6832=CARTESIAN_POINT('Ctrl Pts',(1.3924140655383,5.64881209341504,3.));
#6833=CARTESIAN_POINT('Ctrl Pts',(1.37515482858115,5.63422540190035,0.));
#6834=CARTESIAN_POINT('Ctrl Pts',(1.37515482858115,5.63422540190035,3.));
#6835=CARTESIAN_POINT('Ctrl Pts',(1.35803556837281,5.61956116311257,0.));
#6836=CARTESIAN_POINT('Ctrl Pts',(1.35803556837281,5.61956116311257,3.));
#6837=CARTESIAN_POINT('Ctrl Pts',(1.34105726642792,5.60481988714913,0.));
#6838=CARTESIAN_POINT('Ctrl Pts',(1.34105726642792,5.60481988714913,3.));
#6839=CARTESIAN_POINT('Ctrl Pts',(1.32422088688067,5.5900020361438,0.));
#6840=CARTESIAN_POINT('Ctrl Pts',(1.32422088688067,5.5900020361438,3.));
#6841=CARTESIAN_POINT('Ctrl Pts',(1.30752740542435,5.57510804885923,0.));
#6842=CARTESIAN_POINT('Ctrl Pts',(1.30752740542435,5.57510804885923,3.));
#6843=CARTESIAN_POINT('Ctrl Pts',(1.29097783695171,5.5601383660816,0.));
#6844=CARTESIAN_POINT('Ctrl Pts',(1.29097783695171,5.5601383660816,3.));
#6845=CARTESIAN_POINT('Ctrl Pts',(1.2745732696023,5.54509346116159,0.));
#6846=CARTESIAN_POINT('Ctrl Pts',(1.2745732696023,5.54509346116159,3.));
#6847=CARTESIAN_POINT('Ctrl Pts',(1.25831485538876,5.52997384010358,0.));
#6848=CARTESIAN_POINT('Ctrl Pts',(1.25831485538876,5.52997384010358,3.));
#6849=CARTESIAN_POINT('Ctrl Pts',(1.24220378425734,5.51478002974843,0.));
#6850=CARTESIAN_POINT('Ctrl Pts',(1.24220378425734,5.51478002974843,3.));
#6851=CARTESIAN_POINT('Ctrl Pts',(1.22624126078369,5.49951257034564,0.));
#6852=CARTESIAN_POINT('Ctrl Pts',(1.22624126078369,5.49951257034564,3.));
#6853=CARTESIAN_POINT('Ctrl Pts',(1.21042848279736,5.48417200698464,0.));
#6854=CARTESIAN_POINT('Ctrl Pts',(1.21042848279736,5.48417200698464,3.));
#6855=CARTESIAN_POINT('Ctrl Pts',(1.19476660782516,5.46875888176949,0.));
#6856=CARTESIAN_POINT('Ctrl Pts',(1.19476660782516,5.46875888176949,3.));
#6857=CARTESIAN_POINT('Ctrl Pts',(1.1792567747809,5.45327372788441,0.));
#6858=CARTESIAN_POINT('Ctrl Pts',(1.1792567747809,5.45327372788441,3.));
#6859=CARTESIAN_POINT('Ctrl Pts',(1.16390015240395,5.43771706546167,0.));
#6860=CARTESIAN_POINT('Ctrl Pts',(1.16390015240395,5.43771706546167,3.));
#6861=CARTESIAN_POINT('Ctrl Pts',(1.14869798163305,5.42208939677286,0.));
#6862=CARTESIAN_POINT('Ctrl Pts',(1.14869798163305,5.42208939677286,3.));
#6863=CARTESIAN_POINT('Ctrl Pts',(1.13365161211164,5.40639120348544,0.));
#6864=CARTESIAN_POINT('Ctrl Pts',(1.13365161211164,5.40639120348544,3.));
#6865=CARTESIAN_POINT('Ctrl Pts',(1.11876255847302,5.39062294035632,0.));
#6866=CARTESIAN_POINT('Ctrl Pts',(1.11876255847302,5.39062294035632,3.));
#6867=CARTESIAN_POINT('Ctrl Pts',(1.10403246371336,5.37478504537443,0.));
#6868=CARTESIAN_POINT('Ctrl Pts',(1.10403246371336,5.37478504537443,3.));
#6869=CARTESIAN_POINT('Ctrl Pts',(1.08946300762431,5.35887795922918,0.));
#6870=CARTESIAN_POINT('Ctrl Pts',(1.08946300762431,5.35887795922918,3.));
#6871=CARTESIAN_POINT('Ctrl Pts',(1.07505582284458,5.34290214436219,0.));
#6872=CARTESIAN_POINT('Ctrl Pts',(1.07505582284458,5.34290214436219,3.));
#6873=CARTESIAN_POINT('Ctrl Pts',(1.06081242413366,5.3268581004843,0.));
#6874=CARTESIAN_POINT('Ctrl Pts',(1.06081242413366,5.3268581004843,3.));
#6875=CARTESIAN_POINT('Ctrl Pts',(1.04673408710563,5.31074639266206,0.));
#6876=CARTESIAN_POINT('Ctrl Pts',(1.04673408710563,5.31074639266206,3.));
#6877=CARTESIAN_POINT('Ctrl Pts',(1.03282193745572,5.29456762873905,0.));
#6878=CARTESIAN_POINT('Ctrl Pts',(1.03282193745572,5.29456762873905,3.));
#6879=CARTESIAN_POINT('Ctrl Pts',(1.0190771798372,5.2783224033941,0.));
#6880=CARTESIAN_POINT('Ctrl Pts',(1.0190771798372,5.2783224033941,3.));
#6881=CARTESIAN_POINT('Ctrl Pts',(1.005501302546,5.26201124797467,0.));
#6882=CARTESIAN_POINT('Ctrl Pts',(1.005501302546,5.26201124797467,3.));
#6883=CARTESIAN_POINT('Ctrl Pts',(0.992096251545384,5.2456345882843,0.));
#6884=CARTESIAN_POINT('Ctrl Pts',(0.992096251545384,5.2456345882843,3.));
#6885=CARTESIAN_POINT('Ctrl Pts',(0.978864715094673,5.22919267482808,0.));
#6886=CARTESIAN_POINT('Ctrl Pts',(0.978864715094673,5.22919267482808,3.));
#6887=CARTESIAN_POINT('Ctrl Pts',(0.96580993818047,5.21268563054779,0.));
#6888=CARTESIAN_POINT('Ctrl Pts',(0.96580993818047,5.21268563054779,3.));
#6889=CARTESIAN_POINT('Ctrl Pts',(0.952935212034293,5.1961135796784,0.));
#6890=CARTESIAN_POINT('Ctrl Pts',(0.952935212034293,5.1961135796784,3.));
#6891=CARTESIAN_POINT('Ctrl Pts',(0.940243414587704,5.17947676414652,0.));
#6892=CARTESIAN_POINT('Ctrl Pts',(0.940243414587704,5.17947676414652,3.));
#6893=CARTESIAN_POINT('Ctrl Pts',(0.927736622891845,5.16277564184598,0.));
#6894=CARTESIAN_POINT('Ctrl Pts',(0.927736622891845,5.16277564184598,3.));
#6895=CARTESIAN_POINT('Ctrl Pts',(0.915415458229514,5.1460110524229,0.));
#6896=CARTESIAN_POINT('Ctrl Pts',(0.915415458229514,5.1460110524229,3.));
#6897=CARTESIAN_POINT('Ctrl Pts',(0.903279564071124,5.12918409772035,0.));
#6898=CARTESIAN_POINT('Ctrl Pts',(0.903279564071124,5.12918409772035,3.));
#6899=CARTESIAN_POINT('Ctrl Pts',(0.891328839741333,5.11229583197764,0.));
#6900=CARTESIAN_POINT('Ctrl Pts',(0.891328839741333,5.11229583197764,3.));
#6901=CARTESIAN_POINT('Ctrl Pts',(0.879564549636362,5.09534698338806,0.));
#6902=CARTESIAN_POINT('Ctrl Pts',(0.879564549636362,5.09534698338806,3.));
#6903=CARTESIAN_POINT('Ctrl Pts',(0.867990265106415,5.07833771812203,0.));
#6904=CARTESIAN_POINT('Ctrl Pts',(0.867990265106415,5.07833771812203,3.));
#6905=CARTESIAN_POINT('Ctrl Pts',(0.856613422911513,5.06126724857599,0.));
#6906=CARTESIAN_POINT('Ctrl Pts',(0.856613422911513,5.06126724857599,3.));
#6907=CARTESIAN_POINT('Ctrl Pts',(0.845444148319124,5.0441341330792,0.));
#6908=CARTESIAN_POINT('Ctrl Pts',(0.845444148319124,5.0441341330792,3.));
#6909=CARTESIAN_POINT('Ctrl Pts',(0.834492451662917,5.02693698688577,0.));
#6910=CARTESIAN_POINT('Ctrl Pts',(0.834492451662917,5.02693698688577,3.));
#6911=CARTESIAN_POINT('Ctrl Pts',(0.8237656848615,5.00967512735065,0.));
#6912=CARTESIAN_POINT('Ctrl Pts',(0.8237656848615,5.00967512735065,3.));
#6913=CARTESIAN_POINT('Ctrl Pts',(0.813266392762839,4.992349119834,0.));
#6914=CARTESIAN_POINT('Ctrl Pts',(0.813266392762839,4.992349119834,3.));
#6915=CARTESIAN_POINT('Ctrl Pts',(0.802988719332086,4.97496168783839,0.));
#6916=CARTESIAN_POINT('Ctrl Pts',(0.802988719332086,4.97496168783839,3.));
#6917=CARTESIAN_POINT('Ctrl Pts',(0.792921697494636,4.95751688844193,0.));
#6918=CARTESIAN_POINT('Ctrl Pts',(0.792921697494636,4.95751688844193,3.));
#6919=CARTESIAN_POINT('Ctrl Pts',(0.783055905996124,4.94001843946433,0.));
#6920=CARTESIAN_POINT('Ctrl Pts',(0.783055905996124,4.94001843946433,3.));
#6921=CARTESIAN_POINT('Ctrl Pts',(0.773389566985856,4.9224681872248,0.));
#6922=CARTESIAN_POINT('Ctrl Pts',(0.773389566985856,4.9224681872248,3.));
#6923=CARTESIAN_POINT('Ctrl Pts',(0.763933789148718,4.90486479069912,0.));
#6924=CARTESIAN_POINT('Ctrl Pts',(0.763933789148718,4.90486479069912,3.));
#6925=CARTESIAN_POINT('Ctrl Pts',(0.754720963176168,4.88720160876268,0.));
#6926=CARTESIAN_POINT('Ctrl Pts',(0.754720963176168,4.88720160876268,3.));
#6927=CARTESIAN_POINT('Ctrl Pts',(0.745796018005026,4.86946892156908,0.));
#6928=CARTESIAN_POINT('Ctrl Pts',(0.745796018005026,4.86946892156908,3.));
#6929=CARTESIAN_POINT('Ctrl Pts',(0.737201442041145,4.85165773211711,0.));
#6930=CARTESIAN_POINT('Ctrl Pts',(0.737201442041145,4.85165773211711,3.));
#6931=CARTESIAN_POINT('Ctrl Pts',(0.728963349524229,4.83376329652284,0.));
#6932=CARTESIAN_POINT('Ctrl Pts',(0.728963349524229,4.83376329652284,3.));
#6933=CARTESIAN_POINT('Ctrl Pts',(0.721079292346305,4.81578822936447,0.));
#6934=CARTESIAN_POINT('Ctrl Pts',(0.721079292346305,4.81578822936447,3.));
#6935=CARTESIAN_POINT('Ctrl Pts',(0.713499598848526,4.79774720442235,0.));
#6936=CARTESIAN_POINT('Ctrl Pts',(0.713499598848526,4.79774720442235,3.));
#6937=CARTESIAN_POINT('Ctrl Pts',(0.706153405011126,4.77966062241112,0.));
#6938=CARTESIAN_POINT('Ctrl Pts',(0.706153405011126,4.77966062241112,3.));
#6939=CARTESIAN_POINT('Ctrl Pts',(0.698985462050248,4.76154561177548,0.));
#6940=CARTESIAN_POINT('Ctrl Pts',(0.698985462050248,4.76154561177548,3.));
#6941=CARTESIAN_POINT('Ctrl Pts',(0.691990487866082,4.74340764999535,0.));
#6942=CARTESIAN_POINT('Ctrl Pts',(0.691990487866082,4.74340764999535,3.));
#6943=CARTESIAN_POINT('Ctrl Pts',(0.685245875733059,4.72523255992052,0.));
#6944=CARTESIAN_POINT('Ctrl Pts',(0.685245875733059,4.72523255992052,3.));
#6945=CARTESIAN_POINT('Ctrl Pts',(0.678952458481319,4.70697659894768,0.));
#6946=CARTESIAN_POINT('Ctrl Pts',(0.678952458481319,4.70697659894768,3.));
#6947=CARTESIAN_POINT('Ctrl Pts',(0.673380183221433,4.68857913427851,0.));
#6948=CARTESIAN_POINT('Ctrl Pts',(0.673380183221433,4.68857913427851,3.));
#6949=CARTESIAN_POINT('Ctrl Pts',(0.669717796376879,4.67369828384711,0.));
#6950=CARTESIAN_POINT('Ctrl Pts',(0.669717796376879,4.67369828384711,3.));
#6951=CARTESIAN_POINT('Ctrl Pts',(0.667515021555861,4.66242392045518,0.));
#6952=CARTESIAN_POINT('Ctrl Pts',(0.667515021555861,4.66242392045518,3.));
#6953=CARTESIAN_POINT('Ctrl Pts',(0.666300619058466,4.65485429766512,0.));
#6954=CARTESIAN_POINT('Ctrl Pts',(0.666300619058466,4.65485429766512,3.));
#6955=CARTESIAN_POINT('Ctrl Pts',(0.665756947013574,4.65105614097383,0.));
#6956=CARTESIAN_POINT('Ctrl Pts',(0.665756947013574,4.65105614097383,3.));
#6957=CARTESIAN_POINT('',(1.57251641060058,5.79026701788371,0.));
#6958=CARTESIAN_POINT('Ctrl Pts',(0.665756947013574,4.65105614097383,0.));
#6959=CARTESIAN_POINT('Ctrl Pts',(0.666300619058466,4.65485429766512,0.));
#6960=CARTESIAN_POINT('Ctrl Pts',(0.667515021555861,4.66242392045518,0.));
#6961=CARTESIAN_POINT('Ctrl Pts',(0.669717796376879,4.67369828384711,0.));
#6962=CARTESIAN_POINT('Ctrl Pts',(0.673380183221433,4.68857913427851,0.));
#6963=CARTESIAN_POINT('Ctrl Pts',(0.678952458481319,4.70697659894768,0.));
#6964=CARTESIAN_POINT('Ctrl Pts',(0.685245875733059,4.72523255992052,0.));
#6965=CARTESIAN_POINT('Ctrl Pts',(0.691990487866082,4.74340764999535,0.));
#6966=CARTESIAN_POINT('Ctrl Pts',(0.698985462050248,4.76154561177548,0.));
#6967=CARTESIAN_POINT('Ctrl Pts',(0.706153405011126,4.77966062241112,0.));
#6968=CARTESIAN_POINT('Ctrl Pts',(0.713499598848526,4.79774720442235,0.));
#6969=CARTESIAN_POINT('Ctrl Pts',(0.721079292346305,4.81578822936447,0.));
#6970=CARTESIAN_POINT('Ctrl Pts',(0.728963349524229,4.83376329652284,0.));
#6971=CARTESIAN_POINT('Ctrl Pts',(0.737201442041145,4.85165773211711,0.));
#6972=CARTESIAN_POINT('Ctrl Pts',(0.745796018005026,4.86946892156908,0.));
#6973=CARTESIAN_POINT('Ctrl Pts',(0.754720963176168,4.88720160876268,0.));
#6974=CARTESIAN_POINT('Ctrl Pts',(0.763933789148718,4.90486479069912,0.));
#6975=CARTESIAN_POINT('Ctrl Pts',(0.773389566985856,4.9224681872248,0.));
#6976=CARTESIAN_POINT('Ctrl Pts',(0.783055905996124,4.94001843946433,0.));
#6977=CARTESIAN_POINT('Ctrl Pts',(0.792921697494636,4.95751688844193,0.));
#6978=CARTESIAN_POINT('Ctrl Pts',(0.802988719332086,4.97496168783839,0.));
#6979=CARTESIAN_POINT('Ctrl Pts',(0.813266392762839,4.992349119834,0.));
#6980=CARTESIAN_POINT('Ctrl Pts',(0.8237656848615,5.00967512735065,0.));
#6981=CARTESIAN_POINT('Ctrl Pts',(0.834492451662917,5.02693698688577,0.));
#6982=CARTESIAN_POINT('Ctrl Pts',(0.845444148319124,5.0441341330792,0.));
#6983=CARTESIAN_POINT('Ctrl Pts',(0.856613422911513,5.06126724857599,0.));
#6984=CARTESIAN_POINT('Ctrl Pts',(0.867990265106415,5.07833771812203,0.));
#6985=CARTESIAN_POINT('Ctrl Pts',(0.879564549636362,5.09534698338806,0.));
#6986=CARTESIAN_POINT('Ctrl Pts',(0.891328839741333,5.11229583197764,0.));
#6987=CARTESIAN_POINT('Ctrl Pts',(0.903279564071124,5.12918409772035,0.));
#6988=CARTESIAN_POINT('Ctrl Pts',(0.915415458229514,5.1460110524229,0.));
#6989=CARTESIAN_POINT('Ctrl Pts',(0.927736622891845,5.16277564184598,0.));
#6990=CARTESIAN_POINT('Ctrl Pts',(0.940243414587704,5.17947676414652,0.));
#6991=CARTESIAN_POINT('Ctrl Pts',(0.952935212034293,5.1961135796784,0.));
#6992=CARTESIAN_POINT('Ctrl Pts',(0.96580993818047,5.21268563054779,0.));
#6993=CARTESIAN_POINT('Ctrl Pts',(0.978864715094673,5.22919267482808,0.));
#6994=CARTESIAN_POINT('Ctrl Pts',(0.992096251545384,5.2456345882843,0.));
#6995=CARTESIAN_POINT('Ctrl Pts',(1.005501302546,5.26201124797467,0.));
#6996=CARTESIAN_POINT('Ctrl Pts',(1.0190771798372,5.2783224033941,0.));
#6997=CARTESIAN_POINT('Ctrl Pts',(1.03282193745572,5.29456762873905,0.));
#6998=CARTESIAN_POINT('Ctrl Pts',(1.04673408710563,5.31074639266206,0.));
#6999=CARTESIAN_POINT('Ctrl Pts',(1.06081242413366,5.3268581004843,0.));
#7000=CARTESIAN_POINT('Ctrl Pts',(1.07505582284458,5.34290214436219,0.));
#7001=CARTESIAN_POINT('Ctrl Pts',(1.08946300762431,5.35887795922918,0.));
#7002=CARTESIAN_POINT('Ctrl Pts',(1.10403246371336,5.37478504537443,0.));
#7003=CARTESIAN_POINT('Ctrl Pts',(1.11876255847302,5.39062294035632,0.));
#7004=CARTESIAN_POINT('Ctrl Pts',(1.13365161211164,5.40639120348544,0.));
#7005=CARTESIAN_POINT('Ctrl Pts',(1.14869798163305,5.42208939677286,0.));
#7006=CARTESIAN_POINT('Ctrl Pts',(1.16390015240395,5.43771706546167,0.));
#7007=CARTESIAN_POINT('Ctrl Pts',(1.1792567747809,5.45327372788441,0.));
#7008=CARTESIAN_POINT('Ctrl Pts',(1.19476660782516,5.46875888176949,0.));
#7009=CARTESIAN_POINT('Ctrl Pts',(1.21042848279736,5.48417200698464,0.));
#7010=CARTESIAN_POINT('Ctrl Pts',(1.22624126078369,5.49951257034564,0.));
#7011=CARTESIAN_POINT('Ctrl Pts',(1.24220378425734,5.51478002974843,0.));
#7012=CARTESIAN_POINT('Ctrl Pts',(1.25831485538876,5.52997384010358,0.));
#7013=CARTESIAN_POINT('Ctrl Pts',(1.2745732696023,5.54509346116159,0.));
#7014=CARTESIAN_POINT('Ctrl Pts',(1.29097783695171,5.5601383660816,0.));
#7015=CARTESIAN_POINT('Ctrl Pts',(1.30752740542435,5.57510804885923,0.));
#7016=CARTESIAN_POINT('Ctrl Pts',(1.32422088688067,5.5900020361438,0.));
#7017=CARTESIAN_POINT('Ctrl Pts',(1.34105726642792,5.60481988714913,0.));
#7018=CARTESIAN_POINT('Ctrl Pts',(1.35803556837281,5.61956116311257,0.));
#7019=CARTESIAN_POINT('Ctrl Pts',(1.37515482858115,5.63422540190035,0.));
#7020=CARTESIAN_POINT('Ctrl Pts',(1.3924140655383,5.64881209341504,0.));
#7021=CARTESIAN_POINT('Ctrl Pts',(1.40981224558375,5.66332064972533,0.));
#7022=CARTESIAN_POINT('Ctrl Pts',(1.42734826577843,5.67775039454862,0.));
#7023=CARTESIAN_POINT('Ctrl Pts',(1.44502101219005,5.6921006303993,0.));
#7024=CARTESIAN_POINT('Ctrl Pts',(1.46282940641583,5.70637069539467,0.));
#7025=CARTESIAN_POINT('Ctrl Pts',(1.48077245496252,5.72056002299193,0.));
#7026=CARTESIAN_POINT('Ctrl Pts',(1.49884929832714,5.73466820518998,0.));
#7027=CARTESIAN_POINT('Ctrl Pts',(1.51705925406514,5.7486950434031,0.));
#7028=CARTESIAN_POINT('Ctrl Pts',(1.5354018057046,5.76264048276047,0.));
#7029=CARTESIAN_POINT('Ctrl Pts',(1.55018163797818,5.77373174260977,0.));
#7030=CARTESIAN_POINT('Ctrl Pts',(1.56132592642262,5.78201360286703,0.));
#7031=CARTESIAN_POINT('Ctrl Pts',(1.56878184961438,5.78751858861575,0.));
#7032=CARTESIAN_POINT('Ctrl Pts',(1.57251641060057,5.79026701788371,0.));
#7033=CARTESIAN_POINT('',(1.57251641060058,5.79026701788371,3.));
#7034=CARTESIAN_POINT('Ctrl Pts',(1.57251641060057,5.79026701788371,3.));
#7035=CARTESIAN_POINT('Ctrl Pts',(1.56878184961438,5.78751858861575,3.));
#7036=CARTESIAN_POINT('Ctrl Pts',(1.56132592642262,5.78201360286703,3.));
#7037=CARTESIAN_POINT('Ctrl Pts',(1.55018163797818,5.77373174260977,3.));
#7038=CARTESIAN_POINT('Ctrl Pts',(1.5354018057046,5.76264048276047,3.));
#7039=CARTESIAN_POINT('Ctrl Pts',(1.51705925406514,5.7486950434031,3.));
#7040=CARTESIAN_POINT('Ctrl Pts',(1.49884929832714,5.73466820518998,3.));
#7041=CARTESIAN_POINT('Ctrl Pts',(1.48077245496252,5.72056002299193,3.));
#7042=CARTESIAN_POINT('Ctrl Pts',(1.46282940641583,5.70637069539467,3.));
#7043=CARTESIAN_POINT('Ctrl Pts',(1.44502101219005,5.6921006303993,3.));
#7044=CARTESIAN_POINT('Ctrl Pts',(1.42734826577843,5.67775039454862,3.));
#7045=CARTESIAN_POINT('Ctrl Pts',(1.40981224558375,5.66332064972533,3.));
#7046=CARTESIAN_POINT('Ctrl Pts',(1.3924140655383,5.64881209341504,3.));
#7047=CARTESIAN_POINT('Ctrl Pts',(1.37515482858115,5.63422540190035,3.));
#7048=CARTESIAN_POINT('Ctrl Pts',(1.35803556837281,5.61956116311257,3.));
#7049=CARTESIAN_POINT('Ctrl Pts',(1.34105726642792,5.60481988714913,3.));
#7050=CARTESIAN_POINT('Ctrl Pts',(1.32422088688067,5.5900020361438,3.));
#7051=CARTESIAN_POINT('Ctrl Pts',(1.30752740542435,5.57510804885923,3.));
#7052=CARTESIAN_POINT('Ctrl Pts',(1.29097783695171,5.5601383660816,3.));
#7053=CARTESIAN_POINT('Ctrl Pts',(1.2745732696023,5.54509346116159,3.));
#7054=CARTESIAN_POINT('Ctrl Pts',(1.25831485538876,5.52997384010358,3.));
#7055=CARTESIAN_POINT('Ctrl Pts',(1.24220378425734,5.51478002974843,3.));
#7056=CARTESIAN_POINT('Ctrl Pts',(1.22624126078369,5.49951257034564,3.));
#7057=CARTESIAN_POINT('Ctrl Pts',(1.21042848279736,5.48417200698464,3.));
#7058=CARTESIAN_POINT('Ctrl Pts',(1.19476660782516,5.46875888176949,3.));
#7059=CARTESIAN_POINT('Ctrl Pts',(1.1792567747809,5.45327372788441,3.));
#7060=CARTESIAN_POINT('Ctrl Pts',(1.16390015240395,5.43771706546167,3.));
#7061=CARTESIAN_POINT('Ctrl Pts',(1.14869798163305,5.42208939677286,3.));
#7062=CARTESIAN_POINT('Ctrl Pts',(1.13365161211164,5.40639120348544,3.));
#7063=CARTESIAN_POINT('Ctrl Pts',(1.11876255847302,5.39062294035632,3.));
#7064=CARTESIAN_POINT('Ctrl Pts',(1.10403246371336,5.37478504537443,3.));
#7065=CARTESIAN_POINT('Ctrl Pts',(1.08946300762431,5.35887795922918,3.));
#7066=CARTESIAN_POINT('Ctrl Pts',(1.07505582284458,5.34290214436219,3.));
#7067=CARTESIAN_POINT('Ctrl Pts',(1.06081242413366,5.3268581004843,3.));
#7068=CARTESIAN_POINT('Ctrl Pts',(1.04673408710563,5.31074639266206,3.));
#7069=CARTESIAN_POINT('Ctrl Pts',(1.03282193745572,5.29456762873905,3.));
#7070=CARTESIAN_POINT('Ctrl Pts',(1.0190771798372,5.2783224033941,3.));
#7071=CARTESIAN_POINT('Ctrl Pts',(1.005501302546,5.26201124797467,3.));
#7072=CARTESIAN_POINT('Ctrl Pts',(0.992096251545384,5.2456345882843,3.));
#7073=CARTESIAN_POINT('Ctrl Pts',(0.978864715094673,5.22919267482808,3.));
#7074=CARTESIAN_POINT('Ctrl Pts',(0.96580993818047,5.21268563054779,3.));
#7075=CARTESIAN_POINT('Ctrl Pts',(0.952935212034293,5.1961135796784,3.));
#7076=CARTESIAN_POINT('Ctrl Pts',(0.940243414587704,5.17947676414652,3.));
#7077=CARTESIAN_POINT('Ctrl Pts',(0.927736622891845,5.16277564184598,3.));
#7078=CARTESIAN_POINT('Ctrl Pts',(0.915415458229514,5.1460110524229,3.));
#7079=CARTESIAN_POINT('Ctrl Pts',(0.903279564071124,5.12918409772035,3.));
#7080=CARTESIAN_POINT('Ctrl Pts',(0.891328839741333,5.11229583197764,3.));
#7081=CARTESIAN_POINT('Ctrl Pts',(0.879564549636362,5.09534698338806,3.));
#7082=CARTESIAN_POINT('Ctrl Pts',(0.867990265106415,5.07833771812203,3.));
#7083=CARTESIAN_POINT('Ctrl Pts',(0.856613422911513,5.06126724857599,3.));
#7084=CARTESIAN_POINT('Ctrl Pts',(0.845444148319124,5.0441341330792,3.));
#7085=CARTESIAN_POINT('Ctrl Pts',(0.834492451662917,5.02693698688577,3.));
#7086=CARTESIAN_POINT('Ctrl Pts',(0.8237656848615,5.00967512735065,3.));
#7087=CARTESIAN_POINT('Ctrl Pts',(0.813266392762839,4.992349119834,3.));
#7088=CARTESIAN_POINT('Ctrl Pts',(0.802988719332086,4.97496168783839,3.));
#7089=CARTESIAN_POINT('Ctrl Pts',(0.792921697494636,4.95751688844193,3.));
#7090=CARTESIAN_POINT('Ctrl Pts',(0.783055905996124,4.94001843946433,3.));
#7091=CARTESIAN_POINT('Ctrl Pts',(0.773389566985856,4.9224681872248,3.));
#7092=CARTESIAN_POINT('Ctrl Pts',(0.763933789148718,4.90486479069912,3.));
#7093=CARTESIAN_POINT('Ctrl Pts',(0.754720963176168,4.88720160876268,3.));
#7094=CARTESIAN_POINT('Ctrl Pts',(0.745796018005026,4.86946892156908,3.));
#7095=CARTESIAN_POINT('Ctrl Pts',(0.737201442041145,4.85165773211711,3.));
#7096=CARTESIAN_POINT('Ctrl Pts',(0.728963349524229,4.83376329652284,3.));
#7097=CARTESIAN_POINT('Ctrl Pts',(0.721079292346305,4.81578822936447,3.));
#7098=CARTESIAN_POINT('Ctrl Pts',(0.713499598848526,4.79774720442235,3.));
#7099=CARTESIAN_POINT('Ctrl Pts',(0.706153405011126,4.77966062241112,3.));
#7100=CARTESIAN_POINT('Ctrl Pts',(0.698985462050248,4.76154561177548,3.));
#7101=CARTESIAN_POINT('Ctrl Pts',(0.691990487866082,4.74340764999535,3.));
#7102=CARTESIAN_POINT('Ctrl Pts',(0.685245875733059,4.72523255992052,3.));
#7103=CARTESIAN_POINT('Ctrl Pts',(0.678952458481319,4.70697659894768,3.));
#7104=CARTESIAN_POINT('Ctrl Pts',(0.673380183221433,4.68857913427851,3.));
#7105=CARTESIAN_POINT('Ctrl Pts',(0.669717796376879,4.67369828384711,3.));
#7106=CARTESIAN_POINT('Ctrl Pts',(0.667515021555861,4.66242392045518,3.));
#7107=CARTESIAN_POINT('Ctrl Pts',(0.666300619058466,4.65485429766512,3.));
#7108=CARTESIAN_POINT('Ctrl Pts',(0.665756947013574,4.65105614097383,3.));
#7109=CARTESIAN_POINT('',(1.57251641060058,5.79026701788371,0.));
#7110=CARTESIAN_POINT('Origin',(8.93652053670173E-15,2.74476453045312E-14,
0.));
#7111=CARTESIAN_POINT('',(2.13124105983821,5.60872637457558,0.));
#7112=CARTESIAN_POINT('Origin',(8.93652053670173E-15,2.74476453045312E-14,
0.));
#7113=CARTESIAN_POINT('',(2.13124105983821,5.60872637457558,3.));
#7114=CARTESIAN_POINT('Origin',(8.93652053670173E-15,2.74476453045312E-14,
3.));
#7115=CARTESIAN_POINT('',(2.13124105983821,5.60872637457558,0.));
#7116=CARTESIAN_POINT('Ctrl Pts',(2.1952135229916,4.15410557490563,0.));
#7117=CARTESIAN_POINT('Ctrl Pts',(2.1952135229916,4.15410557490563,3.));
#7118=CARTESIAN_POINT('Ctrl Pts',(2.19700618355695,4.15749791062626,0.));
#7119=CARTESIAN_POINT('Ctrl Pts',(2.19700618355695,4.15749791062626,3.));
#7120=CARTESIAN_POINT('Ctrl Pts',(2.20047302393996,4.16433567198274,0.));
#7121=CARTESIAN_POINT('Ctrl Pts',(2.20047302393996,4.16433567198274,3.));
#7122=CARTESIAN_POINT('Ctrl Pts',(2.20531784620574,4.17475158212148,0.));
#7123=CARTESIAN_POINT('Ctrl Pts',(2.20531784620574,4.17475158212148,3.));
#7124=CARTESIAN_POINT('Ctrl Pts',(2.21110165743367,4.18894313998666,0.));
#7125=CARTESIAN_POINT('Ctrl Pts',(2.21110165743367,4.18894313998666,3.));
#7126=CARTESIAN_POINT('Ctrl Pts',(2.21740735046319,4.2071023027769,0.));
#7127=CARTESIAN_POINT('Ctrl Pts',(2.21740735046319,4.2071023027769,3.));
#7128=CARTESIAN_POINT('Ctrl Pts',(2.22304645358011,4.22557086329967,0.));
#7129=CARTESIAN_POINT('Ctrl Pts',(2.22304645358011,4.22557086329967,3.));
#7130=CARTESIAN_POINT('Ctrl Pts',(2.2282729976491,4.24423920358873,0.));
#7131=CARTESIAN_POINT('Ctrl Pts',(2.2282729976491,4.24423920358873,3.));
#7132=CARTESIAN_POINT('Ctrl Pts',(2.2332751710999,4.2630246655778,0.));
#7133=CARTESIAN_POINT('Ctrl Pts',(2.2332751710999,4.2630246655778,3.));
#7134=CARTESIAN_POINT('Ctrl Pts',(2.23812391952658,4.28189322819699,0.));
#7135=CARTESIAN_POINT('Ctrl Pts',(2.23812391952658,4.28189322819699,3.));
#7136=CARTESIAN_POINT('Ctrl Pts',(2.24281175003873,4.30084356481233,0.));
#7137=CARTESIAN_POINT('Ctrl Pts',(2.24281175003873,4.30084356481233,3.));
#7138=CARTESIAN_POINT('Ctrl Pts',(2.2472838975841,4.31989429264134,0.));
#7139=CARTESIAN_POINT('Ctrl Pts',(2.2472838975841,4.31989429264134,3.));
#7140=CARTESIAN_POINT('Ctrl Pts',(2.25147104072719,4.33907055998491,0.));
#7141=CARTESIAN_POINT('Ctrl Pts',(2.25147104072719,4.33907055998491,3.));
#7142=CARTESIAN_POINT('Ctrl Pts',(2.25532436922018,4.35838969177388,0.));
#7143=CARTESIAN_POINT('Ctrl Pts',(2.25532436922018,4.35838969177388,3.));
#7144=CARTESIAN_POINT('Ctrl Pts',(2.25884036569161,4.37785101173184,0.));
#7145=CARTESIAN_POINT('Ctrl Pts',(2.25884036569161,4.37785101173184,3.));
#7146=CARTESIAN_POINT('Ctrl Pts',(2.2620429453902,4.39744300817651,0.));
#7147=CARTESIAN_POINT('Ctrl Pts',(2.2620429453902,4.39744300817651,3.));
#7148=CARTESIAN_POINT('Ctrl Pts',(2.26497177046299,4.41714798577643,0.));
#7149=CARTESIAN_POINT('Ctrl Pts',(2.26497177046299,4.41714798577643,3.));
#7150=CARTESIAN_POINT('Ctrl Pts',(2.26766890236576,4.43694739948605,0.));
#7151=CARTESIAN_POINT('Ctrl Pts',(2.26766890236576,4.43694739948605,3.));
#7152=CARTESIAN_POINT('Ctrl Pts',(2.27016444927348,4.45682758331729,0.));
#7153=CARTESIAN_POINT('Ctrl Pts',(2.27016444927348,4.45682758331729,3.));
#7154=CARTESIAN_POINT('Ctrl Pts',(2.27246818653524,4.47678309266039,0.));
#7155=CARTESIAN_POINT('Ctrl Pts',(2.27246818653524,4.47678309266039,3.));
#7156=CARTESIAN_POINT('Ctrl Pts',(2.27457759060044,4.49681347880615,0.));
#7157=CARTESIAN_POINT('Ctrl Pts',(2.27457759060044,4.49681347880615,3.));
#7158=CARTESIAN_POINT('Ctrl Pts',(2.27648285423459,4.51692127164962,0.));
#7159=CARTESIAN_POINT('Ctrl Pts',(2.27648285423459,4.51692127164962,3.));
#7160=CARTESIAN_POINT('Ctrl Pts',(2.27817272019726,4.53710963523035,0.));
#7161=CARTESIAN_POINT('Ctrl Pts',(2.27817272019726,4.53710963523035,3.));
#7162=CARTESIAN_POINT('Ctrl Pts',(2.27964085002211,4.55737980827943,0.));
#7163=CARTESIAN_POINT('Ctrl Pts',(2.27964085002211,4.55737980827943,3.));
#7164=CARTESIAN_POINT('Ctrl Pts',(2.28088897022401,4.57772983758677,0.));
#7165=CARTESIAN_POINT('Ctrl Pts',(2.28088897022401,4.57772983758677,3.));
#7166=CARTESIAN_POINT('Ctrl Pts',(2.28192342987876,4.59815595407447,0.));
#7167=CARTESIAN_POINT('Ctrl Pts',(2.28192342987876,4.59815595407447,3.));
#7168=CARTESIAN_POINT('Ctrl Pts',(2.28275314144963,4.618653394099,0.));
#7169=CARTESIAN_POINT('Ctrl Pts',(2.28275314144963,4.618653394099,3.));
#7170=CARTESIAN_POINT('Ctrl Pts',(2.28338714384288,4.63921737251359,0.));
#7171=CARTESIAN_POINT('Ctrl Pts',(2.28338714384288,4.63921737251359,3.));
#7172=CARTESIAN_POINT('Ctrl Pts',(2.28383191646549,4.65984415528504,0.));
#7173=CARTESIAN_POINT('Ctrl Pts',(2.28383191646549,4.65984415528504,3.));
#7174=CARTESIAN_POINT('Ctrl Pts',(2.28409025092797,4.68053150879168,0.));
#7175=CARTESIAN_POINT('Ctrl Pts',(2.28409025092797,4.68053150879168,3.));
#7176=CARTESIAN_POINT('Ctrl Pts',(2.28416274212704,4.70127810071929,0.));
#7177=CARTESIAN_POINT('Ctrl Pts',(2.28416274212704,4.70127810071929,3.));
#7178=CARTESIAN_POINT('Ctrl Pts',(2.28404868894835,4.72208313734588,0.));
#7179=CARTESIAN_POINT('Ctrl Pts',(2.28404868894835,4.72208313734588,3.));
#7180=CARTESIAN_POINT('Ctrl Pts',(2.28374715530628,4.74294593682446,0.));
#7181=CARTESIAN_POINT('Ctrl Pts',(2.28374715530628,4.74294593682446,3.));
#7182=CARTESIAN_POINT('Ctrl Pts',(2.28325815029757,4.76386545468622,0.));
#7183=CARTESIAN_POINT('Ctrl Pts',(2.28325815029757,4.76386545468622,3.));
#7184=CARTESIAN_POINT('Ctrl Pts',(2.28258308514867,4.78484009962724,0.));
#7185=CARTESIAN_POINT('Ctrl Pts',(2.28258308514867,4.78484009962724,3.));
#7186=CARTESIAN_POINT('Ctrl Pts',(2.2817241459542,4.80586798431903,0.));
#7187=CARTESIAN_POINT('Ctrl Pts',(2.2817241459542,4.80586798431903,3.));
#7188=CARTESIAN_POINT('Ctrl Pts',(2.28068392235291,4.82694707371605,0.));
#7189=CARTESIAN_POINT('Ctrl Pts',(2.28068392235291,4.82694707371605,3.));
#7190=CARTESIAN_POINT('Ctrl Pts',(2.27946496733077,4.84807536100105,0.));
#7191=CARTESIAN_POINT('Ctrl Pts',(2.27946496733077,4.84807536100105,3.));
#7192=CARTESIAN_POINT('Ctrl Pts',(2.27806930849203,4.86925106339196,0.));
#7193=CARTESIAN_POINT('Ctrl Pts',(2.27806930849203,4.86925106339196,3.));
#7194=CARTESIAN_POINT('Ctrl Pts',(2.27649826987301,4.89047269259796,0.));
#7195=CARTESIAN_POINT('Ctrl Pts',(2.27649826987301,4.89047269259796,3.));
#7196=CARTESIAN_POINT('Ctrl Pts',(2.27475274321221,4.91173894395157,0.));
#7197=CARTESIAN_POINT('Ctrl Pts',(2.27475274321221,4.91173894395157,3.));
#7198=CARTESIAN_POINT('Ctrl Pts',(2.27283335355115,4.93304862827004,0.));
#7199=CARTESIAN_POINT('Ctrl Pts',(2.27283335355115,4.93304862827004,3.));
#7200=CARTESIAN_POINT('Ctrl Pts',(2.27074065431492,4.95440059213056,0.));
#7201=CARTESIAN_POINT('Ctrl Pts',(2.27074065431492,4.95440059213056,3.));
#7202=CARTESIAN_POINT('Ctrl Pts',(2.26847534535919,4.97579362859751,0.));
#7203=CARTESIAN_POINT('Ctrl Pts',(2.26847534535919,4.97579362859751,3.));
#7204=CARTESIAN_POINT('Ctrl Pts',(2.26603835842747,4.99722644304307,0.));
#7205=CARTESIAN_POINT('Ctrl Pts',(2.26603835842747,4.99722644304307,3.));
#7206=CARTESIAN_POINT('Ctrl Pts',(2.26343074253586,5.01869770170315,0.));
#7207=CARTESIAN_POINT('Ctrl Pts',(2.26343074253586,5.01869770170315,3.));
#7208=CARTESIAN_POINT('Ctrl Pts',(2.26065359763362,5.04020606069575,0.));
#7209=CARTESIAN_POINT('Ctrl Pts',(2.26065359763362,5.04020606069575,3.));
#7210=CARTESIAN_POINT('Ctrl Pts',(2.25770799548914,5.06175019995149,0.));
#7211=CARTESIAN_POINT('Ctrl Pts',(2.25770799548914,5.06175019995149,3.));
#7212=CARTESIAN_POINT('Ctrl Pts',(2.25459489416709,5.08332886128516,0.));
#7213=CARTESIAN_POINT('Ctrl Pts',(2.25459489416709,5.08332886128516,3.));
#7214=CARTESIAN_POINT('Ctrl Pts',(2.25131510243491,5.10494086171911,0.));
#7215=CARTESIAN_POINT('Ctrl Pts',(2.25131510243491,5.10494086171911,3.));
#7216=CARTESIAN_POINT('Ctrl Pts',(2.24786932900532,5.12658506550158,0.));
#7217=CARTESIAN_POINT('Ctrl Pts',(2.24786932900532,5.12658506550158,3.));
#7218=CARTESIAN_POINT('Ctrl Pts',(2.24425821368223,5.14826036486897,0.));
#7219=CARTESIAN_POINT('Ctrl Pts',(2.24425821368223,5.14826036486897,3.));
#7220=CARTESIAN_POINT('Ctrl Pts',(2.24048236446847,5.16996565902945,0.));
#7221=CARTESIAN_POINT('Ctrl Pts',(2.24048236446847,5.16996565902945,3.));
#7222=CARTESIAN_POINT('Ctrl Pts',(2.23654239918212,5.19169982903442,0.));
#7223=CARTESIAN_POINT('Ctrl Pts',(2.23654239918212,5.19169982903442,3.));
#7224=CARTESIAN_POINT('Ctrl Pts',(2.2324389664921,5.21346172983074,0.));
#7225=CARTESIAN_POINT('Ctrl Pts',(2.2324389664921,5.21346172983074,3.));
#7226=CARTESIAN_POINT('Ctrl Pts',(2.22817272336991,5.23525021631555,0.));
#7227=CARTESIAN_POINT('Ctrl Pts',(2.22817272336991,5.23525021631555,3.));
#7228=CARTESIAN_POINT('Ctrl Pts',(2.22374432283298,5.25706416283282,0.));
#7229=CARTESIAN_POINT('Ctrl Pts',(2.22374432283298,5.25706416283282,3.));
#7230=CARTESIAN_POINT('Ctrl Pts',(2.21915439945724,5.27890248288035,0.));
#7231=CARTESIAN_POINT('Ctrl Pts',(2.21915439945724,5.27890248288035,3.));
#7232=CARTESIAN_POINT('Ctrl Pts',(2.2144035553375,5.30076415391701,0.));
#7233=CARTESIAN_POINT('Ctrl Pts',(2.2144035553375,5.30076415391701,3.));
#7234=CARTESIAN_POINT('Ctrl Pts',(2.20949235245163,5.32264822280031,0.));
#7235=CARTESIAN_POINT('Ctrl Pts',(2.20949235245163,5.32264822280031,3.));
#7236=CARTESIAN_POINT('Ctrl Pts',(2.20442132225386,5.34455376106568,0.));
#7237=CARTESIAN_POINT('Ctrl Pts',(2.20442132225386,5.34455376106568,3.));
#7238=CARTESIAN_POINT('Ctrl Pts',(2.19919097310974,5.36647982813519,0.));
#7239=CARTESIAN_POINT('Ctrl Pts',(2.19919097310974,5.36647982813519,3.));
#7240=CARTESIAN_POINT('Ctrl Pts',(2.19380179925354,5.38842543441151,0.));
#7241=CARTESIAN_POINT('Ctrl Pts',(2.19380179925354,5.38842543441151,3.));
#7242=CARTESIAN_POINT('Ctrl Pts',(2.18825429135682,5.41038949667782,0.));
#7243=CARTESIAN_POINT('Ctrl Pts',(2.18825429135682,5.41038949667782,3.));
#7244=CARTESIAN_POINT('Ctrl Pts',(2.1825489442071,5.4323708195187,0.));
#7245=CARTESIAN_POINT('Ctrl Pts',(2.1825489442071,5.4323708195187,3.));
#7246=CARTESIAN_POINT('Ctrl Pts',(2.17668624902276,5.45436818390344,0.));
#7247=CARTESIAN_POINT('Ctrl Pts',(2.17668624902276,5.45436818390344,3.));
#7248=CARTESIAN_POINT('Ctrl Pts',(2.17066668920511,5.47638042048846,0.));
#7249=CARTESIAN_POINT('Ctrl Pts',(2.17066668920511,5.47638042048846,3.));
#7250=CARTESIAN_POINT('Ctrl Pts',(2.16449073550156,5.4984064869703,0.));
#7251=CARTESIAN_POINT('Ctrl Pts',(2.16449073550156,5.4984064869703,3.));
#7252=CARTESIAN_POINT('Ctrl Pts',(2.15815884344759,5.52044554806599,0.));
#7253=CARTESIAN_POINT('Ctrl Pts',(2.15815884344759,5.52044554806599,3.));
#7254=CARTESIAN_POINT('Ctrl Pts',(2.15167144842671,5.54249704198544,0.));
#7255=CARTESIAN_POINT('Ctrl Pts',(2.15167144842671,5.54249704198544,3.));
#7256=CARTESIAN_POINT('Ctrl Pts',(2.14502893602118,5.56456062076267,0.));
#7257=CARTESIAN_POINT('Ctrl Pts',(2.14502893602118,5.56456062076267,3.));
#7258=CARTESIAN_POINT('Ctrl Pts',(2.13959107950661,5.58222100591155,0.));
#7259=CARTESIAN_POINT('Ctrl Pts',(2.13959107950661,5.58222100591155,3.));
#7260=CARTESIAN_POINT('Ctrl Pts',(2.1354431160856,5.59547161999964,0.));
#7261=CARTESIAN_POINT('Ctrl Pts',(2.1354431160856,5.59547161999964,3.));
#7262=CARTESIAN_POINT('Ctrl Pts',(2.13264689695189,5.60430772871849,0.));
#7263=CARTESIAN_POINT('Ctrl Pts',(2.13264689695189,5.60430772871849,3.));
#7264=CARTESIAN_POINT('Ctrl Pts',(2.13124105983821,5.60872637457558,0.));
#7265=CARTESIAN_POINT('Ctrl Pts',(2.13124105983821,5.60872637457558,3.));
#7266=CARTESIAN_POINT('Ctrl Pts',(2.1952135229916,4.15410557490563,0.));
#7267=CARTESIAN_POINT('Ctrl Pts',(2.19700618355695,4.15749791062626,0.));
#7268=CARTESIAN_POINT('Ctrl Pts',(2.20047302393996,4.16433567198274,0.));
#7269=CARTESIAN_POINT('Ctrl Pts',(2.20531784620574,4.17475158212148,0.));
#7270=CARTESIAN_POINT('Ctrl Pts',(2.21110165743367,4.18894313998666,0.));
#7271=CARTESIAN_POINT('Ctrl Pts',(2.21740735046319,4.2071023027769,0.));
#7272=CARTESIAN_POINT('Ctrl Pts',(2.22304645358011,4.22557086329967,0.));
#7273=CARTESIAN_POINT('Ctrl Pts',(2.2282729976491,4.24423920358873,0.));
#7274=CARTESIAN_POINT('Ctrl Pts',(2.2332751710999,4.2630246655778,0.));
#7275=CARTESIAN_POINT('Ctrl Pts',(2.23812391952658,4.28189322819699,0.));
#7276=CARTESIAN_POINT('Ctrl Pts',(2.24281175003873,4.30084356481233,0.));
#7277=CARTESIAN_POINT('Ctrl Pts',(2.2472838975841,4.31989429264134,0.));
#7278=CARTESIAN_POINT('Ctrl Pts',(2.25147104072719,4.33907055998491,0.));
#7279=CARTESIAN_POINT('Ctrl Pts',(2.25532436922018,4.35838969177388,0.));
#7280=CARTESIAN_POINT('Ctrl Pts',(2.25884036569161,4.37785101173184,0.));
#7281=CARTESIAN_POINT('Ctrl Pts',(2.2620429453902,4.39744300817651,0.));
#7282=CARTESIAN_POINT('Ctrl Pts',(2.26497177046299,4.41714798577643,0.));
#7283=CARTESIAN_POINT('Ctrl Pts',(2.26766890236576,4.43694739948605,0.));
#7284=CARTESIAN_POINT('Ctrl Pts',(2.27016444927348,4.45682758331729,0.));
#7285=CARTESIAN_POINT('Ctrl Pts',(2.27246818653524,4.47678309266039,0.));
#7286=CARTESIAN_POINT('Ctrl Pts',(2.27457759060044,4.49681347880615,0.));
#7287=CARTESIAN_POINT('Ctrl Pts',(2.27648285423459,4.51692127164962,0.));
#7288=CARTESIAN_POINT('Ctrl Pts',(2.27817272019726,4.53710963523035,0.));
#7289=CARTESIAN_POINT('Ctrl Pts',(2.27964085002211,4.55737980827943,0.));
#7290=CARTESIAN_POINT('Ctrl Pts',(2.28088897022401,4.57772983758677,0.));
#7291=CARTESIAN_POINT('Ctrl Pts',(2.28192342987876,4.59815595407447,0.));
#7292=CARTESIAN_POINT('Ctrl Pts',(2.28275314144963,4.618653394099,0.));
#7293=CARTESIAN_POINT('Ctrl Pts',(2.28338714384288,4.63921737251359,0.));
#7294=CARTESIAN_POINT('Ctrl Pts',(2.28383191646549,4.65984415528504,0.));
#7295=CARTESIAN_POINT('Ctrl Pts',(2.28409025092797,4.68053150879168,0.));
#7296=CARTESIAN_POINT('Ctrl Pts',(2.28416274212704,4.70127810071929,0.));
#7297=CARTESIAN_POINT('Ctrl Pts',(2.28404868894835,4.72208313734588,0.));
#7298=CARTESIAN_POINT('Ctrl Pts',(2.28374715530628,4.74294593682446,0.));
#7299=CARTESIAN_POINT('Ctrl Pts',(2.28325815029757,4.76386545468622,0.));
#7300=CARTESIAN_POINT('Ctrl Pts',(2.28258308514867,4.78484009962724,0.));
#7301=CARTESIAN_POINT('Ctrl Pts',(2.2817241459542,4.80586798431903,0.));
#7302=CARTESIAN_POINT('Ctrl Pts',(2.28068392235291,4.82694707371605,0.));
#7303=CARTESIAN_POINT('Ctrl Pts',(2.27946496733077,4.84807536100105,0.));
#7304=CARTESIAN_POINT('Ctrl Pts',(2.27806930849203,4.86925106339196,0.));
#7305=CARTESIAN_POINT('Ctrl Pts',(2.27649826987301,4.89047269259796,0.));
#7306=CARTESIAN_POINT('Ctrl Pts',(2.27475274321221,4.91173894395157,0.));
#7307=CARTESIAN_POINT('Ctrl Pts',(2.27283335355115,4.93304862827004,0.));
#7308=CARTESIAN_POINT('Ctrl Pts',(2.27074065431492,4.95440059213056,0.));
#7309=CARTESIAN_POINT('Ctrl Pts',(2.26847534535919,4.97579362859751,0.));
#7310=CARTESIAN_POINT('Ctrl Pts',(2.26603835842747,4.99722644304307,0.));
#7311=CARTESIAN_POINT('Ctrl Pts',(2.26343074253586,5.01869770170315,0.));
#7312=CARTESIAN_POINT('Ctrl Pts',(2.26065359763362,5.04020606069575,0.));
#7313=CARTESIAN_POINT('Ctrl Pts',(2.25770799548914,5.06175019995149,0.));
#7314=CARTESIAN_POINT('Ctrl Pts',(2.25459489416709,5.08332886128516,0.));
#7315=CARTESIAN_POINT('Ctrl Pts',(2.25131510243491,5.10494086171911,0.));
#7316=CARTESIAN_POINT('Ctrl Pts',(2.24786932900532,5.12658506550158,0.));
#7317=CARTESIAN_POINT('Ctrl Pts',(2.24425821368223,5.14826036486897,0.));
#7318=CARTESIAN_POINT('Ctrl Pts',(2.24048236446847,5.16996565902945,0.));
#7319=CARTESIAN_POINT('Ctrl Pts',(2.23654239918212,5.19169982903442,0.));
#7320=CARTESIAN_POINT('Ctrl Pts',(2.2324389664921,5.21346172983074,0.));
#7321=CARTESIAN_POINT('Ctrl Pts',(2.22817272336991,5.23525021631555,0.));
#7322=CARTESIAN_POINT('Ctrl Pts',(2.22374432283298,5.25706416283282,0.));
#7323=CARTESIAN_POINT('Ctrl Pts',(2.21915439945724,5.27890248288035,0.));
#7324=CARTESIAN_POINT('Ctrl Pts',(2.2144035553375,5.30076415391701,0.));
#7325=CARTESIAN_POINT('Ctrl Pts',(2.20949235245163,5.32264822280031,0.));
#7326=CARTESIAN_POINT('Ctrl Pts',(2.20442132225386,5.34455376106568,0.));
#7327=CARTESIAN_POINT('Ctrl Pts',(2.19919097310974,5.36647982813519,0.));
#7328=CARTESIAN_POINT('Ctrl Pts',(2.19380179925354,5.38842543441151,0.));
#7329=CARTESIAN_POINT('Ctrl Pts',(2.18825429135682,5.41038949667782,0.));
#7330=CARTESIAN_POINT('Ctrl Pts',(2.1825489442071,5.4323708195187,0.));
#7331=CARTESIAN_POINT('Ctrl Pts',(2.17668624902276,5.45436818390344,0.));
#7332=CARTESIAN_POINT('Ctrl Pts',(2.17066668920511,5.47638042048846,0.));
#7333=CARTESIAN_POINT('Ctrl Pts',(2.16449073550156,5.4984064869703,0.));
#7334=CARTESIAN_POINT('Ctrl Pts',(2.15815884344759,5.52044554806599,0.));
#7335=CARTESIAN_POINT('Ctrl Pts',(2.15167144842671,5.54249704198544,0.));
#7336=CARTESIAN_POINT('Ctrl Pts',(2.14502893602118,5.56456062076267,0.));
#7337=CARTESIAN_POINT('Ctrl Pts',(2.13959107950661,5.58222100591155,0.));
#7338=CARTESIAN_POINT('Ctrl Pts',(2.1354431160856,5.59547161999964,0.));
#7339=CARTESIAN_POINT('Ctrl Pts',(2.13264689695189,5.60430772871849,0.));
#7340=CARTESIAN_POINT('Ctrl Pts',(2.13124105983821,5.60872637457558,0.));
#7341=CARTESIAN_POINT('Ctrl Pts',(2.1952135229916,4.15410557490563,3.));
#7342=CARTESIAN_POINT('Ctrl Pts',(2.19700618355695,4.15749791062626,3.));
#7343=CARTESIAN_POINT('Ctrl Pts',(2.20047302393996,4.16433567198274,3.));
#7344=CARTESIAN_POINT('Ctrl Pts',(2.20531784620574,4.17475158212148,3.));
#7345=CARTESIAN_POINT('Ctrl Pts',(2.21110165743367,4.18894313998666,3.));
#7346=CARTESIAN_POINT('Ctrl Pts',(2.21740735046319,4.2071023027769,3.));
#7347=CARTESIAN_POINT('Ctrl Pts',(2.22304645358011,4.22557086329967,3.));
#7348=CARTESIAN_POINT('Ctrl Pts',(2.2282729976491,4.24423920358873,3.));
#7349=CARTESIAN_POINT('Ctrl Pts',(2.2332751710999,4.2630246655778,3.));
#7350=CARTESIAN_POINT('Ctrl Pts',(2.23812391952658,4.28189322819699,3.));
#7351=CARTESIAN_POINT('Ctrl Pts',(2.24281175003873,4.30084356481233,3.));
#7352=CARTESIAN_POINT('Ctrl Pts',(2.2472838975841,4.31989429264134,3.));
#7353=CARTESIAN_POINT('Ctrl Pts',(2.25147104072719,4.33907055998491,3.));
#7354=CARTESIAN_POINT('Ctrl Pts',(2.25532436922018,4.35838969177388,3.));
#7355=CARTESIAN_POINT('Ctrl Pts',(2.25884036569161,4.37785101173184,3.));
#7356=CARTESIAN_POINT('Ctrl Pts',(2.2620429453902,4.39744300817651,3.));
#7357=CARTESIAN_POINT('Ctrl Pts',(2.26497177046299,4.41714798577643,3.));
#7358=CARTESIAN_POINT('Ctrl Pts',(2.26766890236576,4.43694739948605,3.));
#7359=CARTESIAN_POINT('Ctrl Pts',(2.27016444927348,4.45682758331729,3.));
#7360=CARTESIAN_POINT('Ctrl Pts',(2.27246818653524,4.47678309266039,3.));
#7361=CARTESIAN_POINT('Ctrl Pts',(2.27457759060044,4.49681347880615,3.));
#7362=CARTESIAN_POINT('Ctrl Pts',(2.27648285423459,4.51692127164962,3.));
#7363=CARTESIAN_POINT('Ctrl Pts',(2.27817272019726,4.53710963523035,3.));
#7364=CARTESIAN_POINT('Ctrl Pts',(2.27964085002211,4.55737980827943,3.));
#7365=CARTESIAN_POINT('Ctrl Pts',(2.28088897022401,4.57772983758677,3.));
#7366=CARTESIAN_POINT('Ctrl Pts',(2.28192342987876,4.59815595407447,3.));
#7367=CARTESIAN_POINT('Ctrl Pts',(2.28275314144963,4.618653394099,3.));
#7368=CARTESIAN_POINT('Ctrl Pts',(2.28338714384288,4.63921737251359,3.));
#7369=CARTESIAN_POINT('Ctrl Pts',(2.28383191646549,4.65984415528504,3.));
#7370=CARTESIAN_POINT('Ctrl Pts',(2.28409025092797,4.68053150879168,3.));
#7371=CARTESIAN_POINT('Ctrl Pts',(2.28416274212704,4.70127810071929,3.));
#7372=CARTESIAN_POINT('Ctrl Pts',(2.28404868894835,4.72208313734588,3.));
#7373=CARTESIAN_POINT('Ctrl Pts',(2.28374715530628,4.74294593682446,3.));
#7374=CARTESIAN_POINT('Ctrl Pts',(2.28325815029757,4.76386545468622,3.));
#7375=CARTESIAN_POINT('Ctrl Pts',(2.28258308514867,4.78484009962724,3.));
#7376=CARTESIAN_POINT('Ctrl Pts',(2.2817241459542,4.80586798431903,3.));
#7377=CARTESIAN_POINT('Ctrl Pts',(2.28068392235291,4.82694707371605,3.));
#7378=CARTESIAN_POINT('Ctrl Pts',(2.27946496733077,4.84807536100105,3.));
#7379=CARTESIAN_POINT('Ctrl Pts',(2.27806930849203,4.86925106339196,3.));
#7380=CARTESIAN_POINT('Ctrl Pts',(2.27649826987301,4.89047269259796,3.));
#7381=CARTESIAN_POINT('Ctrl Pts',(2.27475274321221,4.91173894395157,3.));
#7382=CARTESIAN_POINT('Ctrl Pts',(2.27283335355115,4.93304862827004,3.));
#7383=CARTESIAN_POINT('Ctrl Pts',(2.27074065431492,4.95440059213056,3.));
#7384=CARTESIAN_POINT('Ctrl Pts',(2.26847534535919,4.97579362859751,3.));
#7385=CARTESIAN_POINT('Ctrl Pts',(2.26603835842747,4.99722644304307,3.));
#7386=CARTESIAN_POINT('Ctrl Pts',(2.26343074253586,5.01869770170315,3.));
#7387=CARTESIAN_POINT('Ctrl Pts',(2.26065359763362,5.04020606069575,3.));
#7388=CARTESIAN_POINT('Ctrl Pts',(2.25770799548914,5.06175019995149,3.));
#7389=CARTESIAN_POINT('Ctrl Pts',(2.25459489416709,5.08332886128516,3.));
#7390=CARTESIAN_POINT('Ctrl Pts',(2.25131510243491,5.10494086171911,3.));
#7391=CARTESIAN_POINT('Ctrl Pts',(2.24786932900532,5.12658506550158,3.));
#7392=CARTESIAN_POINT('Ctrl Pts',(2.24425821368223,5.14826036486897,3.));
#7393=CARTESIAN_POINT('Ctrl Pts',(2.24048236446847,5.16996565902945,3.));
#7394=CARTESIAN_POINT('Ctrl Pts',(2.23654239918212,5.19169982903442,3.));
#7395=CARTESIAN_POINT('Ctrl Pts',(2.2324389664921,5.21346172983074,3.));
#7396=CARTESIAN_POINT('Ctrl Pts',(2.22817272336991,5.23525021631555,3.));
#7397=CARTESIAN_POINT('Ctrl Pts',(2.22374432283298,5.25706416283282,3.));
#7398=CARTESIAN_POINT('Ctrl Pts',(2.21915439945724,5.27890248288035,3.));
#7399=CARTESIAN_POINT('Ctrl Pts',(2.2144035553375,5.30076415391701,3.));
#7400=CARTESIAN_POINT('Ctrl Pts',(2.20949235245163,5.32264822280031,3.));
#7401=CARTESIAN_POINT('Ctrl Pts',(2.20442132225386,5.34455376106568,3.));
#7402=CARTESIAN_POINT('Ctrl Pts',(2.19919097310974,5.36647982813519,3.));
#7403=CARTESIAN_POINT('Ctrl Pts',(2.19380179925354,5.38842543441151,3.));
#7404=CARTESIAN_POINT('Ctrl Pts',(2.18825429135682,5.41038949667782,3.));
#7405=CARTESIAN_POINT('Ctrl Pts',(2.1825489442071,5.4323708195187,3.));
#7406=CARTESIAN_POINT('Ctrl Pts',(2.17668624902276,5.45436818390344,3.));
#7407=CARTESIAN_POINT('Ctrl Pts',(2.17066668920511,5.47638042048846,3.));
#7408=CARTESIAN_POINT('Ctrl Pts',(2.16449073550156,5.4984064869703,3.));
#7409=CARTESIAN_POINT('Ctrl Pts',(2.15815884344759,5.52044554806599,3.));
#7410=CARTESIAN_POINT('Ctrl Pts',(2.15167144842671,5.54249704198544,3.));
#7411=CARTESIAN_POINT('Ctrl Pts',(2.14502893602118,5.56456062076267,3.));
#7412=CARTESIAN_POINT('Ctrl Pts',(2.13959107950661,5.58222100591155,3.));
#7413=CARTESIAN_POINT('Ctrl Pts',(2.1354431160856,5.59547161999964,3.));
#7414=CARTESIAN_POINT('Ctrl Pts',(2.13264689695189,5.60430772871849,3.));
#7415=CARTESIAN_POINT('Ctrl Pts',(2.13124105983821,5.60872637457558,3.));
#7416=CARTESIAN_POINT('Ctrl Pts',(4.67562606005691,3.76012246429776,0.));
#7417=CARTESIAN_POINT('Ctrl Pts',(4.67562606005691,3.76012246429776,3.));
#7418=CARTESIAN_POINT('Ctrl Pts',(4.67098925056188,3.76009405818361,0.));
#7419=CARTESIAN_POINT('Ctrl Pts',(4.67098925056188,3.76009405818361,3.));
#7420=CARTESIAN_POINT('Ctrl Pts',(4.66172153255382,3.76002291285344,0.));
#7421=CARTESIAN_POINT('Ctrl Pts',(4.66172153255382,3.76002291285344,3.));
#7422=CARTESIAN_POINT('Ctrl Pts',(4.64783765849128,3.75987319555522,0.));
#7423=CARTESIAN_POINT('Ctrl Pts',(4.64783765849128,3.75987319555522,3.));
#7424=CARTESIAN_POINT('Ctrl Pts',(4.62936124403919,3.75958754528987,0.));
#7425=CARTESIAN_POINT('Ctrl Pts',(4.62936124403919,3.75958754528987,3.));
#7426=CARTESIAN_POINT('Ctrl Pts',(4.60632488445166,3.75908692919883,0.));
#7427=CARTESIAN_POINT('Ctrl Pts',(4.60632488445166,3.75908692919883,3.));
#7428=CARTESIAN_POINT('Ctrl Pts',(4.58334795215484,3.75844252213475,0.));
#7429=CARTESIAN_POINT('Ctrl Pts',(4.58334795215484,3.75844252213475,3.));
#7430=CARTESIAN_POINT('Ctrl Pts',(4.56043089723554,3.75765406491452,0.));
#7431=CARTESIAN_POINT('Ctrl Pts',(4.56043089723554,3.75765406491452,3.));
#7432=CARTESIAN_POINT('Ctrl Pts',(4.53757438852876,3.7567213170665,0.));
#7433=CARTESIAN_POINT('Ctrl Pts',(4.53757438852876,3.7567213170665,3.));
#7434=CARTESIAN_POINT('Ctrl Pts',(4.51477936120403,3.75564410346733,0.));
#7435=CARTESIAN_POINT('Ctrl Pts',(4.51477936120403,3.75564410346733,3.));
#7436=CARTESIAN_POINT('Ctrl Pts',(4.49204695201981,3.7544222984991,0.));
#7437=CARTESIAN_POINT('Ctrl Pts',(4.49204695201981,3.7544222984991,3.));
#7438=CARTESIAN_POINT('Ctrl Pts',(4.46937842246714,3.7530558037669,0.));
#7439=CARTESIAN_POINT('Ctrl Pts',(4.46937842246714,3.7530558037669,3.));
#7440=CARTESIAN_POINT('Ctrl Pts',(4.44677508370793,3.75154452879547,0.));
#7441=CARTESIAN_POINT('Ctrl Pts',(4.44677508370793,3.75154452879547,3.));
#7442=CARTESIAN_POINT('Ctrl Pts',(4.42423822554758,3.74988837241762,0.));
#7443=CARTESIAN_POINT('Ctrl Pts',(4.42423822554758,3.74988837241762,3.));
#7444=CARTESIAN_POINT('Ctrl Pts',(4.40176902981235,3.74808720270935,0.));
#7445=CARTESIAN_POINT('Ctrl Pts',(4.40176902981235,3.74808720270935,3.));
#7446=CARTESIAN_POINT('Ctrl Pts',(4.37936859039202,3.74614085542834,0.));
#7447=CARTESIAN_POINT('Ctrl Pts',(4.37936859039202,3.74614085542834,3.));
#7448=CARTESIAN_POINT('Ctrl Pts',(4.35703795892295,3.74404913774478,0.));
#7449=CARTESIAN_POINT('Ctrl Pts',(4.35703795892295,3.74404913774478,3.));
#7450=CARTESIAN_POINT('Ctrl Pts',(4.3347781826558,3.741811831127,0.));
#7451=CARTESIAN_POINT('Ctrl Pts',(4.3347781826558,3.741811831127,3.));
#7452=CARTESIAN_POINT('Ctrl Pts',(4.31259034174368,3.73942869563951,0.));
#7453=CARTESIAN_POINT('Ctrl Pts',(4.31259034174368,3.73942869563951,3.));
#7454=CARTESIAN_POINT('Ctrl Pts',(4.29047559473851,3.7368994746387,0.));
#7455=CARTESIAN_POINT('Ctrl Pts',(4.29047559473851,3.7368994746387,3.));
#7456=CARTESIAN_POINT('Ctrl Pts',(4.26843517106002,3.73422390035464,0.));
#7457=CARTESIAN_POINT('Ctrl Pts',(4.26843517106002,3.73422390035464,3.));
#7458=CARTESIAN_POINT('Ctrl Pts',(4.24647034306423,3.73140169957769,0.));
#7459=CARTESIAN_POINT('Ctrl Pts',(4.24647034306423,3.73140169957769,3.));
#7460=CARTESIAN_POINT('Ctrl Pts',(4.224582402824,3.72843260134709,0.));
#7461=CARTESIAN_POINT('Ctrl Pts',(4.224582402824,3.72843260134709,3.));
#7462=CARTESIAN_POINT('Ctrl Pts',(4.20277263979933,3.72531634258289,0.));
#7463=CARTESIAN_POINT('Ctrl Pts',(4.20277263979933,3.72531634258289,3.));
#7464=CARTESIAN_POINT('Ctrl Pts',(4.18104230908984,3.72205268147932,0.));
#7465=CARTESIAN_POINT('Ctrl Pts',(4.18104230908984,3.72205268147932,3.));
#7466=CARTESIAN_POINT('Ctrl Pts',(4.159392645494,3.71864137995471,0.));
#7467=CARTESIAN_POINT('Ctrl Pts',(4.159392645494,3.71864137995471,3.));
#7468=CARTESIAN_POINT('Ctrl Pts',(4.13782490026786,3.71508217183715,0.));
#7469=CARTESIAN_POINT('Ctrl Pts',(4.13782490026786,3.71508217183715,3.));
#7470=CARTESIAN_POINT('Ctrl Pts',(4.11634037257982,3.71137473406742,0.));
#7471=CARTESIAN_POINT('Ctrl Pts',(4.11634037257982,3.71137473406742,3.));
#7472=CARTESIAN_POINT('Ctrl Pts',(4.09494043743137,3.70751866302213,0.));
#7473=CARTESIAN_POINT('Ctrl Pts',(4.09494043743137,3.70751866302213,3.));
#7474=CARTESIAN_POINT('Ctrl Pts',(4.073626587486,3.70351343632827,0.));
#7475=CARTESIAN_POINT('Ctrl Pts',(4.073626587486,3.70351343632827,3.));
#7476=CARTESIAN_POINT('Ctrl Pts',(4.05240040939897,3.6993584425974,0.));
#7477=CARTESIAN_POINT('Ctrl Pts',(4.05240040939897,3.6993584425974,3.));
#7478=CARTESIAN_POINT('Ctrl Pts',(4.03126352118101,3.69505305099797,0.));
#7479=CARTESIAN_POINT('Ctrl Pts',(4.03126352118101,3.69505305099797,3.));
#7480=CARTESIAN_POINT('Ctrl Pts',(4.01021751548094,3.69059667601217,0.));
#7481=CARTESIAN_POINT('Ctrl Pts',(4.01021751548094,3.69059667601217,3.));
#7482=CARTESIAN_POINT('Ctrl Pts',(3.98926391148758,3.68598883156125,0.));
#7483=CARTESIAN_POINT('Ctrl Pts',(3.98926391148758,3.68598883156125,3.));
#7484=CARTESIAN_POINT('Ctrl Pts',(3.96840407333221,3.68122922500654,0.));
#7485=CARTESIAN_POINT('Ctrl Pts',(3.96840407333221,3.68122922500654,3.));
#7486=CARTESIAN_POINT('Ctrl Pts',(3.94763926900287,3.67631768643675,0.));
#7487=CARTESIAN_POINT('Ctrl Pts',(3.94763926900287,3.67631768643675,3.));
#7488=CARTESIAN_POINT('Ctrl Pts',(3.92697082262801,3.67125398887974,0.));
#7489=CARTESIAN_POINT('Ctrl Pts',(3.92697082262801,3.67125398887974,3.));
#7490=CARTESIAN_POINT('Ctrl Pts',(3.90640025058248,3.66603768740623,0.));
#7491=CARTESIAN_POINT('Ctrl Pts',(3.90640025058248,3.66603768740623,3.));
#7492=CARTESIAN_POINT('Ctrl Pts',(3.88592937746471,3.66066798269001,0.));
#7493=CARTESIAN_POINT('Ctrl Pts',(3.88592937746471,3.66066798269001,3.));
#7494=CARTESIAN_POINT('Ctrl Pts',(3.86556052536536,3.65514349727479,0.));
#7495=CARTESIAN_POINT('Ctrl Pts',(3.86556052536536,3.65514349727479,3.));
#7496=CARTESIAN_POINT('Ctrl Pts',(3.8452963917971,3.64946242326727,0.));
#7497=CARTESIAN_POINT('Ctrl Pts',(3.8452963917971,3.64946242326727,3.));
#7498=CARTESIAN_POINT('Ctrl Pts',(3.82513971244565,3.64362292663831,0.));
#7499=CARTESIAN_POINT('Ctrl Pts',(3.82513971244565,3.64362292663831,3.));
#7500=CARTESIAN_POINT('Ctrl Pts',(3.80509295780744,3.63762351150492,0.));
#7501=CARTESIAN_POINT('Ctrl Pts',(3.80509295780744,3.63762351150492,3.));
#7502=CARTESIAN_POINT('Ctrl Pts',(3.7851580773954,3.63146332745098,0.));
#7503=CARTESIAN_POINT('Ctrl Pts',(3.7851580773954,3.63146332745098,3.));
#7504=CARTESIAN_POINT('Ctrl Pts',(3.76533606736945,3.62514268858357,0.));
#7505=CARTESIAN_POINT('Ctrl Pts',(3.76533606736945,3.62514268858357,3.));
#7506=CARTESIAN_POINT('Ctrl Pts',(3.74562728693823,3.61866269587532,0.));
#7507=CARTESIAN_POINT('Ctrl Pts',(3.74562728693823,3.61866269587532,3.));
#7508=CARTESIAN_POINT('Ctrl Pts',(3.72603227431998,3.6120242613992,0.));
#7509=CARTESIAN_POINT('Ctrl Pts',(3.72603227431998,3.6120242613992,3.));
#7510=CARTESIAN_POINT('Ctrl Pts',(3.70655248045401,3.60522723108254,0.));
#7511=CARTESIAN_POINT('Ctrl Pts',(3.70655248045401,3.60522723108254,3.));
#7512=CARTESIAN_POINT('Ctrl Pts',(3.68719089229585,3.59826964017303,0.));
#7513=CARTESIAN_POINT('Ctrl Pts',(3.68719089229585,3.59826964017303,3.));
#7514=CARTESIAN_POINT('Ctrl Pts',(3.66795306336898,3.59114648026814,0.));
#7515=CARTESIAN_POINT('Ctrl Pts',(3.66795306336898,3.59114648026814,3.));
#7516=CARTESIAN_POINT('Ctrl Pts',(3.64884633779406,3.58385063354887,0.));
#7517=CARTESIAN_POINT('Ctrl Pts',(3.64884633779406,3.58385063354887,3.));
#7518=CARTESIAN_POINT('Ctrl Pts',(3.62987800016793,3.57637509580573,0.));
#7519=CARTESIAN_POINT('Ctrl Pts',(3.62987800016793,3.57637509580573,3.));
#7520=CARTESIAN_POINT('Ctrl Pts',(3.611053597069,3.56871499341795,0.));
#7521=CARTESIAN_POINT('Ctrl Pts',(3.611053597069,3.56871499341795,3.));
#7522=CARTESIAN_POINT('Ctrl Pts',(3.59237551963288,3.56086928794743,0.));
#7523=CARTESIAN_POINT('Ctrl Pts',(3.59237551963288,3.56086928794743,3.));
#7524=CARTESIAN_POINT('Ctrl Pts',(3.57384063106251,3.55284362484491,0.));
#7525=CARTESIAN_POINT('Ctrl Pts',(3.57384063106251,3.55284362484491,3.));
#7526=CARTESIAN_POINT('Ctrl Pts',(3.55544244349883,3.54464773264027,0.));
#7527=CARTESIAN_POINT('Ctrl Pts',(3.55544244349883,3.54464773264027,3.));
#7528=CARTESIAN_POINT('Ctrl Pts',(3.53717552026655,3.53629015678721,0.));
#7529=CARTESIAN_POINT('Ctrl Pts',(3.53717552026655,3.53629015678721,3.));
#7530=CARTESIAN_POINT('Ctrl Pts',(3.51903950829344,3.52777343598376,0.));
#7531=CARTESIAN_POINT('Ctrl Pts',(3.51903950829344,3.52777343598376,3.));
#7532=CARTESIAN_POINT('Ctrl Pts',(3.50104260646011,3.51908995579738,0.));
#7533=CARTESIAN_POINT('Ctrl Pts',(3.50104260646011,3.51908995579738,3.));
#7534=CARTESIAN_POINT('Ctrl Pts',(3.4832071158313,3.51021530467467,0.));
#7535=CARTESIAN_POINT('Ctrl Pts',(3.4832071158313,3.51021530467467,3.));
#7536=CARTESIAN_POINT('Ctrl Pts',(3.46556367149807,3.50111521052823,0.));
#7537=CARTESIAN_POINT('Ctrl Pts',(3.46556367149807,3.50111521052823,3.));
#7538=CARTESIAN_POINT('Ctrl Pts',(3.44814135899819,3.49175742057283,0.));
#7539=CARTESIAN_POINT('Ctrl Pts',(3.44814135899819,3.49175742057283,3.));
#7540=CARTESIAN_POINT('Ctrl Pts',(3.43095851681036,3.48212274736078,0.));
#7541=CARTESIAN_POINT('Ctrl Pts',(3.43095851681036,3.48212274736078,3.));
#7542=CARTESIAN_POINT('Ctrl Pts',(3.41401470118414,3.47221474509204,0.));
#7543=CARTESIAN_POINT('Ctrl Pts',(3.41401470118414,3.47221474509204,3.));
#7544=CARTESIAN_POINT('Ctrl Pts',(3.39727835193506,3.46207448137282,0.));
#7545=CARTESIAN_POINT('Ctrl Pts',(3.39727835193506,3.46207448137282,3.));
#7546=CARTESIAN_POINT('Ctrl Pts',(3.38070413010605,3.45176011355368,0.));
#7547=CARTESIAN_POINT('Ctrl Pts',(3.38070413010605,3.45176011355368,3.));
#7548=CARTESIAN_POINT('Ctrl Pts',(3.36425740633925,3.44131797325785,0.));
#7549=CARTESIAN_POINT('Ctrl Pts',(3.36425740633925,3.44131797325785,3.));
#7550=CARTESIAN_POINT('Ctrl Pts',(3.34793712690804,3.43075559660002,0.));
#7551=CARTESIAN_POINT('Ctrl Pts',(3.34793712690804,3.43075559660002,3.));
#7552=CARTESIAN_POINT('Ctrl Pts',(3.33179757116688,3.42001602339941,0.));
#7553=CARTESIAN_POINT('Ctrl Pts',(3.33179757116688,3.42001602339941,3.));
#7554=CARTESIAN_POINT('Ctrl Pts',(3.31597550503127,3.40894581857083,0.));
#7555=CARTESIAN_POINT('Ctrl Pts',(3.31597550503127,3.40894581857083,3.));
#7556=CARTESIAN_POINT('Ctrl Pts',(3.30065368123658,3.39733725821953,0.));
#7557=CARTESIAN_POINT('Ctrl Pts',(3.30065368123658,3.39733725821953,3.));
#7558=CARTESIAN_POINT('Ctrl Pts',(3.28894400361421,3.38745109430519,0.));
#7559=CARTESIAN_POINT('Ctrl Pts',(3.28894400361421,3.38745109430519,3.));
#7560=CARTESIAN_POINT('Ctrl Pts',(3.28053501681846,3.37962470127428,0.));
#7561=CARTESIAN_POINT('Ctrl Pts',(3.28053501681846,3.37962470127428,3.));
#7562=CARTESIAN_POINT('Ctrl Pts',(3.27510323191865,3.37421455567444,0.));
#7563=CARTESIAN_POINT('Ctrl Pts',(3.27510323191865,3.37421455567444,3.));
#7564=CARTESIAN_POINT('Ctrl Pts',(3.27243089150592,3.37146134477395,0.));
#7565=CARTESIAN_POINT('Ctrl Pts',(3.27243089150592,3.37146134477395,3.));
#7566=CARTESIAN_POINT('',(4.67562606005692,3.76012246429775,0.));
#7567=CARTESIAN_POINT('Ctrl Pts',(3.27243089150592,3.37146134477395,0.));
#7568=CARTESIAN_POINT('Ctrl Pts',(3.27510323191865,3.37421455567444,0.));
#7569=CARTESIAN_POINT('Ctrl Pts',(3.28053501681846,3.37962470127428,0.));
#7570=CARTESIAN_POINT('Ctrl Pts',(3.28894400361421,3.38745109430519,0.));
#7571=CARTESIAN_POINT('Ctrl Pts',(3.30065368123658,3.39733725821953,0.));
#7572=CARTESIAN_POINT('Ctrl Pts',(3.31597550503127,3.40894581857083,0.));
#7573=CARTESIAN_POINT('Ctrl Pts',(3.33179757116688,3.42001602339941,0.));
#7574=CARTESIAN_POINT('Ctrl Pts',(3.34793712690804,3.43075559660002,0.));
#7575=CARTESIAN_POINT('Ctrl Pts',(3.36425740633925,3.44131797325785,0.));
#7576=CARTESIAN_POINT('Ctrl Pts',(3.38070413010605,3.45176011355368,0.));
#7577=CARTESIAN_POINT('Ctrl Pts',(3.39727835193506,3.46207448137282,0.));
#7578=CARTESIAN_POINT('Ctrl Pts',(3.41401470118414,3.47221474509204,0.));
#7579=CARTESIAN_POINT('Ctrl Pts',(3.43095851681036,3.48212274736078,0.));
#7580=CARTESIAN_POINT('Ctrl Pts',(3.44814135899819,3.49175742057283,0.));
#7581=CARTESIAN_POINT('Ctrl Pts',(3.46556367149807,3.50111521052823,0.));
#7582=CARTESIAN_POINT('Ctrl Pts',(3.4832071158313,3.51021530467467,0.));
#7583=CARTESIAN_POINT('Ctrl Pts',(3.50104260646011,3.51908995579738,0.));
#7584=CARTESIAN_POINT('Ctrl Pts',(3.51903950829344,3.52777343598376,0.));
#7585=CARTESIAN_POINT('Ctrl Pts',(3.53717552026655,3.53629015678721,0.));
#7586=CARTESIAN_POINT('Ctrl Pts',(3.55544244349883,3.54464773264027,0.));
#7587=CARTESIAN_POINT('Ctrl Pts',(3.57384063106251,3.55284362484491,0.));
#7588=CARTESIAN_POINT('Ctrl Pts',(3.59237551963288,3.56086928794743,0.));
#7589=CARTESIAN_POINT('Ctrl Pts',(3.611053597069,3.56871499341795,0.));
#7590=CARTESIAN_POINT('Ctrl Pts',(3.62987800016793,3.57637509580573,0.));
#7591=CARTESIAN_POINT('Ctrl Pts',(3.64884633779406,3.58385063354887,0.));
#7592=CARTESIAN_POINT('Ctrl Pts',(3.66795306336898,3.59114648026814,0.));
#7593=CARTESIAN_POINT('Ctrl Pts',(3.68719089229585,3.59826964017303,0.));
#7594=CARTESIAN_POINT('Ctrl Pts',(3.70655248045401,3.60522723108254,0.));
#7595=CARTESIAN_POINT('Ctrl Pts',(3.72603227431998,3.6120242613992,0.));
#7596=CARTESIAN_POINT('Ctrl Pts',(3.74562728693823,3.61866269587532,0.));
#7597=CARTESIAN_POINT('Ctrl Pts',(3.76533606736945,3.62514268858357,0.));
#7598=CARTESIAN_POINT('Ctrl Pts',(3.7851580773954,3.63146332745098,0.));
#7599=CARTESIAN_POINT('Ctrl Pts',(3.80509295780744,3.63762351150492,0.));
#7600=CARTESIAN_POINT('Ctrl Pts',(3.82513971244565,3.64362292663831,0.));
#7601=CARTESIAN_POINT('Ctrl Pts',(3.8452963917971,3.64946242326727,0.));
#7602=CARTESIAN_POINT('Ctrl Pts',(3.86556052536536,3.65514349727479,0.));
#7603=CARTESIAN_POINT('Ctrl Pts',(3.88592937746471,3.66066798269001,0.));
#7604=CARTESIAN_POINT('Ctrl Pts',(3.90640025058248,3.66603768740623,0.));
#7605=CARTESIAN_POINT('Ctrl Pts',(3.92697082262801,3.67125398887974,0.));
#7606=CARTESIAN_POINT('Ctrl Pts',(3.94763926900287,3.67631768643675,0.));
#7607=CARTESIAN_POINT('Ctrl Pts',(3.96840407333221,3.68122922500654,0.));
#7608=CARTESIAN_POINT('Ctrl Pts',(3.98926391148758,3.68598883156125,0.));
#7609=CARTESIAN_POINT('Ctrl Pts',(4.01021751548094,3.69059667601217,0.));
#7610=CARTESIAN_POINT('Ctrl Pts',(4.03126352118101,3.69505305099797,0.));
#7611=CARTESIAN_POINT('Ctrl Pts',(4.05240040939897,3.6993584425974,0.));
#7612=CARTESIAN_POINT('Ctrl Pts',(4.073626587486,3.70351343632827,0.));
#7613=CARTESIAN_POINT('Ctrl Pts',(4.09494043743137,3.70751866302213,0.));
#7614=CARTESIAN_POINT('Ctrl Pts',(4.11634037257982,3.71137473406742,0.));
#7615=CARTESIAN_POINT('Ctrl Pts',(4.13782490026786,3.71508217183715,0.));
#7616=CARTESIAN_POINT('Ctrl Pts',(4.159392645494,3.71864137995471,0.));
#7617=CARTESIAN_POINT('Ctrl Pts',(4.18104230908984,3.72205268147932,0.));
#7618=CARTESIAN_POINT('Ctrl Pts',(4.20277263979933,3.72531634258289,0.));
#7619=CARTESIAN_POINT('Ctrl Pts',(4.224582402824,3.72843260134709,0.));
#7620=CARTESIAN_POINT('Ctrl Pts',(4.24647034306423,3.73140169957769,0.));
#7621=CARTESIAN_POINT('Ctrl Pts',(4.26843517106002,3.73422390035464,0.));
#7622=CARTESIAN_POINT('Ctrl Pts',(4.29047559473851,3.7368994746387,0.));
#7623=CARTESIAN_POINT('Ctrl Pts',(4.31259034174368,3.73942869563951,0.));
#7624=CARTESIAN_POINT('Ctrl Pts',(4.3347781826558,3.741811831127,0.));
#7625=CARTESIAN_POINT('Ctrl Pts',(4.35703795892295,3.74404913774478,0.));
#7626=CARTESIAN_POINT('Ctrl Pts',(4.37936859039202,3.74614085542834,0.));
#7627=CARTESIAN_POINT('Ctrl Pts',(4.40176902981235,3.74808720270935,0.));
#7628=CARTESIAN_POINT('Ctrl Pts',(4.42423822554758,3.74988837241762,0.));
#7629=CARTESIAN_POINT('Ctrl Pts',(4.44677508370793,3.75154452879547,0.));
#7630=CARTESIAN_POINT('Ctrl Pts',(4.46937842246714,3.7530558037669,0.));
#7631=CARTESIAN_POINT('Ctrl Pts',(4.49204695201981,3.7544222984991,0.));
#7632=CARTESIAN_POINT('Ctrl Pts',(4.51477936120403,3.75564410346733,0.));
#7633=CARTESIAN_POINT('Ctrl Pts',(4.53757438852876,3.7567213170665,0.));
#7634=CARTESIAN_POINT('Ctrl Pts',(4.56043089723554,3.75765406491452,0.));
#7635=CARTESIAN_POINT('Ctrl Pts',(4.58334795215484,3.75844252213475,0.));
#7636=CARTESIAN_POINT('Ctrl Pts',(4.60632488445166,3.75908692919883,0.));
#7637=CARTESIAN_POINT('Ctrl Pts',(4.62936124403919,3.75958754528987,0.));
#7638=CARTESIAN_POINT('Ctrl Pts',(4.64783765849128,3.75987319555522,0.));
#7639=CARTESIAN_POINT('Ctrl Pts',(4.66172153255382,3.76002291285344,0.));
#7640=CARTESIAN_POINT('Ctrl Pts',(4.67098925056188,3.76009405818361,0.));
#7641=CARTESIAN_POINT('Ctrl Pts',(4.67562606005691,3.76012246429776,0.));
#7642=CARTESIAN_POINT('',(4.67562606005692,3.76012246429775,3.));
#7643=CARTESIAN_POINT('Ctrl Pts',(4.67562606005691,3.76012246429776,3.));
#7644=CARTESIAN_POINT('Ctrl Pts',(4.67098925056188,3.76009405818361,3.));
#7645=CARTESIAN_POINT('Ctrl Pts',(4.66172153255382,3.76002291285344,3.));
#7646=CARTESIAN_POINT('Ctrl Pts',(4.64783765849128,3.75987319555522,3.));
#7647=CARTESIAN_POINT('Ctrl Pts',(4.62936124403919,3.75958754528987,3.));
#7648=CARTESIAN_POINT('Ctrl Pts',(4.60632488445166,3.75908692919883,3.));
#7649=CARTESIAN_POINT('Ctrl Pts',(4.58334795215484,3.75844252213475,3.));
#7650=CARTESIAN_POINT('Ctrl Pts',(4.56043089723554,3.75765406491452,3.));
#7651=CARTESIAN_POINT('Ctrl Pts',(4.53757438852876,3.7567213170665,3.));
#7652=CARTESIAN_POINT('Ctrl Pts',(4.51477936120403,3.75564410346733,3.));
#7653=CARTESIAN_POINT('Ctrl Pts',(4.49204695201981,3.7544222984991,3.));
#7654=CARTESIAN_POINT('Ctrl Pts',(4.46937842246714,3.7530558037669,3.));
#7655=CARTESIAN_POINT('Ctrl Pts',(4.44677508370793,3.75154452879547,3.));
#7656=CARTESIAN_POINT('Ctrl Pts',(4.42423822554758,3.74988837241762,3.));
#7657=CARTESIAN_POINT('Ctrl Pts',(4.40176902981235,3.74808720270935,3.));
#7658=CARTESIAN_POINT('Ctrl Pts',(4.37936859039202,3.74614085542834,3.));
#7659=CARTESIAN_POINT('Ctrl Pts',(4.35703795892295,3.74404913774478,3.));
#7660=CARTESIAN_POINT('Ctrl Pts',(4.3347781826558,3.741811831127,3.));
#7661=CARTESIAN_POINT('Ctrl Pts',(4.31259034174368,3.73942869563951,3.));
#7662=CARTESIAN_POINT('Ctrl Pts',(4.29047559473851,3.7368994746387,3.));
#7663=CARTESIAN_POINT('Ctrl Pts',(4.26843517106002,3.73422390035464,3.));
#7664=CARTESIAN_POINT('Ctrl Pts',(4.24647034306423,3.73140169957769,3.));
#7665=CARTESIAN_POINT('Ctrl Pts',(4.224582402824,3.72843260134709,3.));
#7666=CARTESIAN_POINT('Ctrl Pts',(4.20277263979933,3.72531634258289,3.));
#7667=CARTESIAN_POINT('Ctrl Pts',(4.18104230908984,3.72205268147932,3.));
#7668=CARTESIAN_POINT('Ctrl Pts',(4.159392645494,3.71864137995471,3.));
#7669=CARTESIAN_POINT('Ctrl Pts',(4.13782490026786,3.71508217183715,3.));
#7670=CARTESIAN_POINT('Ctrl Pts',(4.11634037257982,3.71137473406742,3.));
#7671=CARTESIAN_POINT('Ctrl Pts',(4.09494043743137,3.70751866302213,3.));
#7672=CARTESIAN_POINT('Ctrl Pts',(4.073626587486,3.70351343632827,3.));
#7673=CARTESIAN_POINT('Ctrl Pts',(4.05240040939897,3.6993584425974,3.));
#7674=CARTESIAN_POINT('Ctrl Pts',(4.03126352118101,3.69505305099797,3.));
#7675=CARTESIAN_POINT('Ctrl Pts',(4.01021751548094,3.69059667601217,3.));
#7676=CARTESIAN_POINT('Ctrl Pts',(3.98926391148758,3.68598883156125,3.));
#7677=CARTESIAN_POINT('Ctrl Pts',(3.96840407333221,3.68122922500654,3.));
#7678=CARTESIAN_POINT('Ctrl Pts',(3.94763926900287,3.67631768643675,3.));
#7679=CARTESIAN_POINT('Ctrl Pts',(3.92697082262801,3.67125398887974,3.));
#7680=CARTESIAN_POINT('Ctrl Pts',(3.90640025058248,3.66603768740623,3.));
#7681=CARTESIAN_POINT('Ctrl Pts',(3.88592937746471,3.66066798269001,3.));
#7682=CARTESIAN_POINT('Ctrl Pts',(3.86556052536536,3.65514349727479,3.));
#7683=CARTESIAN_POINT('Ctrl Pts',(3.8452963917971,3.64946242326727,3.));
#7684=CARTESIAN_POINT('Ctrl Pts',(3.82513971244565,3.64362292663831,3.));
#7685=CARTESIAN_POINT('Ctrl Pts',(3.80509295780744,3.63762351150492,3.));
#7686=CARTESIAN_POINT('Ctrl Pts',(3.7851580773954,3.63146332745098,3.));
#7687=CARTESIAN_POINT('Ctrl Pts',(3.76533606736945,3.62514268858357,3.));
#7688=CARTESIAN_POINT('Ctrl Pts',(3.74562728693823,3.61866269587532,3.));
#7689=CARTESIAN_POINT('Ctrl Pts',(3.72603227431998,3.6120242613992,3.));
#7690=CARTESIAN_POINT('Ctrl Pts',(3.70655248045401,3.60522723108254,3.));
#7691=CARTESIAN_POINT('Ctrl Pts',(3.68719089229585,3.59826964017303,3.));
#7692=CARTESIAN_POINT('Ctrl Pts',(3.66795306336898,3.59114648026814,3.));
#7693=CARTESIAN_POINT('Ctrl Pts',(3.64884633779406,3.58385063354887,3.));
#7694=CARTESIAN_POINT('Ctrl Pts',(3.62987800016793,3.57637509580573,3.));
#7695=CARTESIAN_POINT('Ctrl Pts',(3.611053597069,3.56871499341795,3.));
#7696=CARTESIAN_POINT('Ctrl Pts',(3.59237551963288,3.56086928794743,3.));
#7697=CARTESIAN_POINT('Ctrl Pts',(3.57384063106251,3.55284362484491,3.));
#7698=CARTESIAN_POINT('Ctrl Pts',(3.55544244349883,3.54464773264027,3.));
#7699=CARTESIAN_POINT('Ctrl Pts',(3.53717552026655,3.53629015678721,3.));
#7700=CARTESIAN_POINT('Ctrl Pts',(3.51903950829344,3.52777343598376,3.));
#7701=CARTESIAN_POINT('Ctrl Pts',(3.50104260646011,3.51908995579738,3.));
#7702=CARTESIAN_POINT('Ctrl Pts',(3.4832071158313,3.51021530467467,3.));
#7703=CARTESIAN_POINT('Ctrl Pts',(3.46556367149807,3.50111521052823,3.));
#7704=CARTESIAN_POINT('Ctrl Pts',(3.44814135899819,3.49175742057283,3.));
#7705=CARTESIAN_POINT('Ctrl Pts',(3.43095851681036,3.48212274736078,3.));
#7706=CARTESIAN_POINT('Ctrl Pts',(3.41401470118414,3.47221474509204,3.));
#7707=CARTESIAN_POINT('Ctrl Pts',(3.39727835193506,3.46207448137282,3.));
#7708=CARTESIAN_POINT('Ctrl Pts',(3.38070413010605,3.45176011355368,3.));
#7709=CARTESIAN_POINT('Ctrl Pts',(3.36425740633925,3.44131797325785,3.));
#7710=CARTESIAN_POINT('Ctrl Pts',(3.34793712690804,3.43075559660002,3.));
#7711=CARTESIAN_POINT('Ctrl Pts',(3.33179757116688,3.42001602339941,3.));
#7712=CARTESIAN_POINT('Ctrl Pts',(3.31597550503127,3.40894581857083,3.));
#7713=CARTESIAN_POINT('Ctrl Pts',(3.30065368123658,3.39733725821953,3.));
#7714=CARTESIAN_POINT('Ctrl Pts',(3.28894400361421,3.38745109430519,3.));
#7715=CARTESIAN_POINT('Ctrl Pts',(3.28053501681846,3.37962470127428,3.));
#7716=CARTESIAN_POINT('Ctrl Pts',(3.27510323191865,3.37421455567444,3.));
#7717=CARTESIAN_POINT('Ctrl Pts',(3.27243089150592,3.37146134477395,3.));
#7718=CARTESIAN_POINT('',(4.67562606005692,3.76012246429775,0.));
#7719=CARTESIAN_POINT('Origin',(2.33631181049306E-14,1.69528565286594E-14,
0.));
#7720=CARTESIAN_POINT('',(5.02093688363814,3.28484288977755,0.));
#7721=CARTESIAN_POINT('Origin',(2.33631181049306E-14,1.69528565286594E-14,
0.));
#7722=CARTESIAN_POINT('',(5.02093688363814,3.28484288977755,3.));
#7723=CARTESIAN_POINT('Origin',(2.33631181049306E-14,1.69528565286594E-14,
3.));
#7724=CARTESIAN_POINT('',(5.02093688363814,3.28484288977755,0.));
#7725=CARTESIAN_POINT('Ctrl Pts',(4.21768703977738,2.0704278720789,0.));
#7726=CARTESIAN_POINT('Ctrl Pts',(4.21768703977738,2.0704278720789,3.));
#7727=CARTESIAN_POINT('Ctrl Pts',(4.2211312975473,2.07211862988483,0.));
#7728=CARTESIAN_POINT('Ctrl Pts',(4.2211312975473,2.07211862988483,3.));
#7729=CARTESIAN_POINT('Ctrl Pts',(4.22795516561798,2.07561273737652,0.));
#7730=CARTESIAN_POINT('Ctrl Pts',(4.22795516561798,2.07561273737652,3.));
#7731=CARTESIAN_POINT('Ctrl Pts',(4.23799702753447,2.08119167061284,0.));
#7732=CARTESIAN_POINT('Ctrl Pts',(4.23799702753447,2.08119167061284,3.));
#7733=CARTESIAN_POINT('Ctrl Pts',(4.25101781753033,2.08927324316061,0.));
#7734=CARTESIAN_POINT('Ctrl Pts',(4.25101781753033,2.08927324316061,3.));
#7735=CARTESIAN_POINT('Ctrl Pts',(4.26679291843461,2.1002579210933,0.));
#7736=CARTESIAN_POINT('Ctrl Pts',(4.26679291843461,2.1002579210933,3.));
#7737=CARTESIAN_POINT('Ctrl Pts',(4.28221059619558,2.11188471876958,0.));
#7738=CARTESIAN_POINT('Ctrl Pts',(4.28221059619558,2.11188471876958,3.));
#7739=CARTESIAN_POINT('Ctrl Pts',(4.29741193427593,2.123915637796,0.));
#7740=CARTESIAN_POINT('Ctrl Pts',(4.29741193427593,2.123915637796,3.));
#7741=CARTESIAN_POINT('Ctrl Pts',(4.31250059512112,2.13617319200855,0.));
#7742=CARTESIAN_POINT('Ctrl Pts',(4.31250059512112,2.13617319200855,3.));
#7743=CARTESIAN_POINT('Ctrl Pts',(4.32751397783927,2.14858815700962,0.));
#7744=CARTESIAN_POINT('Ctrl Pts',(4.32751397783927,2.14858815700962,3.));
#7745=CARTESIAN_POINT('Ctrl Pts',(4.34244524077883,2.16116386374027,0.));
#7746=CARTESIAN_POINT('Ctrl Pts',(4.34244524077883,2.16116386374027,3.));
#7747=CARTESIAN_POINT('Ctrl Pts',(4.35726102100771,2.17394756393591,0.));
#7748=CARTESIAN_POINT('Ctrl Pts',(4.35726102100771,2.17394756393591,3.));
#7749=CARTESIAN_POINT('Ctrl Pts',(4.37192001810692,2.18700034911678,0.));
#7750=CARTESIAN_POINT('Ctrl Pts',(4.37192001810692,2.18700034911678,3.));
#7751=CARTESIAN_POINT('Ctrl Pts',(4.38639292709531,2.20036492539022,0.));
#7752=CARTESIAN_POINT('Ctrl Pts',(4.38639292709531,2.20036492539022,3.));
#7753=CARTESIAN_POINT('Ctrl Pts',(4.40067650485429,2.21404281309615,0.));
#7754=CARTESIAN_POINT('Ctrl Pts',(4.40067650485429,2.21404281309615,3.));
#7755=CARTESIAN_POINT('Ctrl Pts',(4.41478333282944,2.2280106420575,0.));
#7756=CARTESIAN_POINT('Ctrl Pts',(4.41478333282944,2.2280106420575,3.));
#7757=CARTESIAN_POINT('Ctrl Pts',(4.42873509731686,2.24223078362528,0.));
#7758=CARTESIAN_POINT('Ctrl Pts',(4.42873509731686,2.24223078362528,3.));
#7759=CARTESIAN_POINT('Ctrl Pts',(4.44255492624483,2.25666351143909,0.));
#7760=CARTESIAN_POINT('Ctrl Pts',(4.44255492624483,2.25666351143909,3.));
#7761=CARTESIAN_POINT('Ctrl Pts',(4.45625914497229,2.2712800723411,0.));
#7762=CARTESIAN_POINT('Ctrl Pts',(4.45625914497229,2.2712800723411,3.));
#7763=CARTESIAN_POINT('Ctrl Pts',(4.46985246166149,2.28607031574345,0.));
#7764=CARTESIAN_POINT('Ctrl Pts',(4.46985246166149,2.28607031574345,3.));
#7765=CARTESIAN_POINT('Ctrl Pts',(4.48333257097244,2.30103536193861,0.));
#7766=CARTESIAN_POINT('Ctrl Pts',(4.48333257097244,2.30103536193861,3.));
#7767=CARTESIAN_POINT('Ctrl Pts',(4.49669302572078,2.31618302220247,0.));
#7768=CARTESIAN_POINT('Ctrl Pts',(4.49669302572078,2.31618302220247,3.));
#7769=CARTESIAN_POINT('Ctrl Pts',(4.50992657838346,2.3315224731367,0.));
#7770=CARTESIAN_POINT('Ctrl Pts',(4.50992657838346,2.3315224731367,3.));
#7771=CARTESIAN_POINT('Ctrl Pts',(4.52302882914138,2.34705844255283,0.));
#7772=CARTESIAN_POINT('Ctrl Pts',(4.52302882914138,2.34705844255283,3.));
#7773=CARTESIAN_POINT('Ctrl Pts',(4.53600002670632,2.36278833545073,0.));
#7774=CARTESIAN_POINT('Ctrl Pts',(4.53600002670632,2.36278833545073,3.));
#7775=CARTESIAN_POINT('Ctrl Pts',(4.54884309218008,2.3787053706892,0.));
#7776=CARTESIAN_POINT('Ctrl Pts',(4.54884309218008,2.3787053706892,3.));
#7777=CARTESIAN_POINT('Ctrl Pts',(4.56156243589752,2.39480045578521,0.));
#7778=CARTESIAN_POINT('Ctrl Pts',(4.56156243589752,2.39480045578521,3.));
#7779=CARTESIAN_POINT('Ctrl Pts',(4.57416255784868,2.41106440653791,0.));
#7780=CARTESIAN_POINT('Ctrl Pts',(4.57416255784868,2.41106440653791,3.));
#7781=CARTESIAN_POINT('Ctrl Pts',(4.58664650517431,2.42749039355109,0.));
#7782=CARTESIAN_POINT('Ctrl Pts',(4.58664650517431,2.42749039355109,3.));
#7783=CARTESIAN_POINT('Ctrl Pts',(4.59901522344485,2.44407496891941,0.));
#7784=CARTESIAN_POINT('Ctrl Pts',(4.59901522344485,2.44407496891941,3.));
#7785=CARTESIAN_POINT('Ctrl Pts',(4.61126841082723,2.46081670510648,0.));
#7786=CARTESIAN_POINT('Ctrl Pts',(4.61126841082723,2.46081670510648,3.));
#7787=CARTESIAN_POINT('Ctrl Pts',(4.62340503356991,2.47771537208238,0.));
#7788=CARTESIAN_POINT('Ctrl Pts',(4.62340503356991,2.47771537208238,3.));
#7789=CARTESIAN_POINT('Ctrl Pts',(4.63542393358415,2.49477096843868,0.));
#7790=CARTESIAN_POINT('Ctrl Pts',(4.63542393358415,2.49477096843868,3.));
#7791=CARTESIAN_POINT('Ctrl Pts',(4.64732450430598,2.51198264383538,0.));
#7792=CARTESIAN_POINT('Ctrl Pts',(4.64732450430598,2.51198264383538,3.));
#7793=CARTESIAN_POINT('Ctrl Pts',(4.65910695209661,2.52934828138251,0.));
#7794=CARTESIAN_POINT('Ctrl Pts',(4.65910695209661,2.52934828138251,3.));
#7795=CARTESIAN_POINT('Ctrl Pts',(4.67077193619989,2.54686506924505,0.));
#7796=CARTESIAN_POINT('Ctrl Pts',(4.67077193619989,2.54686506924505,3.));
#7797=CARTESIAN_POINT('Ctrl Pts',(4.68232035550782,2.56452983888511,0.));
#7798=CARTESIAN_POINT('Ctrl Pts',(4.68232035550782,2.56452983888511,3.));
#7799=CARTESIAN_POINT('Ctrl Pts',(4.69375309585185,2.58233946614594,0.));
#7800=CARTESIAN_POINT('Ctrl Pts',(4.69375309585185,2.58233946614594,3.));
#7801=CARTESIAN_POINT('Ctrl Pts',(4.70507074970527,2.60029131693065,0.));
#7802=CARTESIAN_POINT('Ctrl Pts',(4.70507074970527,2.60029131693065,3.));
#7803=CARTESIAN_POINT('Ctrl Pts',(4.71627351344057,2.61838340893768,0.));
#7804=CARTESIAN_POINT('Ctrl Pts',(4.71627351344057,2.61838340893768,3.));
#7805=CARTESIAN_POINT('Ctrl Pts',(4.72736134162504,2.63661416251809,0.));
#7806=CARTESIAN_POINT('Ctrl Pts',(4.72736134162504,2.63661416251809,3.));
#7807=CARTESIAN_POINT('Ctrl Pts',(4.73833404094383,2.65498224821267,0.));
#7808=CARTESIAN_POINT('Ctrl Pts',(4.73833404094383,2.65498224821267,3.));
#7809=CARTESIAN_POINT('Ctrl Pts',(4.74919138116229,2.67348640758766,0.));
#7810=CARTESIAN_POINT('Ctrl Pts',(4.74919138116229,2.67348640758766,3.));
#7811=CARTESIAN_POINT('Ctrl Pts',(4.75993321905663,2.69212525284677,0.));
#7812=CARTESIAN_POINT('Ctrl Pts',(4.75993321905663,2.69212525284677,3.));
#7813=CARTESIAN_POINT('Ctrl Pts',(4.77055954746002,2.71089718894901,0.));
#7814=CARTESIAN_POINT('Ctrl Pts',(4.77055954746002,2.71089718894901,3.));
#7815=CARTESIAN_POINT('Ctrl Pts',(4.78107043107746,2.72980052026036,0.));
#7816=CARTESIAN_POINT('Ctrl Pts',(4.78107043107746,2.72980052026036,3.));
#7817=CARTESIAN_POINT('Ctrl Pts',(4.79146596987257,2.74883351302351,0.));
#7818=CARTESIAN_POINT('Ctrl Pts',(4.79146596987257,2.74883351302351,3.));
#7819=CARTESIAN_POINT('Ctrl Pts',(4.80174625500687,2.76799446931022,0.));
#7820=CARTESIAN_POINT('Ctrl Pts',(4.80174625500687,2.76799446931022,3.));
#7821=CARTESIAN_POINT('Ctrl Pts',(4.81191132202827,2.78728180809102,0.));
#7822=CARTESIAN_POINT('Ctrl Pts',(4.81191132202827,2.78728180809102,3.));
#7823=CARTESIAN_POINT('Ctrl Pts',(4.82196112990655,2.80669409693529,0.));
#7824=CARTESIAN_POINT('Ctrl Pts',(4.82196112990655,2.80669409693529,3.));
#7825=CARTESIAN_POINT('Ctrl Pts',(4.83189558442419,2.82623000042968,0.));
#7826=CARTESIAN_POINT('Ctrl Pts',(4.83189558442419,2.82623000042968,3.));
#7827=CARTESIAN_POINT('Ctrl Pts',(4.84171455206634,2.8458882463073,0.));
#7828=CARTESIAN_POINT('Ctrl Pts',(4.84171455206634,2.8458882463073,3.));
#7829=CARTESIAN_POINT('Ctrl Pts',(4.85141787768841,2.86566758663376,0.));
#7830=CARTESIAN_POINT('Ctrl Pts',(4.85141787768841,2.86566758663376,3.));
#7831=CARTESIAN_POINT('Ctrl Pts',(4.86100540341423,2.88556675301628,0.));
#7832=CARTESIAN_POINT('Ctrl Pts',(4.86100540341423,2.88556675301628,3.));
#7833=CARTESIAN_POINT('Ctrl Pts',(4.87047698098267,2.90558443780937,0.));
#7834=CARTESIAN_POINT('Ctrl Pts',(4.87047698098267,2.90558443780937,3.));
#7835=CARTESIAN_POINT('Ctrl Pts',(4.87983246882023,2.92571932844721,0.));
#7836=CARTESIAN_POINT('Ctrl Pts',(4.87983246882023,2.92571932844721,3.));
#7837=CARTESIAN_POINT('Ctrl Pts',(4.8890717335851,2.94597013042092,0.));
#7838=CARTESIAN_POINT('Ctrl Pts',(4.8890717335851,2.94597013042092,3.));
#7839=CARTESIAN_POINT('Ctrl Pts',(4.89819465003003,2.96633559173738,0.));
#7840=CARTESIAN_POINT('Ctrl Pts',(4.89819465003003,2.96633559173738,3.));
#7841=CARTESIAN_POINT('Ctrl Pts',(4.90720110422535,2.986814531241,0.));
#7842=CARTESIAN_POINT('Ctrl Pts',(4.90720110422535,2.986814531241,3.));
#7843=CARTESIAN_POINT('Ctrl Pts',(4.91609099057761,3.00740584750099,0.));
#7844=CARTESIAN_POINT('Ctrl Pts',(4.91609099057761,3.00740584750099,3.));
#7845=CARTESIAN_POINT('Ctrl Pts',(4.92486419330454,3.02810847699278,0.));
#7846=CARTESIAN_POINT('Ctrl Pts',(4.92486419330454,3.02810847699278,3.));
#7847=CARTESIAN_POINT('Ctrl Pts',(4.93352057082467,3.04892135996308,0.));
#7848=CARTESIAN_POINT('Ctrl Pts',(4.93352057082467,3.04892135996308,3.));
#7849=CARTESIAN_POINT('Ctrl Pts',(4.9420599413112,3.0698434053072,0.));
#7850=CARTESIAN_POINT('Ctrl Pts',(4.9420599413112,3.0698434053072,3.));
#7851=CARTESIAN_POINT('Ctrl Pts',(4.95048206502689,3.09087344827482,0.));
#7852=CARTESIAN_POINT('Ctrl Pts',(4.95048206502689,3.09087344827482,3.));
#7853=CARTESIAN_POINT('Ctrl Pts',(4.95878663961571,3.11201023092575,0.));
#7854=CARTESIAN_POINT('Ctrl Pts',(4.95878663961571,3.11201023092575,3.));
#7855=CARTESIAN_POINT('Ctrl Pts',(4.96697334595339,3.1332524783125,0.));
#7856=CARTESIAN_POINT('Ctrl Pts',(4.96697334595339,3.1332524783125,3.));
#7857=CARTESIAN_POINT('Ctrl Pts',(4.9750418877969,3.15459896028009,0.));
#7858=CARTESIAN_POINT('Ctrl Pts',(4.9750418877969,3.15459896028009,3.));
#7859=CARTESIAN_POINT('Ctrl Pts',(4.9829920333383,3.17604855688892,0.));
#7860=CARTESIAN_POINT('Ctrl Pts',(4.9829920333383,3.17604855688892,3.));
#7861=CARTESIAN_POINT('Ctrl Pts',(4.99082366014651,3.19760032462383,0.));
#7862=CARTESIAN_POINT('Ctrl Pts',(4.99082366014651,3.19760032462383,3.));
#7863=CARTESIAN_POINT('Ctrl Pts',(4.99853679024226,3.2192535530751,0.));
#7864=CARTESIAN_POINT('Ctrl Pts',(4.99853679024226,3.2192535530751,3.));
#7865=CARTESIAN_POINT('Ctrl Pts',(5.00613153103889,3.24100773409275,0.));
#7866=CARTESIAN_POINT('Ctrl Pts',(5.00613153103889,3.24100773409275,3.));
#7867=CARTESIAN_POINT('Ctrl Pts',(5.01211272664594,3.25849157766874,0.));
#7868=CARTESIAN_POINT('Ctrl Pts',(5.01211272664594,3.25849157766874,3.));
#7869=CARTESIAN_POINT('Ctrl Pts',(5.0165454692911,3.27164966137783,0.));
#7870=CARTESIAN_POINT('Ctrl Pts',(5.0165454692911,3.27164966137783,3.));
#7871=CARTESIAN_POINT('Ctrl Pts',(5.01947701488453,3.28044179986449,0.));
#7872=CARTESIAN_POINT('Ctrl Pts',(5.01947701488453,3.28044179986449,3.));
#7873=CARTESIAN_POINT('Ctrl Pts',(5.02093688363814,3.28484288977755,0.));
#7874=CARTESIAN_POINT('Ctrl Pts',(5.02093688363814,3.28484288977755,3.));
#7875=CARTESIAN_POINT('Ctrl Pts',(4.21768703977738,2.0704278720789,0.));
#7876=CARTESIAN_POINT('Ctrl Pts',(4.2211312975473,2.07211862988483,0.));
#7877=CARTESIAN_POINT('Ctrl Pts',(4.22795516561798,2.07561273737652,0.));
#7878=CARTESIAN_POINT('Ctrl Pts',(4.23799702753447,2.08119167061284,0.));
#7879=CARTESIAN_POINT('Ctrl Pts',(4.25101781753033,2.08927324316061,0.));
#7880=CARTESIAN_POINT('Ctrl Pts',(4.26679291843461,2.1002579210933,0.));
#7881=CARTESIAN_POINT('Ctrl Pts',(4.28221059619558,2.11188471876958,0.));
#7882=CARTESIAN_POINT('Ctrl Pts',(4.29741193427593,2.123915637796,0.));
#7883=CARTESIAN_POINT('Ctrl Pts',(4.31250059512112,2.13617319200855,0.));
#7884=CARTESIAN_POINT('Ctrl Pts',(4.32751397783927,2.14858815700962,0.));
#7885=CARTESIAN_POINT('Ctrl Pts',(4.34244524077883,2.16116386374027,0.));
#7886=CARTESIAN_POINT('Ctrl Pts',(4.35726102100771,2.17394756393591,0.));
#7887=CARTESIAN_POINT('Ctrl Pts',(4.37192001810692,2.18700034911678,0.));
#7888=CARTESIAN_POINT('Ctrl Pts',(4.38639292709531,2.20036492539022,0.));
#7889=CARTESIAN_POINT('Ctrl Pts',(4.40067650485429,2.21404281309615,0.));
#7890=CARTESIAN_POINT('Ctrl Pts',(4.41478333282944,2.2280106420575,0.));
#7891=CARTESIAN_POINT('Ctrl Pts',(4.42873509731686,2.24223078362528,0.));
#7892=CARTESIAN_POINT('Ctrl Pts',(4.44255492624483,2.25666351143909,0.));
#7893=CARTESIAN_POINT('Ctrl Pts',(4.45625914497229,2.2712800723411,0.));
#7894=CARTESIAN_POINT('Ctrl Pts',(4.46985246166149,2.28607031574345,0.));
#7895=CARTESIAN_POINT('Ctrl Pts',(4.48333257097244,2.30103536193861,0.));
#7896=CARTESIAN_POINT('Ctrl Pts',(4.49669302572078,2.31618302220247,0.));
#7897=CARTESIAN_POINT('Ctrl Pts',(4.50992657838346,2.3315224731367,0.));
#7898=CARTESIAN_POINT('Ctrl Pts',(4.52302882914138,2.34705844255283,0.));
#7899=CARTESIAN_POINT('Ctrl Pts',(4.53600002670632,2.36278833545073,0.));
#7900=CARTESIAN_POINT('Ctrl Pts',(4.54884309218008,2.3787053706892,0.));
#7901=CARTESIAN_POINT('Ctrl Pts',(4.56156243589752,2.39480045578521,0.));
#7902=CARTESIAN_POINT('Ctrl Pts',(4.57416255784868,2.41106440653791,0.));
#7903=CARTESIAN_POINT('Ctrl Pts',(4.58664650517431,2.42749039355109,0.));
#7904=CARTESIAN_POINT('Ctrl Pts',(4.59901522344485,2.44407496891941,0.));
#7905=CARTESIAN_POINT('Ctrl Pts',(4.61126841082723,2.46081670510648,0.));
#7906=CARTESIAN_POINT('Ctrl Pts',(4.62340503356991,2.47771537208238,0.));
#7907=CARTESIAN_POINT('Ctrl Pts',(4.63542393358415,2.49477096843868,0.));
#7908=CARTESIAN_POINT('Ctrl Pts',(4.64732450430598,2.51198264383538,0.));
#7909=CARTESIAN_POINT('Ctrl Pts',(4.65910695209661,2.52934828138251,0.));
#7910=CARTESIAN_POINT('Ctrl Pts',(4.67077193619989,2.54686506924505,0.));
#7911=CARTESIAN_POINT('Ctrl Pts',(4.68232035550782,2.56452983888511,0.));
#7912=CARTESIAN_POINT('Ctrl Pts',(4.69375309585185,2.58233946614594,0.));
#7913=CARTESIAN_POINT('Ctrl Pts',(4.70507074970527,2.60029131693065,0.));
#7914=CARTESIAN_POINT('Ctrl Pts',(4.71627351344057,2.61838340893768,0.));
#7915=CARTESIAN_POINT('Ctrl Pts',(4.72736134162504,2.63661416251809,0.));
#7916=CARTESIAN_POINT('Ctrl Pts',(4.73833404094383,2.65498224821267,0.));
#7917=CARTESIAN_POINT('Ctrl Pts',(4.74919138116229,2.67348640758766,0.));
#7918=CARTESIAN_POINT('Ctrl Pts',(4.75993321905663,2.69212525284677,0.));
#7919=CARTESIAN_POINT('Ctrl Pts',(4.77055954746002,2.71089718894901,0.));
#7920=CARTESIAN_POINT('Ctrl Pts',(4.78107043107746,2.72980052026036,0.));
#7921=CARTESIAN_POINT('Ctrl Pts',(4.79146596987257,2.74883351302351,0.));
#7922=CARTESIAN_POINT('Ctrl Pts',(4.80174625500687,2.76799446931022,0.));
#7923=CARTESIAN_POINT('Ctrl Pts',(4.81191132202827,2.78728180809102,0.));
#7924=CARTESIAN_POINT('Ctrl Pts',(4.82196112990655,2.80669409693529,0.));
#7925=CARTESIAN_POINT('Ctrl Pts',(4.83189558442419,2.82623000042968,0.));
#7926=CARTESIAN_POINT('Ctrl Pts',(4.84171455206634,2.8458882463073,0.));
#7927=CARTESIAN_POINT('Ctrl Pts',(4.85141787768841,2.86566758663376,0.));
#7928=CARTESIAN_POINT('Ctrl Pts',(4.86100540341423,2.88556675301628,0.));
#7929=CARTESIAN_POINT('Ctrl Pts',(4.87047698098267,2.90558443780937,0.));
#7930=CARTESIAN_POINT('Ctrl Pts',(4.87983246882023,2.92571932844721,0.));
#7931=CARTESIAN_POINT('Ctrl Pts',(4.8890717335851,2.94597013042092,0.));
#7932=CARTESIAN_POINT('Ctrl Pts',(4.89819465003003,2.96633559173738,0.));
#7933=CARTESIAN_POINT('Ctrl Pts',(4.90720110422535,2.986814531241,0.));
#7934=CARTESIAN_POINT('Ctrl Pts',(4.91609099057761,3.00740584750099,0.));
#7935=CARTESIAN_POINT('Ctrl Pts',(4.92486419330454,3.02810847699278,0.));
#7936=CARTESIAN_POINT('Ctrl Pts',(4.93352057082467,3.04892135996308,0.));
#7937=CARTESIAN_POINT('Ctrl Pts',(4.9420599413112,3.0698434053072,0.));
#7938=CARTESIAN_POINT('Ctrl Pts',(4.95048206502689,3.09087344827482,0.));
#7939=CARTESIAN_POINT('Ctrl Pts',(4.95878663961571,3.11201023092575,0.));
#7940=CARTESIAN_POINT('Ctrl Pts',(4.96697334595339,3.1332524783125,0.));
#7941=CARTESIAN_POINT('Ctrl Pts',(4.9750418877969,3.15459896028009,0.));
#7942=CARTESIAN_POINT('Ctrl Pts',(4.9829920333383,3.17604855688892,0.));
#7943=CARTESIAN_POINT('Ctrl Pts',(4.99082366014651,3.19760032462383,0.));
#7944=CARTESIAN_POINT('Ctrl Pts',(4.99853679024226,3.2192535530751,0.));
#7945=CARTESIAN_POINT('Ctrl Pts',(5.00613153103889,3.24100773409275,0.));
#7946=CARTESIAN_POINT('Ctrl Pts',(5.01211272664594,3.25849157766874,0.));
#7947=CARTESIAN_POINT('Ctrl Pts',(5.0165454692911,3.27164966137783,0.));
#7948=CARTESIAN_POINT('Ctrl Pts',(5.01947701488453,3.28044179986449,0.));
#7949=CARTESIAN_POINT('Ctrl Pts',(5.02093688363814,3.28484288977755,0.));
#7950=CARTESIAN_POINT('Ctrl Pts',(4.21768703977738,2.0704278720789,3.));
#7951=CARTESIAN_POINT('Ctrl Pts',(4.2211312975473,2.07211862988483,3.));
#7952=CARTESIAN_POINT('Ctrl Pts',(4.22795516561798,2.07561273737652,3.));
#7953=CARTESIAN_POINT('Ctrl Pts',(4.23799702753447,2.08119167061284,3.));
#7954=CARTESIAN_POINT('Ctrl Pts',(4.25101781753033,2.08927324316061,3.));
#7955=CARTESIAN_POINT('Ctrl Pts',(4.26679291843461,2.1002579210933,3.));
#7956=CARTESIAN_POINT('Ctrl Pts',(4.28221059619558,2.11188471876958,3.));
#7957=CARTESIAN_POINT('Ctrl Pts',(4.29741193427593,2.123915637796,3.));
#7958=CARTESIAN_POINT('Ctrl Pts',(4.31250059512112,2.13617319200855,3.));
#7959=CARTESIAN_POINT('Ctrl Pts',(4.32751397783927,2.14858815700962,3.));
#7960=CARTESIAN_POINT('Ctrl Pts',(4.34244524077883,2.16116386374027,3.));
#7961=CARTESIAN_POINT('Ctrl Pts',(4.35726102100771,2.17394756393591,3.));
#7962=CARTESIAN_POINT('Ctrl Pts',(4.37192001810692,2.18700034911678,3.));
#7963=CARTESIAN_POINT('Ctrl Pts',(4.38639292709531,2.20036492539022,3.));
#7964=CARTESIAN_POINT('Ctrl Pts',(4.40067650485429,2.21404281309615,3.));
#7965=CARTESIAN_POINT('Ctrl Pts',(4.41478333282944,2.2280106420575,3.));
#7966=CARTESIAN_POINT('Ctrl Pts',(4.42873509731686,2.24223078362528,3.));
#7967=CARTESIAN_POINT('Ctrl Pts',(4.44255492624483,2.25666351143909,3.));
#7968=CARTESIAN_POINT('Ctrl Pts',(4.45625914497229,2.2712800723411,3.));
#7969=CARTESIAN_POINT('Ctrl Pts',(4.46985246166149,2.28607031574345,3.));
#7970=CARTESIAN_POINT('Ctrl Pts',(4.48333257097244,2.30103536193861,3.));
#7971=CARTESIAN_POINT('Ctrl Pts',(4.49669302572078,2.31618302220247,3.));
#7972=CARTESIAN_POINT('Ctrl Pts',(4.50992657838346,2.3315224731367,3.));
#7973=CARTESIAN_POINT('Ctrl Pts',(4.52302882914138,2.34705844255283,3.));
#7974=CARTESIAN_POINT('Ctrl Pts',(4.53600002670632,2.36278833545073,3.));
#7975=CARTESIAN_POINT('Ctrl Pts',(4.54884309218008,2.3787053706892,3.));
#7976=CARTESIAN_POINT('Ctrl Pts',(4.56156243589752,2.39480045578521,3.));
#7977=CARTESIAN_POINT('Ctrl Pts',(4.57416255784868,2.41106440653791,3.));
#7978=CARTESIAN_POINT('Ctrl Pts',(4.58664650517431,2.42749039355109,3.));
#7979=CARTESIAN_POINT('Ctrl Pts',(4.59901522344485,2.44407496891941,3.));
#7980=CARTESIAN_POINT('Ctrl Pts',(4.61126841082723,2.46081670510648,3.));
#7981=CARTESIAN_POINT('Ctrl Pts',(4.62340503356991,2.47771537208238,3.));
#7982=CARTESIAN_POINT('Ctrl Pts',(4.63542393358415,2.49477096843868,3.));
#7983=CARTESIAN_POINT('Ctrl Pts',(4.64732450430598,2.51198264383538,3.));
#7984=CARTESIAN_POINT('Ctrl Pts',(4.65910695209661,2.52934828138251,3.));
#7985=CARTESIAN_POINT('Ctrl Pts',(4.67077193619989,2.54686506924505,3.));
#7986=CARTESIAN_POINT('Ctrl Pts',(4.68232035550782,2.56452983888511,3.));
#7987=CARTESIAN_POINT('Ctrl Pts',(4.69375309585185,2.58233946614594,3.));
#7988=CARTESIAN_POINT('Ctrl Pts',(4.70507074970527,2.60029131693065,3.));
#7989=CARTESIAN_POINT('Ctrl Pts',(4.71627351344057,2.61838340893768,3.));
#7990=CARTESIAN_POINT('Ctrl Pts',(4.72736134162504,2.63661416251809,3.));
#7991=CARTESIAN_POINT('Ctrl Pts',(4.73833404094383,2.65498224821267,3.));
#7992=CARTESIAN_POINT('Ctrl Pts',(4.74919138116229,2.67348640758766,3.));
#7993=CARTESIAN_POINT('Ctrl Pts',(4.75993321905663,2.69212525284677,3.));
#7994=CARTESIAN_POINT('Ctrl Pts',(4.77055954746002,2.71089718894901,3.));
#7995=CARTESIAN_POINT('Ctrl Pts',(4.78107043107746,2.72980052026036,3.));
#7996=CARTESIAN_POINT('Ctrl Pts',(4.79146596987257,2.74883351302351,3.));
#7997=CARTESIAN_POINT('Ctrl Pts',(4.80174625500687,2.76799446931022,3.));
#7998=CARTESIAN_POINT('Ctrl Pts',(4.81191132202827,2.78728180809102,3.));
#7999=CARTESIAN_POINT('Ctrl Pts',(4.82196112990655,2.80669409693529,3.));
#8000=CARTESIAN_POINT('Ctrl Pts',(4.83189558442419,2.82623000042968,3.));
#8001=CARTESIAN_POINT('Ctrl Pts',(4.84171455206634,2.8458882463073,3.));
#8002=CARTESIAN_POINT('Ctrl Pts',(4.85141787768841,2.86566758663376,3.));
#8003=CARTESIAN_POINT('Ctrl Pts',(4.86100540341423,2.88556675301628,3.));
#8004=CARTESIAN_POINT('Ctrl Pts',(4.87047698098267,2.90558443780937,3.));
#8005=CARTESIAN_POINT('Ctrl Pts',(4.87983246882023,2.92571932844721,3.));
#8006=CARTESIAN_POINT('Ctrl Pts',(4.8890717335851,2.94597013042092,3.));
#8007=CARTESIAN_POINT('Ctrl Pts',(4.89819465003003,2.96633559173738,3.));
#8008=CARTESIAN_POINT('Ctrl Pts',(4.90720110422535,2.986814531241,3.));
#8009=CARTESIAN_POINT('Ctrl Pts',(4.91609099057761,3.00740584750099,3.));
#8010=CARTESIAN_POINT('Ctrl Pts',(4.92486419330454,3.02810847699278,3.));
#8011=CARTESIAN_POINT('Ctrl Pts',(4.93352057082467,3.04892135996308,3.));
#8012=CARTESIAN_POINT('Ctrl Pts',(4.9420599413112,3.0698434053072,3.));
#8013=CARTESIAN_POINT('Ctrl Pts',(4.95048206502689,3.09087344827482,3.));
#8014=CARTESIAN_POINT('Ctrl Pts',(4.95878663961571,3.11201023092575,3.));
#8015=CARTESIAN_POINT('Ctrl Pts',(4.96697334595339,3.1332524783125,3.));
#8016=CARTESIAN_POINT('Ctrl Pts',(4.9750418877969,3.15459896028009,3.));
#8017=CARTESIAN_POINT('Ctrl Pts',(4.9829920333383,3.17604855688892,3.));
#8018=CARTESIAN_POINT('Ctrl Pts',(4.99082366014651,3.19760032462383,3.));
#8019=CARTESIAN_POINT('Ctrl Pts',(4.99853679024226,3.2192535530751,3.));
#8020=CARTESIAN_POINT('Ctrl Pts',(5.00613153103889,3.24100773409275,3.));
#8021=CARTESIAN_POINT('Ctrl Pts',(5.01211272664594,3.25849157766874,3.));
#8022=CARTESIAN_POINT('Ctrl Pts',(5.0165454692911,3.27164966137783,3.));
#8023=CARTESIAN_POINT('Ctrl Pts',(5.01947701488453,3.28044179986449,3.));
#8024=CARTESIAN_POINT('Ctrl Pts',(5.02093688363814,3.28484288977755,3.));
#8025=CARTESIAN_POINT('Origin',(0.,0.,0.));
#8026=CARTESIAN_POINT('Origin',(0.,0.,0.));
#8027=CARTESIAN_POINT('Origin',(0.,0.,0.));
#8028=CARTESIAN_POINT('Origin',(0.,0.,0.));
#8029=CARTESIAN_POINT('Origin',(0.,0.,0.));
#8030=CARTESIAN_POINT('Origin',(0.,0.,0.));
#8031=CARTESIAN_POINT('Origin',(0.,0.,0.));
#8032=CARTESIAN_POINT('Origin',(0.,0.,0.));
#8033=CARTESIAN_POINT('',(3.66508777917361,1.15575973755459,0.));
#8034=CARTESIAN_POINT('Origin',(0.,0.,0.));
#8035=CARTESIAN_POINT('',(4.32874473137268,0.751902952922302,0.));
#8036=CARTESIAN_POINT('Origin',(4.22777364691038,1.33319878131135,0.));
#8037=CARTESIAN_POINT('',(4.62914746127813,0.804082906626849,0.));
#8038=CARTESIAN_POINT('',(3.77645239019528,0.655969774142326,0.));
#8039=CARTESIAN_POINT('',(5.99280547325628,0.293738931212067,0.));
#8040=CARTESIAN_POINT('Ctrl Pts',(4.62914746127813,0.804082906626849,0.));
#8041=CARTESIAN_POINT('Ctrl Pts',(4.63292772685053,0.804739538750735,0.));
#8042=CARTESIAN_POINT('Ctrl Pts',(4.64050213694062,0.805923715425318,0.));
#8043=CARTESIAN_POINT('Ctrl Pts',(4.65190538856606,0.807312721966721,0.));
#8044=CARTESIAN_POINT('Ctrl Pts',(4.66718965811181,0.808428020767071,0.));
#8045=CARTESIAN_POINT('Ctrl Pts',(4.68640861452137,0.808813601306752,0.));
#8046=CARTESIAN_POINT('Ctrl Pts',(4.7057158380493,0.808469608008974,0.));
#8047=CARTESIAN_POINT('Ctrl Pts',(4.72508557566879,0.807671512397398,0.));
#8048=CARTESIAN_POINT('Ctrl Pts',(4.74449736831022,0.806623835051614,0.));
#8049=CARTESIAN_POINT('Ctrl Pts',(4.76394078340762,0.805404562329931,0.));
#8050=CARTESIAN_POINT('Ctrl Pts',(4.78341224382663,0.804006978022532,0.));
#8051=CARTESIAN_POINT('Ctrl Pts',(4.80291253226145,0.802373244433007,0.));
#8052=CARTESIAN_POINT('Ctrl Pts',(4.82244414466586,0.800429661706066,0.));
#8053=CARTESIAN_POINT('Ctrl Pts',(4.84200847483217,0.798124454839388,0.));
#8054=CARTESIAN_POINT('Ctrl Pts',(4.86160379265572,0.795454487594836,0.));
#8055=CARTESIAN_POINT('Ctrl Pts',(4.88122654009437,0.792446062031001,0.));
#8056=CARTESIAN_POINT('Ctrl Pts',(4.90087214416526,0.78914236724941,0.));
#8057=CARTESIAN_POINT('Ctrl Pts',(4.92053596518665,0.785589136805919,0.));
#8058=CARTESIAN_POINT('Ctrl Pts',(4.94021430996924,0.781819228299067,0.));
#8059=CARTESIAN_POINT('Ctrl Pts',(4.95990502113044,0.777843621115277,0.));
#8060=CARTESIAN_POINT('Ctrl Pts',(4.97960689210242,0.773660053874053,0.));
#8061=CARTESIAN_POINT('Ctrl Pts',(4.99931929835623,0.769258417560567,0.));
#8062=CARTESIAN_POINT('Ctrl Pts',(5.01904177039371,0.764627028160959,0.));
#8063=CARTESIAN_POINT('Ctrl Pts',(5.0387735276243,0.759759474646561,0.));
#8064=CARTESIAN_POINT('Ctrl Pts',(5.05851324595724,0.754658002605706,0.));
#8065=CARTESIAN_POINT('Ctrl Pts',(5.07825930275879,0.749329815077421,0.));
#8066=CARTESIAN_POINT('Ctrl Pts',(5.09800992163732,0.743784860364785,0.));
#8067=CARTESIAN_POINT('Ctrl Pts',(5.11776334482345,0.738033213670159,0.));
#8068=CARTESIAN_POINT('Ctrl Pts',(5.13751802328746,0.732082191155507,0.));
#8069=CARTESIAN_POINT('Ctrl Pts',(5.15727269538399,0.725935138027232,0.));
#8070=CARTESIAN_POINT('Ctrl Pts',(5.17702627784013,0.719593031773491,0.));
#8071=CARTESIAN_POINT('Ctrl Pts',(5.19677779912512,0.713055450868487,0.));
#8072=CARTESIAN_POINT('Ctrl Pts',(5.21652632149761,0.706321715744193,0.));
#8073=CARTESIAN_POINT('Ctrl Pts',(5.23627085441976,0.699392157810748,0.));
#8074=CARTESIAN_POINT('Ctrl Pts',(5.25601032056457,0.692268610964201,0.));
#8075=CARTESIAN_POINT('Ctrl Pts',(5.27574360051638,0.684953737520679,0.));
#8076=CARTESIAN_POINT('Ctrl Pts',(5.29546955907424,0.677450629236647,0.));
#8077=CARTESIAN_POINT('Ctrl Pts',(5.31518707655757,0.669762334286665,0.));
#8078=CARTESIAN_POINT('Ctrl Pts',(5.33489508400405,0.661891331946935,0.));
#8079=CARTESIAN_POINT('Ctrl Pts',(5.35459257511472,0.65383934135799,0.));
#8080=CARTESIAN_POINT('Ctrl Pts',(5.37427858463941,0.645607613777953,0.));
#8081=CARTESIAN_POINT('Ctrl Pts',(5.3939521747466,0.637197111134323,0.));
#8082=CARTESIAN_POINT('Ctrl Pts',(5.41361241948373,0.628608716192876,0.));
#8083=CARTESIAN_POINT('Ctrl Pts',(5.43325838725414,0.619843467519538,0.));
#8084=CARTESIAN_POINT('Ctrl Pts',(5.45288913471817,0.610902651317038,0.));
#8085=CARTESIAN_POINT('Ctrl Pts',(5.47250371755458,0.601787677414747,0.));
#8086=CARTESIAN_POINT('Ctrl Pts',(5.49210119755868,0.592500007208942,0.));
#8087=CARTESIAN_POINT('Ctrl Pts',(5.5116806504645,0.58304106793582,0.));
#8088=CARTESIAN_POINT('Ctrl Pts',(5.53124117572509,0.573412159569625,0.));
#8089=CARTESIAN_POINT('Ctrl Pts',(5.55078189818472,0.563614416854121,0.));
#8090=CARTESIAN_POINT('Ctrl Pts',(5.57030195668355,0.553648864781734,0.));
#8091=CARTESIAN_POINT('Ctrl Pts',(5.58980049538608,0.543516454159928,0.));
#8092=CARTESIAN_POINT('Ctrl Pts',(5.60927665526025,0.53321810339714,0.));
#8093=CARTESIAN_POINT('Ctrl Pts',(5.62872956303901,0.522754745847402,0.));
#8094=CARTESIAN_POINT('Ctrl Pts',(5.64815833016183,0.51212735227242,0.));
#8095=CARTESIAN_POINT('Ctrl Pts',(5.66756207058653,0.501336901345444,0.));
#8096=CARTESIAN_POINT('Ctrl Pts',(5.68693991554408,0.490384361969815,0.));
#8097=CARTESIAN_POINT('Ctrl Pts',(5.70629102780424,0.479270673410737,0.));
#8098=CARTESIAN_POINT('Ctrl Pts',(5.72561462093013,0.467996724276987,0.));
#8099=CARTESIAN_POINT('Ctrl Pts',(5.74490996209009,0.456563343578521,0.));
#8100=CARTESIAN_POINT('Ctrl Pts',(5.76417633249022,0.444971323669677,0.));
#8101=CARTESIAN_POINT('Ctrl Pts',(5.78341299468135,0.433221438689376,0.));
#8102=CARTESIAN_POINT('Ctrl Pts',(5.80261916022729,0.421314464484745,0.));
#8103=CARTESIAN_POINT('Ctrl Pts',(5.82179395055346,0.409251202444568,0.));
#8104=CARTESIAN_POINT('Ctrl Pts',(5.84093638164999,0.397032492543428,0.));
#8105=CARTESIAN_POINT('Ctrl Pts',(5.86004544594462,0.38465917865897,0.));
#8106=CARTESIAN_POINT('Ctrl Pts',(5.87912018070472,0.372132081880191,0.));
#8107=CARTESIAN_POINT('Ctrl Pts',(5.89815974010976,0.35945197200397,0.));
#8108=CARTESIAN_POINT('Ctrl Pts',(5.91716347052661,0.346619540386933,0.));
#8109=CARTESIAN_POINT('Ctrl Pts',(5.93613097220208,0.333635374706071,0.));
#8110=CARTESIAN_POINT('Ctrl Pts',(5.9550620333523,0.320499949199329,0.));
#8111=CARTESIAN_POINT('Ctrl Pts',(5.97017766765244,0.309870881188258,0.));
#8112=CARTESIAN_POINT('Ctrl Pts',(5.9814979593367,0.301831268608225,0.));
#8113=CARTESIAN_POINT('Ctrl Pts',(5.98903751888014,0.29644139842186,0.));
#8114=CARTESIAN_POINT('Ctrl Pts',(5.99280547325628,0.29373893121208,0.));
#8115=CARTESIAN_POINT('',(5.99280547325628,-0.29373893121208,0.));
#8116=CARTESIAN_POINT('Origin',(2.88657986402541E-14,-1.73472347597681E-17,
0.));
#8117=CARTESIAN_POINT('',(4.62914746127813,-0.804082906626849,0.));
#8118=CARTESIAN_POINT('Ctrl Pts',(4.62914746127813,-0.804082906626849,0.));
#8119=CARTESIAN_POINT('Ctrl Pts',(4.63292772685053,-0.804739538750735,0.));
#8120=CARTESIAN_POINT('Ctrl Pts',(4.64050213694062,-0.805923715425318,0.));
#8121=CARTESIAN_POINT('Ctrl Pts',(4.65190538856606,-0.807312721966721,0.));
#8122=CARTESIAN_POINT('Ctrl Pts',(4.66718965811181,-0.808428020767071,0.));
#8123=CARTESIAN_POINT('Ctrl Pts',(4.68640861452137,-0.808813601306752,0.));
#8124=CARTESIAN_POINT('Ctrl Pts',(4.7057158380493,-0.808469608008974,0.));
#8125=CARTESIAN_POINT('Ctrl Pts',(4.72508557566879,-0.807671512397398,0.));
#8126=CARTESIAN_POINT('Ctrl Pts',(4.74449736831022,-0.806623835051614,0.));
#8127=CARTESIAN_POINT('Ctrl Pts',(4.76394078340762,-0.805404562329931,0.));
#8128=CARTESIAN_POINT('Ctrl Pts',(4.78341224382663,-0.804006978022532,0.));
#8129=CARTESIAN_POINT('Ctrl Pts',(4.80291253226145,-0.802373244433007,0.));
#8130=CARTESIAN_POINT('Ctrl Pts',(4.82244414466586,-0.800429661706066,0.));
#8131=CARTESIAN_POINT('Ctrl Pts',(4.84200847483217,-0.798124454839388,0.));
#8132=CARTESIAN_POINT('Ctrl Pts',(4.86160379265572,-0.795454487594836,0.));
#8133=CARTESIAN_POINT('Ctrl Pts',(4.88122654009437,-0.792446062031001,0.));
#8134=CARTESIAN_POINT('Ctrl Pts',(4.90087214416526,-0.78914236724941,0.));
#8135=CARTESIAN_POINT('Ctrl Pts',(4.92053596518665,-0.785589136805919,0.));
#8136=CARTESIAN_POINT('Ctrl Pts',(4.94021430996924,-0.781819228299067,0.));
#8137=CARTESIAN_POINT('Ctrl Pts',(4.95990502113044,-0.777843621115277,0.));
#8138=CARTESIAN_POINT('Ctrl Pts',(4.97960689210242,-0.773660053874053,0.));
#8139=CARTESIAN_POINT('Ctrl Pts',(4.99931929835623,-0.769258417560567,0.));
#8140=CARTESIAN_POINT('Ctrl Pts',(5.01904177039371,-0.764627028160959,0.));
#8141=CARTESIAN_POINT('Ctrl Pts',(5.0387735276243,-0.759759474646561,0.));
#8142=CARTESIAN_POINT('Ctrl Pts',(5.05851324595724,-0.754658002605706,0.));
#8143=CARTESIAN_POINT('Ctrl Pts',(5.07825930275879,-0.749329815077421,0.));
#8144=CARTESIAN_POINT('Ctrl Pts',(5.09800992163732,-0.743784860364785,0.));
#8145=CARTESIAN_POINT('Ctrl Pts',(5.11776334482345,-0.738033213670159,0.));
#8146=CARTESIAN_POINT('Ctrl Pts',(5.13751802328746,-0.732082191155507,0.));
#8147=CARTESIAN_POINT('Ctrl Pts',(5.15727269538399,-0.725935138027232,0.));
#8148=CARTESIAN_POINT('Ctrl Pts',(5.17702627784013,-0.719593031773491,0.));
#8149=CARTESIAN_POINT('Ctrl Pts',(5.19677779912512,-0.713055450868487,0.));
#8150=CARTESIAN_POINT('Ctrl Pts',(5.21652632149761,-0.706321715744193,0.));
#8151=CARTESIAN_POINT('Ctrl Pts',(5.23627085441976,-0.699392157810748,0.));
#8152=CARTESIAN_POINT('Ctrl Pts',(5.25601032056457,-0.692268610964201,0.));
#8153=CARTESIAN_POINT('Ctrl Pts',(5.27574360051638,-0.684953737520679,0.));
#8154=CARTESIAN_POINT('Ctrl Pts',(5.29546955907424,-0.677450629236647,0.));
#8155=CARTESIAN_POINT('Ctrl Pts',(5.31518707655757,-0.669762334286665,0.));
#8156=CARTESIAN_POINT('Ctrl Pts',(5.33489508400405,-0.661891331946935,0.));
#8157=CARTESIAN_POINT('Ctrl Pts',(5.35459257511472,-0.65383934135799,0.));
#8158=CARTESIAN_POINT('Ctrl Pts',(5.37427858463941,-0.645607613777953,0.));
#8159=CARTESIAN_POINT('Ctrl Pts',(5.3939521747466,-0.637197111134323,0.));
#8160=CARTESIAN_POINT('Ctrl Pts',(5.41361241948373,-0.628608716192876,0.));
#8161=CARTESIAN_POINT('Ctrl Pts',(5.43325838725414,-0.619843467519538,0.));
#8162=CARTESIAN_POINT('Ctrl Pts',(5.45288913471817,-0.610902651317038,0.));
#8163=CARTESIAN_POINT('Ctrl Pts',(5.47250371755458,-0.601787677414747,0.));
#8164=CARTESIAN_POINT('Ctrl Pts',(5.49210119755868,-0.592500007208942,0.));
#8165=CARTESIAN_POINT('Ctrl Pts',(5.5116806504645,-0.58304106793582,0.));
#8166=CARTESIAN_POINT('Ctrl Pts',(5.53124117572509,-0.573412159569625,0.));
#8167=CARTESIAN_POINT('Ctrl Pts',(5.55078189818472,-0.563614416854121,0.));
#8168=CARTESIAN_POINT('Ctrl Pts',(5.57030195668355,-0.553648864781734,0.));
#8169=CARTESIAN_POINT('Ctrl Pts',(5.58980049538608,-0.543516454159928,0.));
#8170=CARTESIAN_POINT('Ctrl Pts',(5.60927665526025,-0.53321810339714,0.));
#8171=CARTESIAN_POINT('Ctrl Pts',(5.62872956303901,-0.522754745847402,0.));
#8172=CARTESIAN_POINT('Ctrl Pts',(5.64815833016183,-0.51212735227242,0.));
#8173=CARTESIAN_POINT('Ctrl Pts',(5.66756207058653,-0.501336901345444,0.));
#8174=CARTESIAN_POINT('Ctrl Pts',(5.68693991554408,-0.490384361969815,0.));
#8175=CARTESIAN_POINT('Ctrl Pts',(5.70629102780424,-0.479270673410737,0.));
#8176=CARTESIAN_POINT('Ctrl Pts',(5.72561462093013,-0.467996724276987,0.));
#8177=CARTESIAN_POINT('Ctrl Pts',(5.74490996209009,-0.456563343578521,0.));
#8178=CARTESIAN_POINT('Ctrl Pts',(5.76417633249022,-0.444971323669677,0.));
#8179=CARTESIAN_POINT('Ctrl Pts',(5.78341299468135,-0.433221438689376,0.));
#8180=CARTESIAN_POINT('Ctrl Pts',(5.80261916022729,-0.421314464484745,0.));
#8181=CARTESIAN_POINT('Ctrl Pts',(5.82179395055346,-0.409251202444568,0.));
#8182=CARTESIAN_POINT('Ctrl Pts',(5.84093638164999,-0.397032492543428,0.));
#8183=CARTESIAN_POINT('Ctrl Pts',(5.86004544594462,-0.38465917865897,0.));
#8184=CARTESIAN_POINT('Ctrl Pts',(5.87912018070472,-0.372132081880191,0.));
#8185=CARTESIAN_POINT('Ctrl Pts',(5.89815974010976,-0.35945197200397,0.));
#8186=CARTESIAN_POINT('Ctrl Pts',(5.91716347052661,-0.346619540386933,0.));
#8187=CARTESIAN_POINT('Ctrl Pts',(5.93613097220208,-0.333635374706071,0.));
#8188=CARTESIAN_POINT('Ctrl Pts',(5.9550620333523,-0.320499949199329,0.));
#8189=CARTESIAN_POINT('Ctrl Pts',(5.97017766765244,-0.309870881188258,0.));
#8190=CARTESIAN_POINT('Ctrl Pts',(5.9814979593367,-0.301831268608225,0.));
#8191=CARTESIAN_POINT('Ctrl Pts',(5.98903751888014,-0.29644139842186,0.));
#8192=CARTESIAN_POINT('Ctrl Pts',(5.99280547325628,-0.29373893121208,0.));
#8193=CARTESIAN_POINT('',(4.32874473137268,-0.751902952922302,0.));
#8194=CARTESIAN_POINT('',(3.77645239019528,-0.655969774142326,0.));
#8195=CARTESIAN_POINT('',(3.66508777917361,-1.15575973755459,0.));
#8196=CARTESIAN_POINT('Origin',(4.22777364691038,-1.33319878131135,0.));
#8197=CARTESIAN_POINT('Origin',(0.,0.,0.));
#8198=CARTESIAN_POINT('Origin',(0.,0.,0.));
#8199=CARTESIAN_POINT('Origin',(0.,0.,0.));
#8200=CARTESIAN_POINT('',(3.66508777917361,1.15575973755459,3.));
#8201=CARTESIAN_POINT('Origin',(0.,0.,3.));
#8202=CARTESIAN_POINT('',(3.66508777917361,1.15575973755459,0.));
#8203=CARTESIAN_POINT('Origin',(0.,0.,0.));
#8204=CARTESIAN_POINT('Origin',(0.,0.,3.));
#8205=CARTESIAN_POINT('Origin',(0.,0.,0.));
#8206=CARTESIAN_POINT('Origin',(0.,0.,3.));
#8207=CARTESIAN_POINT('Origin',(0.,0.,0.));
#8208=CARTESIAN_POINT('Origin',(0.,0.,3.));
#8209=CARTESIAN_POINT('Origin',(0.,0.,0.));
#8210=CARTESIAN_POINT('Origin',(0.,0.,3.));
#8211=CARTESIAN_POINT('Origin',(0.,0.,0.));
#8212=CARTESIAN_POINT('Origin',(0.,0.,3.));
#8213=CARTESIAN_POINT('Origin',(0.,0.,0.));
#8214=CARTESIAN_POINT('Origin',(0.,0.,3.));
#8215=CARTESIAN_POINT('Origin',(0.,0.,0.));
#8216=CARTESIAN_POINT('Origin',(0.,0.,3.));
#8217=CARTESIAN_POINT('Origin',(0.,0.,0.));
#8218=CARTESIAN_POINT('Origin',(0.,0.,3.));
#8219=CARTESIAN_POINT('Origin',(4.22777364691038,1.33319878131135,0.));
#8220=CARTESIAN_POINT('',(4.32874473137268,0.751902952922302,3.));
#8221=CARTESIAN_POINT('Origin',(4.22777364691038,1.33319878131135,3.));
#8222=CARTESIAN_POINT('',(4.32874473137268,0.751902952922302,0.));
#8223=CARTESIAN_POINT('Origin',(4.62914746127813,0.804082906626849,0.));
#8224=CARTESIAN_POINT('',(4.62914746127813,0.804082906626849,3.));
#8225=CARTESIAN_POINT('',(3.77645239019528,0.655969774142326,3.));
#8226=CARTESIAN_POINT('',(4.62914746127813,0.804082906626849,0.));
#8227=CARTESIAN_POINT('Origin',(4.22777364691038,-1.33319878131135,0.));
#8228=CARTESIAN_POINT('',(4.32874473137268,-0.751902952922302,3.));
#8229=CARTESIAN_POINT('',(4.32874473137268,-0.751902952922302,0.));
#8230=CARTESIAN_POINT('',(3.66508777917361,-1.15575973755459,3.));
#8231=CARTESIAN_POINT('Origin',(4.22777364691038,-1.33319878131135,3.));
#8232=CARTESIAN_POINT('',(3.66508777917361,-1.15575973755459,0.));
#8233=CARTESIAN_POINT('Origin',(3.77645239019528,-0.655969774142326,0.));
#8234=CARTESIAN_POINT('',(4.62914746127813,-0.804082906626849,3.));
#8235=CARTESIAN_POINT('',(4.62914746127813,-0.804082906626849,0.));
#8236=CARTESIAN_POINT('',(3.77645239019528,-0.655969774142326,3.));
#8237=CARTESIAN_POINT('Ctrl Pts',(5.99280547325628,0.29373893121208,0.));
#8238=CARTESIAN_POINT('Ctrl Pts',(5.99280547325628,0.29373893121208,3.));
#8239=CARTESIAN_POINT('Ctrl Pts',(5.98903751888014,0.29644139842186,0.));
#8240=CARTESIAN_POINT('Ctrl Pts',(5.98903751888014,0.29644139842186,3.));
#8241=CARTESIAN_POINT('Ctrl Pts',(5.9814979593367,0.301831268608225,0.));
#8242=CARTESIAN_POINT('Ctrl Pts',(5.9814979593367,0.301831268608225,3.));
#8243=CARTESIAN_POINT('Ctrl Pts',(5.97017766765244,0.309870881188258,0.));
#8244=CARTESIAN_POINT('Ctrl Pts',(5.97017766765244,0.309870881188258,3.));
#8245=CARTESIAN_POINT('Ctrl Pts',(5.9550620333523,0.320499949199329,0.));
#8246=CARTESIAN_POINT('Ctrl Pts',(5.9550620333523,0.320499949199329,3.));
#8247=CARTESIAN_POINT('Ctrl Pts',(5.93613097220208,0.333635374706071,0.));
#8248=CARTESIAN_POINT('Ctrl Pts',(5.93613097220208,0.333635374706071,3.));
#8249=CARTESIAN_POINT('Ctrl Pts',(5.91716347052661,0.346619540386933,0.));
#8250=CARTESIAN_POINT('Ctrl Pts',(5.91716347052661,0.346619540386933,3.));
#8251=CARTESIAN_POINT('Ctrl Pts',(5.89815974010976,0.35945197200397,0.));
#8252=CARTESIAN_POINT('Ctrl Pts',(5.89815974010976,0.35945197200397,3.));
#8253=CARTESIAN_POINT('Ctrl Pts',(5.87912018070472,0.372132081880191,0.));
#8254=CARTESIAN_POINT('Ctrl Pts',(5.87912018070472,0.372132081880191,3.));
#8255=CARTESIAN_POINT('Ctrl Pts',(5.86004544594462,0.38465917865897,0.));
#8256=CARTESIAN_POINT('Ctrl Pts',(5.86004544594462,0.38465917865897,3.));
#8257=CARTESIAN_POINT('Ctrl Pts',(5.84093638164999,0.397032492543428,0.));
#8258=CARTESIAN_POINT('Ctrl Pts',(5.84093638164999,0.397032492543428,3.));
#8259=CARTESIAN_POINT('Ctrl Pts',(5.82179395055346,0.409251202444568,0.));
#8260=CARTESIAN_POINT('Ctrl Pts',(5.82179395055346,0.409251202444568,3.));
#8261=CARTESIAN_POINT('Ctrl Pts',(5.80261916022729,0.421314464484745,0.));
#8262=CARTESIAN_POINT('Ctrl Pts',(5.80261916022729,0.421314464484745,3.));
#8263=CARTESIAN_POINT('Ctrl Pts',(5.78341299468135,0.433221438689376,0.));
#8264=CARTESIAN_POINT('Ctrl Pts',(5.78341299468135,0.433221438689376,3.));
#8265=CARTESIAN_POINT('Ctrl Pts',(5.76417633249022,0.444971323669677,0.));
#8266=CARTESIAN_POINT('Ctrl Pts',(5.76417633249022,0.444971323669677,3.));
#8267=CARTESIAN_POINT('Ctrl Pts',(5.74490996209009,0.456563343578521,0.));
#8268=CARTESIAN_POINT('Ctrl Pts',(5.74490996209009,0.456563343578521,3.));
#8269=CARTESIAN_POINT('Ctrl Pts',(5.72561462093013,0.467996724276987,0.));
#8270=CARTESIAN_POINT('Ctrl Pts',(5.72561462093013,0.467996724276987,3.));
#8271=CARTESIAN_POINT('Ctrl Pts',(5.70629102780424,0.479270673410737,0.));
#8272=CARTESIAN_POINT('Ctrl Pts',(5.70629102780424,0.479270673410737,3.));
#8273=CARTESIAN_POINT('Ctrl Pts',(5.68693991554408,0.490384361969815,0.));
#8274=CARTESIAN_POINT('Ctrl Pts',(5.68693991554408,0.490384361969815,3.));
#8275=CARTESIAN_POINT('Ctrl Pts',(5.66756207058653,0.501336901345444,0.));
#8276=CARTESIAN_POINT('Ctrl Pts',(5.66756207058653,0.501336901345444,3.));
#8277=CARTESIAN_POINT('Ctrl Pts',(5.64815833016183,0.51212735227242,0.));
#8278=CARTESIAN_POINT('Ctrl Pts',(5.64815833016183,0.51212735227242,3.));
#8279=CARTESIAN_POINT('Ctrl Pts',(5.62872956303901,0.522754745847402,0.));
#8280=CARTESIAN_POINT('Ctrl Pts',(5.62872956303901,0.522754745847402,3.));
#8281=CARTESIAN_POINT('Ctrl Pts',(5.60927665526025,0.53321810339714,0.));
#8282=CARTESIAN_POINT('Ctrl Pts',(5.60927665526025,0.53321810339714,3.));
#8283=CARTESIAN_POINT('Ctrl Pts',(5.58980049538608,0.543516454159928,0.));
#8284=CARTESIAN_POINT('Ctrl Pts',(5.58980049538608,0.543516454159928,3.));
#8285=CARTESIAN_POINT('Ctrl Pts',(5.57030195668355,0.553648864781734,0.));
#8286=CARTESIAN_POINT('Ctrl Pts',(5.57030195668355,0.553648864781734,3.));
#8287=CARTESIAN_POINT('Ctrl Pts',(5.55078189818472,0.563614416854121,0.));
#8288=CARTESIAN_POINT('Ctrl Pts',(5.55078189818472,0.563614416854121,3.));
#8289=CARTESIAN_POINT('Ctrl Pts',(5.53124117572509,0.573412159569625,0.));
#8290=CARTESIAN_POINT('Ctrl Pts',(5.53124117572509,0.573412159569625,3.));
#8291=CARTESIAN_POINT('Ctrl Pts',(5.5116806504645,0.58304106793582,0.));
#8292=CARTESIAN_POINT('Ctrl Pts',(5.5116806504645,0.58304106793582,3.));
#8293=CARTESIAN_POINT('Ctrl Pts',(5.49210119755868,0.592500007208942,0.));
#8294=CARTESIAN_POINT('Ctrl Pts',(5.49210119755868,0.592500007208942,3.));
#8295=CARTESIAN_POINT('Ctrl Pts',(5.47250371755458,0.601787677414747,0.));
#8296=CARTESIAN_POINT('Ctrl Pts',(5.47250371755458,0.601787677414747,3.));
#8297=CARTESIAN_POINT('Ctrl Pts',(5.45288913471817,0.610902651317038,0.));
#8298=CARTESIAN_POINT('Ctrl Pts',(5.45288913471817,0.610902651317038,3.));
#8299=CARTESIAN_POINT('Ctrl Pts',(5.43325838725414,0.619843467519538,0.));
#8300=CARTESIAN_POINT('Ctrl Pts',(5.43325838725414,0.619843467519538,3.));
#8301=CARTESIAN_POINT('Ctrl Pts',(5.41361241948373,0.628608716192876,0.));
#8302=CARTESIAN_POINT('Ctrl Pts',(5.41361241948373,0.628608716192876,3.));
#8303=CARTESIAN_POINT('Ctrl Pts',(5.3939521747466,0.637197111134323,0.));
#8304=CARTESIAN_POINT('Ctrl Pts',(5.3939521747466,0.637197111134323,3.));
#8305=CARTESIAN_POINT('Ctrl Pts',(5.37427858463941,0.645607613777953,0.));
#8306=CARTESIAN_POINT('Ctrl Pts',(5.37427858463941,0.645607613777953,3.));
#8307=CARTESIAN_POINT('Ctrl Pts',(5.35459257511472,0.65383934135799,0.));
#8308=CARTESIAN_POINT('Ctrl Pts',(5.35459257511472,0.65383934135799,3.));
#8309=CARTESIAN_POINT('Ctrl Pts',(5.33489508400405,0.661891331946935,0.));
#8310=CARTESIAN_POINT('Ctrl Pts',(5.33489508400405,0.661891331946935,3.));
#8311=CARTESIAN_POINT('Ctrl Pts',(5.31518707655757,0.669762334286665,0.));
#8312=CARTESIAN_POINT('Ctrl Pts',(5.31518707655757,0.669762334286665,3.));
#8313=CARTESIAN_POINT('Ctrl Pts',(5.29546955907424,0.677450629236647,0.));
#8314=CARTESIAN_POINT('Ctrl Pts',(5.29546955907424,0.677450629236647,3.));
#8315=CARTESIAN_POINT('Ctrl Pts',(5.27574360051638,0.684953737520679,0.));
#8316=CARTESIAN_POINT('Ctrl Pts',(5.27574360051638,0.684953737520679,3.));
#8317=CARTESIAN_POINT('Ctrl Pts',(5.25601032056457,0.692268610964201,0.));
#8318=CARTESIAN_POINT('Ctrl Pts',(5.25601032056457,0.692268610964201,3.));
#8319=CARTESIAN_POINT('Ctrl Pts',(5.23627085441976,0.699392157810748,0.));
#8320=CARTESIAN_POINT('Ctrl Pts',(5.23627085441976,0.699392157810748,3.));
#8321=CARTESIAN_POINT('Ctrl Pts',(5.21652632149761,0.706321715744193,0.));
#8322=CARTESIAN_POINT('Ctrl Pts',(5.21652632149761,0.706321715744193,3.));
#8323=CARTESIAN_POINT('Ctrl Pts',(5.19677779912512,0.713055450868487,0.));
#8324=CARTESIAN_POINT('Ctrl Pts',(5.19677779912512,0.713055450868487,3.));
#8325=CARTESIAN_POINT('Ctrl Pts',(5.17702627784013,0.719593031773491,0.));
#8326=CARTESIAN_POINT('Ctrl Pts',(5.17702627784013,0.719593031773491,3.));
#8327=CARTESIAN_POINT('Ctrl Pts',(5.15727269538399,0.725935138027232,0.));
#8328=CARTESIAN_POINT('Ctrl Pts',(5.15727269538399,0.725935138027232,3.));
#8329=CARTESIAN_POINT('Ctrl Pts',(5.13751802328746,0.732082191155507,0.));
#8330=CARTESIAN_POINT('Ctrl Pts',(5.13751802328746,0.732082191155507,3.));
#8331=CARTESIAN_POINT('Ctrl Pts',(5.11776334482345,0.738033213670159,0.));
#8332=CARTESIAN_POINT('Ctrl Pts',(5.11776334482345,0.738033213670159,3.));
#8333=CARTESIAN_POINT('Ctrl Pts',(5.09800992163732,0.743784860364785,0.));
#8334=CARTESIAN_POINT('Ctrl Pts',(5.09800992163732,0.743784860364785,3.));
#8335=CARTESIAN_POINT('Ctrl Pts',(5.07825930275879,0.749329815077421,0.));
#8336=CARTESIAN_POINT('Ctrl Pts',(5.07825930275879,0.749329815077421,3.));
#8337=CARTESIAN_POINT('Ctrl Pts',(5.05851324595724,0.754658002605706,0.));
#8338=CARTESIAN_POINT('Ctrl Pts',(5.05851324595724,0.754658002605706,3.));
#8339=CARTESIAN_POINT('Ctrl Pts',(5.0387735276243,0.759759474646561,0.));
#8340=CARTESIAN_POINT('Ctrl Pts',(5.0387735276243,0.759759474646561,3.));
#8341=CARTESIAN_POINT('Ctrl Pts',(5.01904177039371,0.764627028160959,0.));
#8342=CARTESIAN_POINT('Ctrl Pts',(5.01904177039371,0.764627028160959,3.));
#8343=CARTESIAN_POINT('Ctrl Pts',(4.99931929835623,0.769258417560567,0.));
#8344=CARTESIAN_POINT('Ctrl Pts',(4.99931929835623,0.769258417560567,3.));
#8345=CARTESIAN_POINT('Ctrl Pts',(4.97960689210242,0.773660053874053,0.));
#8346=CARTESIAN_POINT('Ctrl Pts',(4.97960689210242,0.773660053874053,3.));
#8347=CARTESIAN_POINT('Ctrl Pts',(4.95990502113044,0.777843621115277,0.));
#8348=CARTESIAN_POINT('Ctrl Pts',(4.95990502113044,0.777843621115277,3.));
#8349=CARTESIAN_POINT('Ctrl Pts',(4.94021430996924,0.781819228299067,0.));
#8350=CARTESIAN_POINT('Ctrl Pts',(4.94021430996924,0.781819228299067,3.));
#8351=CARTESIAN_POINT('Ctrl Pts',(4.92053596518665,0.785589136805919,0.));
#8352=CARTESIAN_POINT('Ctrl Pts',(4.92053596518665,0.785589136805919,3.));
#8353=CARTESIAN_POINT('Ctrl Pts',(4.90087214416526,0.78914236724941,0.));
#8354=CARTESIAN_POINT('Ctrl Pts',(4.90087214416526,0.78914236724941,3.));
#8355=CARTESIAN_POINT('Ctrl Pts',(4.88122654009437,0.792446062031001,0.));
#8356=CARTESIAN_POINT('Ctrl Pts',(4.88122654009437,0.792446062031001,3.));
#8357=CARTESIAN_POINT('Ctrl Pts',(4.86160379265572,0.795454487594836,0.));
#8358=CARTESIAN_POINT('Ctrl Pts',(4.86160379265572,0.795454487594836,3.));
#8359=CARTESIAN_POINT('Ctrl Pts',(4.84200847483217,0.798124454839388,0.));
#8360=CARTESIAN_POINT('Ctrl Pts',(4.84200847483217,0.798124454839388,3.));
#8361=CARTESIAN_POINT('Ctrl Pts',(4.82244414466586,0.800429661706066,0.));
#8362=CARTESIAN_POINT('Ctrl Pts',(4.82244414466586,0.800429661706066,3.));
#8363=CARTESIAN_POINT('Ctrl Pts',(4.80291253226145,0.802373244433007,0.));
#8364=CARTESIAN_POINT('Ctrl Pts',(4.80291253226145,0.802373244433007,3.));
#8365=CARTESIAN_POINT('Ctrl Pts',(4.78341224382663,0.804006978022532,0.));
#8366=CARTESIAN_POINT('Ctrl Pts',(4.78341224382663,0.804006978022532,3.));
#8367=CARTESIAN_POINT('Ctrl Pts',(4.76394078340762,0.805404562329931,0.));
#8368=CARTESIAN_POINT('Ctrl Pts',(4.76394078340762,0.805404562329931,3.));
#8369=CARTESIAN_POINT('Ctrl Pts',(4.74449736831022,0.806623835051614,0.));
#8370=CARTESIAN_POINT('Ctrl Pts',(4.74449736831022,0.806623835051614,3.));
#8371=CARTESIAN_POINT('Ctrl Pts',(4.72508557566879,0.807671512397398,0.));
#8372=CARTESIAN_POINT('Ctrl Pts',(4.72508557566879,0.807671512397398,3.));
#8373=CARTESIAN_POINT('Ctrl Pts',(4.7057158380493,0.808469608008974,0.));
#8374=CARTESIAN_POINT('Ctrl Pts',(4.7057158380493,0.808469608008974,3.));
#8375=CARTESIAN_POINT('Ctrl Pts',(4.68640861452137,0.808813601306752,0.));
#8376=CARTESIAN_POINT('Ctrl Pts',(4.68640861452137,0.808813601306752,3.));
#8377=CARTESIAN_POINT('Ctrl Pts',(4.66718965811181,0.808428020767071,0.));
#8378=CARTESIAN_POINT('Ctrl Pts',(4.66718965811181,0.808428020767071,3.));
#8379=CARTESIAN_POINT('Ctrl Pts',(4.65190538856606,0.807312721966721,0.));
#8380=CARTESIAN_POINT('Ctrl Pts',(4.65190538856606,0.807312721966721,3.));
#8381=CARTESIAN_POINT('Ctrl Pts',(4.64050213694062,0.805923715425318,0.));
#8382=CARTESIAN_POINT('Ctrl Pts',(4.64050213694062,0.805923715425318,3.));
#8383=CARTESIAN_POINT('Ctrl Pts',(4.63292772685053,0.804739538750735,0.));
#8384=CARTESIAN_POINT('Ctrl Pts',(4.63292772685053,0.804739538750735,3.));
#8385=CARTESIAN_POINT('Ctrl Pts',(4.62914746127813,0.804082906626849,0.));
#8386=CARTESIAN_POINT('Ctrl Pts',(4.62914746127813,0.804082906626849,3.));
#8387=CARTESIAN_POINT('',(5.99280547325628,0.293738931212067,3.));
#8388=CARTESIAN_POINT('Ctrl Pts',(5.99280547325628,0.29373893121208,3.));
#8389=CARTESIAN_POINT('Ctrl Pts',(5.98903751888014,0.29644139842186,3.));
#8390=CARTESIAN_POINT('Ctrl Pts',(5.9814979593367,0.301831268608225,3.));
#8391=CARTESIAN_POINT('Ctrl Pts',(5.97017766765244,0.309870881188258,3.));
#8392=CARTESIAN_POINT('Ctrl Pts',(5.9550620333523,0.320499949199329,3.));
#8393=CARTESIAN_POINT('Ctrl Pts',(5.93613097220208,0.333635374706071,3.));
#8394=CARTESIAN_POINT('Ctrl Pts',(5.91716347052661,0.346619540386933,3.));
#8395=CARTESIAN_POINT('Ctrl Pts',(5.89815974010976,0.35945197200397,3.));
#8396=CARTESIAN_POINT('Ctrl Pts',(5.87912018070472,0.372132081880191,3.));
#8397=CARTESIAN_POINT('Ctrl Pts',(5.86004544594462,0.38465917865897,3.));
#8398=CARTESIAN_POINT('Ctrl Pts',(5.84093638164999,0.397032492543428,3.));
#8399=CARTESIAN_POINT('Ctrl Pts',(5.82179395055346,0.409251202444568,3.));
#8400=CARTESIAN_POINT('Ctrl Pts',(5.80261916022729,0.421314464484745,3.));
#8401=CARTESIAN_POINT('Ctrl Pts',(5.78341299468135,0.433221438689376,3.));
#8402=CARTESIAN_POINT('Ctrl Pts',(5.76417633249022,0.444971323669677,3.));
#8403=CARTESIAN_POINT('Ctrl Pts',(5.74490996209009,0.456563343578521,3.));
#8404=CARTESIAN_POINT('Ctrl Pts',(5.72561462093013,0.467996724276987,3.));
#8405=CARTESIAN_POINT('Ctrl Pts',(5.70629102780424,0.479270673410737,3.));
#8406=CARTESIAN_POINT('Ctrl Pts',(5.68693991554408,0.490384361969815,3.));
#8407=CARTESIAN_POINT('Ctrl Pts',(5.66756207058653,0.501336901345444,3.));
#8408=CARTESIAN_POINT('Ctrl Pts',(5.64815833016183,0.51212735227242,3.));
#8409=CARTESIAN_POINT('Ctrl Pts',(5.62872956303901,0.522754745847402,3.));
#8410=CARTESIAN_POINT('Ctrl Pts',(5.60927665526025,0.53321810339714,3.));
#8411=CARTESIAN_POINT('Ctrl Pts',(5.58980049538608,0.543516454159928,3.));
#8412=CARTESIAN_POINT('Ctrl Pts',(5.57030195668355,0.553648864781734,3.));
#8413=CARTESIAN_POINT('Ctrl Pts',(5.55078189818472,0.563614416854121,3.));
#8414=CARTESIAN_POINT('Ctrl Pts',(5.53124117572509,0.573412159569625,3.));
#8415=CARTESIAN_POINT('Ctrl Pts',(5.5116806504645,0.58304106793582,3.));
#8416=CARTESIAN_POINT('Ctrl Pts',(5.49210119755868,0.592500007208942,3.));
#8417=CARTESIAN_POINT('Ctrl Pts',(5.47250371755458,0.601787677414747,3.));
#8418=CARTESIAN_POINT('Ctrl Pts',(5.45288913471817,0.610902651317038,3.));
#8419=CARTESIAN_POINT('Ctrl Pts',(5.43325838725414,0.619843467519538,3.));
#8420=CARTESIAN_POINT('Ctrl Pts',(5.41361241948373,0.628608716192876,3.));
#8421=CARTESIAN_POINT('Ctrl Pts',(5.3939521747466,0.637197111134323,3.));
#8422=CARTESIAN_POINT('Ctrl Pts',(5.37427858463941,0.645607613777953,3.));
#8423=CARTESIAN_POINT('Ctrl Pts',(5.35459257511472,0.65383934135799,3.));
#8424=CARTESIAN_POINT('Ctrl Pts',(5.33489508400405,0.661891331946935,3.));
#8425=CARTESIAN_POINT('Ctrl Pts',(5.31518707655757,0.669762334286665,3.));
#8426=CARTESIAN_POINT('Ctrl Pts',(5.29546955907424,0.677450629236647,3.));
#8427=CARTESIAN_POINT('Ctrl Pts',(5.27574360051638,0.684953737520679,3.));
#8428=CARTESIAN_POINT('Ctrl Pts',(5.25601032056457,0.692268610964201,3.));
#8429=CARTESIAN_POINT('Ctrl Pts',(5.23627085441976,0.699392157810748,3.));
#8430=CARTESIAN_POINT('Ctrl Pts',(5.21652632149761,0.706321715744193,3.));
#8431=CARTESIAN_POINT('Ctrl Pts',(5.19677779912512,0.713055450868487,3.));
#8432=CARTESIAN_POINT('Ctrl Pts',(5.17702627784013,0.719593031773491,3.));
#8433=CARTESIAN_POINT('Ctrl Pts',(5.15727269538399,0.725935138027232,3.));
#8434=CARTESIAN_POINT('Ctrl Pts',(5.13751802328746,0.732082191155507,3.));
#8435=CARTESIAN_POINT('Ctrl Pts',(5.11776334482345,0.738033213670159,3.));
#8436=CARTESIAN_POINT('Ctrl Pts',(5.09800992163732,0.743784860364785,3.));
#8437=CARTESIAN_POINT('Ctrl Pts',(5.07825930275879,0.749329815077421,3.));
#8438=CARTESIAN_POINT('Ctrl Pts',(5.05851324595724,0.754658002605706,3.));
#8439=CARTESIAN_POINT('Ctrl Pts',(5.0387735276243,0.759759474646561,3.));
#8440=CARTESIAN_POINT('Ctrl Pts',(5.01904177039371,0.764627028160959,3.));
#8441=CARTESIAN_POINT('Ctrl Pts',(4.99931929835623,0.769258417560567,3.));
#8442=CARTESIAN_POINT('Ctrl Pts',(4.97960689210242,0.773660053874053,3.));
#8443=CARTESIAN_POINT('Ctrl Pts',(4.95990502113044,0.777843621115277,3.));
#8444=CARTESIAN_POINT('Ctrl Pts',(4.94021430996924,0.781819228299067,3.));
#8445=CARTESIAN_POINT('Ctrl Pts',(4.92053596518665,0.785589136805919,3.));
#8446=CARTESIAN_POINT('Ctrl Pts',(4.90087214416526,0.78914236724941,3.));
#8447=CARTESIAN_POINT('Ctrl Pts',(4.88122654009437,0.792446062031001,3.));
#8448=CARTESIAN_POINT('Ctrl Pts',(4.86160379265572,0.795454487594836,3.));
#8449=CARTESIAN_POINT('Ctrl Pts',(4.84200847483217,0.798124454839388,3.));
#8450=CARTESIAN_POINT('Ctrl Pts',(4.82244414466586,0.800429661706066,3.));
#8451=CARTESIAN_POINT('Ctrl Pts',(4.80291253226145,0.802373244433007,3.));
#8452=CARTESIAN_POINT('Ctrl Pts',(4.78341224382663,0.804006978022532,3.));
#8453=CARTESIAN_POINT('Ctrl Pts',(4.76394078340762,0.805404562329931,3.));
#8454=CARTESIAN_POINT('Ctrl Pts',(4.74449736831022,0.806623835051614,3.));
#8455=CARTESIAN_POINT('Ctrl Pts',(4.72508557566879,0.807671512397398,3.));
#8456=CARTESIAN_POINT('Ctrl Pts',(4.7057158380493,0.808469608008974,3.));
#8457=CARTESIAN_POINT('Ctrl Pts',(4.68640861452137,0.808813601306752,3.));
#8458=CARTESIAN_POINT('Ctrl Pts',(4.66718965811181,0.808428020767071,3.));
#8459=CARTESIAN_POINT('Ctrl Pts',(4.65190538856606,0.807312721966721,3.));
#8460=CARTESIAN_POINT('Ctrl Pts',(4.64050213694062,0.805923715425318,3.));
#8461=CARTESIAN_POINT('Ctrl Pts',(4.63292772685053,0.804739538750735,3.));
#8462=CARTESIAN_POINT('Ctrl Pts',(4.62914746127813,0.804082906626849,3.));
#8463=CARTESIAN_POINT('',(5.99280547325628,0.293738931212067,0.));
#8464=CARTESIAN_POINT('Origin',(2.88657986402541E-14,-1.73472347597681E-17,
0.));
#8465=CARTESIAN_POINT('',(5.99280547325628,-0.29373893121208,3.));
#8466=CARTESIAN_POINT('Origin',(2.88657986402541E-14,-1.73472347597681E-17,
3.));
#8467=CARTESIAN_POINT('',(5.99280547325628,-0.29373893121208,0.));
#8468=CARTESIAN_POINT('Ctrl Pts',(4.62914746127813,-0.804082906626849,0.));
#8469=CARTESIAN_POINT('Ctrl Pts',(4.62914746127813,-0.804082906626849,3.));
#8470=CARTESIAN_POINT('Ctrl Pts',(4.63292772685053,-0.804739538750735,0.));
#8471=CARTESIAN_POINT('Ctrl Pts',(4.63292772685053,-0.804739538750735,3.));
#8472=CARTESIAN_POINT('Ctrl Pts',(4.64050213694062,-0.805923715425318,0.));
#8473=CARTESIAN_POINT('Ctrl Pts',(4.64050213694062,-0.805923715425318,3.));
#8474=CARTESIAN_POINT('Ctrl Pts',(4.65190538856606,-0.807312721966721,0.));
#8475=CARTESIAN_POINT('Ctrl Pts',(4.65190538856606,-0.807312721966721,3.));
#8476=CARTESIAN_POINT('Ctrl Pts',(4.66718965811181,-0.808428020767071,0.));
#8477=CARTESIAN_POINT('Ctrl Pts',(4.66718965811181,-0.808428020767071,3.));
#8478=CARTESIAN_POINT('Ctrl Pts',(4.68640861452137,-0.808813601306752,0.));
#8479=CARTESIAN_POINT('Ctrl Pts',(4.68640861452137,-0.808813601306752,3.));
#8480=CARTESIAN_POINT('Ctrl Pts',(4.7057158380493,-0.808469608008974,0.));
#8481=CARTESIAN_POINT('Ctrl Pts',(4.7057158380493,-0.808469608008974,3.));
#8482=CARTESIAN_POINT('Ctrl Pts',(4.72508557566879,-0.807671512397398,0.));
#8483=CARTESIAN_POINT('Ctrl Pts',(4.72508557566879,-0.807671512397398,3.));
#8484=CARTESIAN_POINT('Ctrl Pts',(4.74449736831022,-0.806623835051614,0.));
#8485=CARTESIAN_POINT('Ctrl Pts',(4.74449736831022,-0.806623835051614,3.));
#8486=CARTESIAN_POINT('Ctrl Pts',(4.76394078340762,-0.805404562329931,0.));
#8487=CARTESIAN_POINT('Ctrl Pts',(4.76394078340762,-0.805404562329931,3.));
#8488=CARTESIAN_POINT('Ctrl Pts',(4.78341224382663,-0.804006978022532,0.));
#8489=CARTESIAN_POINT('Ctrl Pts',(4.78341224382663,-0.804006978022532,3.));
#8490=CARTESIAN_POINT('Ctrl Pts',(4.80291253226145,-0.802373244433007,0.));
#8491=CARTESIAN_POINT('Ctrl Pts',(4.80291253226145,-0.802373244433007,3.));
#8492=CARTESIAN_POINT('Ctrl Pts',(4.82244414466586,-0.800429661706066,0.));
#8493=CARTESIAN_POINT('Ctrl Pts',(4.82244414466586,-0.800429661706066,3.));
#8494=CARTESIAN_POINT('Ctrl Pts',(4.84200847483217,-0.798124454839388,0.));
#8495=CARTESIAN_POINT('Ctrl Pts',(4.84200847483217,-0.798124454839388,3.));
#8496=CARTESIAN_POINT('Ctrl Pts',(4.86160379265572,-0.795454487594836,0.));
#8497=CARTESIAN_POINT('Ctrl Pts',(4.86160379265572,-0.795454487594836,3.));
#8498=CARTESIAN_POINT('Ctrl Pts',(4.88122654009437,-0.792446062031001,0.));
#8499=CARTESIAN_POINT('Ctrl Pts',(4.88122654009437,-0.792446062031001,3.));
#8500=CARTESIAN_POINT('Ctrl Pts',(4.90087214416526,-0.78914236724941,0.));
#8501=CARTESIAN_POINT('Ctrl Pts',(4.90087214416526,-0.78914236724941,3.));
#8502=CARTESIAN_POINT('Ctrl Pts',(4.92053596518665,-0.785589136805919,0.));
#8503=CARTESIAN_POINT('Ctrl Pts',(4.92053596518665,-0.785589136805919,3.));
#8504=CARTESIAN_POINT('Ctrl Pts',(4.94021430996924,-0.781819228299067,0.));
#8505=CARTESIAN_POINT('Ctrl Pts',(4.94021430996924,-0.781819228299067,3.));
#8506=CARTESIAN_POINT('Ctrl Pts',(4.95990502113044,-0.777843621115277,0.));
#8507=CARTESIAN_POINT('Ctrl Pts',(4.95990502113044,-0.777843621115277,3.));
#8508=CARTESIAN_POINT('Ctrl Pts',(4.97960689210242,-0.773660053874053,0.));
#8509=CARTESIAN_POINT('Ctrl Pts',(4.97960689210242,-0.773660053874053,3.));
#8510=CARTESIAN_POINT('Ctrl Pts',(4.99931929835623,-0.769258417560567,0.));
#8511=CARTESIAN_POINT('Ctrl Pts',(4.99931929835623,-0.769258417560567,3.));
#8512=CARTESIAN_POINT('Ctrl Pts',(5.01904177039371,-0.764627028160959,0.));
#8513=CARTESIAN_POINT('Ctrl Pts',(5.01904177039371,-0.764627028160959,3.));
#8514=CARTESIAN_POINT('Ctrl Pts',(5.0387735276243,-0.759759474646561,0.));
#8515=CARTESIAN_POINT('Ctrl Pts',(5.0387735276243,-0.759759474646561,3.));
#8516=CARTESIAN_POINT('Ctrl Pts',(5.05851324595724,-0.754658002605706,0.));
#8517=CARTESIAN_POINT('Ctrl Pts',(5.05851324595724,-0.754658002605706,3.));
#8518=CARTESIAN_POINT('Ctrl Pts',(5.07825930275879,-0.749329815077421,0.));
#8519=CARTESIAN_POINT('Ctrl Pts',(5.07825930275879,-0.749329815077421,3.));
#8520=CARTESIAN_POINT('Ctrl Pts',(5.09800992163732,-0.743784860364785,0.));
#8521=CARTESIAN_POINT('Ctrl Pts',(5.09800992163732,-0.743784860364785,3.));
#8522=CARTESIAN_POINT('Ctrl Pts',(5.11776334482345,-0.738033213670159,0.));
#8523=CARTESIAN_POINT('Ctrl Pts',(5.11776334482345,-0.738033213670159,3.));
#8524=CARTESIAN_POINT('Ctrl Pts',(5.13751802328746,-0.732082191155507,0.));
#8525=CARTESIAN_POINT('Ctrl Pts',(5.13751802328746,-0.732082191155507,3.));
#8526=CARTESIAN_POINT('Ctrl Pts',(5.15727269538399,-0.725935138027232,0.));
#8527=CARTESIAN_POINT('Ctrl Pts',(5.15727269538399,-0.725935138027232,3.));
#8528=CARTESIAN_POINT('Ctrl Pts',(5.17702627784013,-0.719593031773491,0.));
#8529=CARTESIAN_POINT('Ctrl Pts',(5.17702627784013,-0.719593031773491,3.));
#8530=CARTESIAN_POINT('Ctrl Pts',(5.19677779912512,-0.713055450868487,0.));
#8531=CARTESIAN_POINT('Ctrl Pts',(5.19677779912512,-0.713055450868487,3.));
#8532=CARTESIAN_POINT('Ctrl Pts',(5.21652632149761,-0.706321715744193,0.));
#8533=CARTESIAN_POINT('Ctrl Pts',(5.21652632149761,-0.706321715744193,3.));
#8534=CARTESIAN_POINT('Ctrl Pts',(5.23627085441976,-0.699392157810748,0.));
#8535=CARTESIAN_POINT('Ctrl Pts',(5.23627085441976,-0.699392157810748,3.));
#8536=CARTESIAN_POINT('Ctrl Pts',(5.25601032056457,-0.692268610964201,0.));
#8537=CARTESIAN_POINT('Ctrl Pts',(5.25601032056457,-0.692268610964201,3.));
#8538=CARTESIAN_POINT('Ctrl Pts',(5.27574360051638,-0.684953737520679,0.));
#8539=CARTESIAN_POINT('Ctrl Pts',(5.27574360051638,-0.684953737520679,3.));
#8540=CARTESIAN_POINT('Ctrl Pts',(5.29546955907424,-0.677450629236647,0.));
#8541=CARTESIAN_POINT('Ctrl Pts',(5.29546955907424,-0.677450629236647,3.));
#8542=CARTESIAN_POINT('Ctrl Pts',(5.31518707655757,-0.669762334286665,0.));
#8543=CARTESIAN_POINT('Ctrl Pts',(5.31518707655757,-0.669762334286665,3.));
#8544=CARTESIAN_POINT('Ctrl Pts',(5.33489508400405,-0.661891331946935,0.));
#8545=CARTESIAN_POINT('Ctrl Pts',(5.33489508400405,-0.661891331946935,3.));
#8546=CARTESIAN_POINT('Ctrl Pts',(5.35459257511472,-0.65383934135799,0.));
#8547=CARTESIAN_POINT('Ctrl Pts',(5.35459257511472,-0.65383934135799,3.));
#8548=CARTESIAN_POINT('Ctrl Pts',(5.37427858463941,-0.645607613777953,0.));
#8549=CARTESIAN_POINT('Ctrl Pts',(5.37427858463941,-0.645607613777953,3.));
#8550=CARTESIAN_POINT('Ctrl Pts',(5.3939521747466,-0.637197111134323,0.));
#8551=CARTESIAN_POINT('Ctrl Pts',(5.3939521747466,-0.637197111134323,3.));
#8552=CARTESIAN_POINT('Ctrl Pts',(5.41361241948373,-0.628608716192876,0.));
#8553=CARTESIAN_POINT('Ctrl Pts',(5.41361241948373,-0.628608716192876,3.));
#8554=CARTESIAN_POINT('Ctrl Pts',(5.43325838725414,-0.619843467519538,0.));
#8555=CARTESIAN_POINT('Ctrl Pts',(5.43325838725414,-0.619843467519538,3.));
#8556=CARTESIAN_POINT('Ctrl Pts',(5.45288913471817,-0.610902651317038,0.));
#8557=CARTESIAN_POINT('Ctrl Pts',(5.45288913471817,-0.610902651317038,3.));
#8558=CARTESIAN_POINT('Ctrl Pts',(5.47250371755458,-0.601787677414747,0.));
#8559=CARTESIAN_POINT('Ctrl Pts',(5.47250371755458,-0.601787677414747,3.));
#8560=CARTESIAN_POINT('Ctrl Pts',(5.49210119755868,-0.592500007208942,0.));
#8561=CARTESIAN_POINT('Ctrl Pts',(5.49210119755868,-0.592500007208942,3.));
#8562=CARTESIAN_POINT('Ctrl Pts',(5.5116806504645,-0.58304106793582,0.));
#8563=CARTESIAN_POINT('Ctrl Pts',(5.5116806504645,-0.58304106793582,3.));
#8564=CARTESIAN_POINT('Ctrl Pts',(5.53124117572509,-0.573412159569625,0.));
#8565=CARTESIAN_POINT('Ctrl Pts',(5.53124117572509,-0.573412159569625,3.));
#8566=CARTESIAN_POINT('Ctrl Pts',(5.55078189818472,-0.563614416854121,0.));
#8567=CARTESIAN_POINT('Ctrl Pts',(5.55078189818472,-0.563614416854121,3.));
#8568=CARTESIAN_POINT('Ctrl Pts',(5.57030195668355,-0.553648864781734,0.));
#8569=CARTESIAN_POINT('Ctrl Pts',(5.57030195668355,-0.553648864781734,3.));
#8570=CARTESIAN_POINT('Ctrl Pts',(5.58980049538608,-0.543516454159928,0.));
#8571=CARTESIAN_POINT('Ctrl Pts',(5.58980049538608,-0.543516454159928,3.));
#8572=CARTESIAN_POINT('Ctrl Pts',(5.60927665526025,-0.53321810339714,0.));
#8573=CARTESIAN_POINT('Ctrl Pts',(5.60927665526025,-0.53321810339714,3.));
#8574=CARTESIAN_POINT('Ctrl Pts',(5.62872956303901,-0.522754745847402,0.));
#8575=CARTESIAN_POINT('Ctrl Pts',(5.62872956303901,-0.522754745847402,3.));
#8576=CARTESIAN_POINT('Ctrl Pts',(5.64815833016183,-0.51212735227242,0.));
#8577=CARTESIAN_POINT('Ctrl Pts',(5.64815833016183,-0.51212735227242,3.));
#8578=CARTESIAN_POINT('Ctrl Pts',(5.66756207058653,-0.501336901345444,0.));
#8579=CARTESIAN_POINT('Ctrl Pts',(5.66756207058653,-0.501336901345444,3.));
#8580=CARTESIAN_POINT('Ctrl Pts',(5.68693991554408,-0.490384361969815,0.));
#8581=CARTESIAN_POINT('Ctrl Pts',(5.68693991554408,-0.490384361969815,3.));
#8582=CARTESIAN_POINT('Ctrl Pts',(5.70629102780424,-0.479270673410737,0.));
#8583=CARTESIAN_POINT('Ctrl Pts',(5.70629102780424,-0.479270673410737,3.));
#8584=CARTESIAN_POINT('Ctrl Pts',(5.72561462093013,-0.467996724276987,0.));
#8585=CARTESIAN_POINT('Ctrl Pts',(5.72561462093013,-0.467996724276987,3.));
#8586=CARTESIAN_POINT('Ctrl Pts',(5.74490996209009,-0.456563343578521,0.));
#8587=CARTESIAN_POINT('Ctrl Pts',(5.74490996209009,-0.456563343578521,3.));
#8588=CARTESIAN_POINT('Ctrl Pts',(5.76417633249022,-0.444971323669677,0.));
#8589=CARTESIAN_POINT('Ctrl Pts',(5.76417633249022,-0.444971323669677,3.));
#8590=CARTESIAN_POINT('Ctrl Pts',(5.78341299468135,-0.433221438689376,0.));
#8591=CARTESIAN_POINT('Ctrl Pts',(5.78341299468135,-0.433221438689376,3.));
#8592=CARTESIAN_POINT('Ctrl Pts',(5.80261916022729,-0.421314464484745,0.));
#8593=CARTESIAN_POINT('Ctrl Pts',(5.80261916022729,-0.421314464484745,3.));
#8594=CARTESIAN_POINT('Ctrl Pts',(5.82179395055346,-0.409251202444568,0.));
#8595=CARTESIAN_POINT('Ctrl Pts',(5.82179395055346,-0.409251202444568,3.));
#8596=CARTESIAN_POINT('Ctrl Pts',(5.84093638164999,-0.397032492543428,0.));
#8597=CARTESIAN_POINT('Ctrl Pts',(5.84093638164999,-0.397032492543428,3.));
#8598=CARTESIAN_POINT('Ctrl Pts',(5.86004544594462,-0.38465917865897,0.));
#8599=CARTESIAN_POINT('Ctrl Pts',(5.86004544594462,-0.38465917865897,3.));
#8600=CARTESIAN_POINT('Ctrl Pts',(5.87912018070472,-0.372132081880191,0.));
#8601=CARTESIAN_POINT('Ctrl Pts',(5.87912018070472,-0.372132081880191,3.));
#8602=CARTESIAN_POINT('Ctrl Pts',(5.89815974010976,-0.35945197200397,0.));
#8603=CARTESIAN_POINT('Ctrl Pts',(5.89815974010976,-0.35945197200397,3.));
#8604=CARTESIAN_POINT('Ctrl Pts',(5.91716347052661,-0.346619540386933,0.));
#8605=CARTESIAN_POINT('Ctrl Pts',(5.91716347052661,-0.346619540386933,3.));
#8606=CARTESIAN_POINT('Ctrl Pts',(5.93613097220208,-0.333635374706071,0.));
#8607=CARTESIAN_POINT('Ctrl Pts',(5.93613097220208,-0.333635374706071,3.));
#8608=CARTESIAN_POINT('Ctrl Pts',(5.9550620333523,-0.320499949199329,0.));
#8609=CARTESIAN_POINT('Ctrl Pts',(5.9550620333523,-0.320499949199329,3.));
#8610=CARTESIAN_POINT('Ctrl Pts',(5.97017766765244,-0.309870881188258,0.));
#8611=CARTESIAN_POINT('Ctrl Pts',(5.97017766765244,-0.309870881188258,3.));
#8612=CARTESIAN_POINT('Ctrl Pts',(5.9814979593367,-0.301831268608225,0.));
#8613=CARTESIAN_POINT('Ctrl Pts',(5.9814979593367,-0.301831268608225,3.));
#8614=CARTESIAN_POINT('Ctrl Pts',(5.98903751888014,-0.29644139842186,0.));
#8615=CARTESIAN_POINT('Ctrl Pts',(5.98903751888014,-0.29644139842186,3.));
#8616=CARTESIAN_POINT('Ctrl Pts',(5.99280547325628,-0.29373893121208,0.));
#8617=CARTESIAN_POINT('Ctrl Pts',(5.99280547325628,-0.29373893121208,3.));
#8618=CARTESIAN_POINT('Ctrl Pts',(4.62914746127813,-0.804082906626849,3.));
#8619=CARTESIAN_POINT('Ctrl Pts',(4.63292772685053,-0.804739538750735,3.));
#8620=CARTESIAN_POINT('Ctrl Pts',(4.64050213694062,-0.805923715425318,3.));
#8621=CARTESIAN_POINT('Ctrl Pts',(4.65190538856606,-0.807312721966721,3.));
#8622=CARTESIAN_POINT('Ctrl Pts',(4.66718965811181,-0.808428020767071,3.));
#8623=CARTESIAN_POINT('Ctrl Pts',(4.68640861452137,-0.808813601306752,3.));
#8624=CARTESIAN_POINT('Ctrl Pts',(4.7057158380493,-0.808469608008974,3.));
#8625=CARTESIAN_POINT('Ctrl Pts',(4.72508557566879,-0.807671512397398,3.));
#8626=CARTESIAN_POINT('Ctrl Pts',(4.74449736831022,-0.806623835051614,3.));
#8627=CARTESIAN_POINT('Ctrl Pts',(4.76394078340762,-0.805404562329931,3.));
#8628=CARTESIAN_POINT('Ctrl Pts',(4.78341224382663,-0.804006978022532,3.));
#8629=CARTESIAN_POINT('Ctrl Pts',(4.80291253226145,-0.802373244433007,3.));
#8630=CARTESIAN_POINT('Ctrl Pts',(4.82244414466586,-0.800429661706066,3.));
#8631=CARTESIAN_POINT('Ctrl Pts',(4.84200847483217,-0.798124454839388,3.));
#8632=CARTESIAN_POINT('Ctrl Pts',(4.86160379265572,-0.795454487594836,3.));
#8633=CARTESIAN_POINT('Ctrl Pts',(4.88122654009437,-0.792446062031001,3.));
#8634=CARTESIAN_POINT('Ctrl Pts',(4.90087214416526,-0.78914236724941,3.));
#8635=CARTESIAN_POINT('Ctrl Pts',(4.92053596518665,-0.785589136805919,3.));
#8636=CARTESIAN_POINT('Ctrl Pts',(4.94021430996924,-0.781819228299067,3.));
#8637=CARTESIAN_POINT('Ctrl Pts',(4.95990502113044,-0.777843621115277,3.));
#8638=CARTESIAN_POINT('Ctrl Pts',(4.97960689210242,-0.773660053874053,3.));
#8639=CARTESIAN_POINT('Ctrl Pts',(4.99931929835623,-0.769258417560567,3.));
#8640=CARTESIAN_POINT('Ctrl Pts',(5.01904177039371,-0.764627028160959,3.));
#8641=CARTESIAN_POINT('Ctrl Pts',(5.0387735276243,-0.759759474646561,3.));
#8642=CARTESIAN_POINT('Ctrl Pts',(5.05851324595724,-0.754658002605706,3.));
#8643=CARTESIAN_POINT('Ctrl Pts',(5.07825930275879,-0.749329815077421,3.));
#8644=CARTESIAN_POINT('Ctrl Pts',(5.09800992163732,-0.743784860364785,3.));
#8645=CARTESIAN_POINT('Ctrl Pts',(5.11776334482345,-0.738033213670159,3.));
#8646=CARTESIAN_POINT('Ctrl Pts',(5.13751802328746,-0.732082191155507,3.));
#8647=CARTESIAN_POINT('Ctrl Pts',(5.15727269538399,-0.725935138027232,3.));
#8648=CARTESIAN_POINT('Ctrl Pts',(5.17702627784013,-0.719593031773491,3.));
#8649=CARTESIAN_POINT('Ctrl Pts',(5.19677779912512,-0.713055450868487,3.));
#8650=CARTESIAN_POINT('Ctrl Pts',(5.21652632149761,-0.706321715744193,3.));
#8651=CARTESIAN_POINT('Ctrl Pts',(5.23627085441976,-0.699392157810748,3.));
#8652=CARTESIAN_POINT('Ctrl Pts',(5.25601032056457,-0.692268610964201,3.));
#8653=CARTESIAN_POINT('Ctrl Pts',(5.27574360051638,-0.684953737520679,3.));
#8654=CARTESIAN_POINT('Ctrl Pts',(5.29546955907424,-0.677450629236647,3.));
#8655=CARTESIAN_POINT('Ctrl Pts',(5.31518707655757,-0.669762334286665,3.));
#8656=CARTESIAN_POINT('Ctrl Pts',(5.33489508400405,-0.661891331946935,3.));
#8657=CARTESIAN_POINT('Ctrl Pts',(5.35459257511472,-0.65383934135799,3.));
#8658=CARTESIAN_POINT('Ctrl Pts',(5.37427858463941,-0.645607613777953,3.));
#8659=CARTESIAN_POINT('Ctrl Pts',(5.3939521747466,-0.637197111134323,3.));
#8660=CARTESIAN_POINT('Ctrl Pts',(5.41361241948373,-0.628608716192876,3.));
#8661=CARTESIAN_POINT('Ctrl Pts',(5.43325838725414,-0.619843467519538,3.));
#8662=CARTESIAN_POINT('Ctrl Pts',(5.45288913471817,-0.610902651317038,3.));
#8663=CARTESIAN_POINT('Ctrl Pts',(5.47250371755458,-0.601787677414747,3.));
#8664=CARTESIAN_POINT('Ctrl Pts',(5.49210119755868,-0.592500007208942,3.));
#8665=CARTESIAN_POINT('Ctrl Pts',(5.5116806504645,-0.58304106793582,3.));
#8666=CARTESIAN_POINT('Ctrl Pts',(5.53124117572509,-0.573412159569625,3.));
#8667=CARTESIAN_POINT('Ctrl Pts',(5.55078189818472,-0.563614416854121,3.));
#8668=CARTESIAN_POINT('Ctrl Pts',(5.57030195668355,-0.553648864781734,3.));
#8669=CARTESIAN_POINT('Ctrl Pts',(5.58980049538608,-0.543516454159928,3.));
#8670=CARTESIAN_POINT('Ctrl Pts',(5.60927665526025,-0.53321810339714,3.));
#8671=CARTESIAN_POINT('Ctrl Pts',(5.62872956303901,-0.522754745847402,3.));
#8672=CARTESIAN_POINT('Ctrl Pts',(5.64815833016183,-0.51212735227242,3.));
#8673=CARTESIAN_POINT('Ctrl Pts',(5.66756207058653,-0.501336901345444,3.));
#8674=CARTESIAN_POINT('Ctrl Pts',(5.68693991554408,-0.490384361969815,3.));
#8675=CARTESIAN_POINT('Ctrl Pts',(5.70629102780424,-0.479270673410737,3.));
#8676=CARTESIAN_POINT('Ctrl Pts',(5.72561462093013,-0.467996724276987,3.));
#8677=CARTESIAN_POINT('Ctrl Pts',(5.74490996209009,-0.456563343578521,3.));
#8678=CARTESIAN_POINT('Ctrl Pts',(5.76417633249022,-0.444971323669677,3.));
#8679=CARTESIAN_POINT('Ctrl Pts',(5.78341299468135,-0.433221438689376,3.));
#8680=CARTESIAN_POINT('Ctrl Pts',(5.80261916022729,-0.421314464484745,3.));
#8681=CARTESIAN_POINT('Ctrl Pts',(5.82179395055346,-0.409251202444568,3.));
#8682=CARTESIAN_POINT('Ctrl Pts',(5.84093638164999,-0.397032492543428,3.));
#8683=CARTESIAN_POINT('Ctrl Pts',(5.86004544594462,-0.38465917865897,3.));
#8684=CARTESIAN_POINT('Ctrl Pts',(5.87912018070472,-0.372132081880191,3.));
#8685=CARTESIAN_POINT('Ctrl Pts',(5.89815974010976,-0.35945197200397,3.));
#8686=CARTESIAN_POINT('Ctrl Pts',(5.91716347052661,-0.346619540386933,3.));
#8687=CARTESIAN_POINT('Ctrl Pts',(5.93613097220208,-0.333635374706071,3.));
#8688=CARTESIAN_POINT('Ctrl Pts',(5.9550620333523,-0.320499949199329,3.));
#8689=CARTESIAN_POINT('Ctrl Pts',(5.97017766765244,-0.309870881188258,3.));
#8690=CARTESIAN_POINT('Ctrl Pts',(5.9814979593367,-0.301831268608225,3.));
#8691=CARTESIAN_POINT('Ctrl Pts',(5.98903751888014,-0.29644139842186,3.));
#8692=CARTESIAN_POINT('Ctrl Pts',(5.99280547325628,-0.29373893121208,3.));
#8693=CARTESIAN_POINT('Origin',(0.,0.,3.));
#8694=CARTESIAN_POINT('Origin',(0.,0.,3.));
#8695=CARTESIAN_POINT('Origin',(0.,0.,0.));
#8696=CARTESIAN_POINT('',(0.00496361140098545,0.,33.4816910942658));
#8697=UNCERTAINTY_MEASURE_WITH_UNIT(LENGTH_MEASURE(0.01),#8703,
'DISTANCE_ACCURACY_VALUE',
'Maximum model space distance between geometric entities at asserted c
onnectivities');
#8698=UNCERTAINTY_MEASURE_WITH_UNIT(LENGTH_MEASURE(0.01),#8703,
'DISTANCE_ACCURACY_VALUE',
'Maximum model space distance between geometric entities at asserted c
onnectivities');
#8699=UNCERTAINTY_MEASURE_WITH_UNIT(LENGTH_MEASURE(0.01),#8703,
'DISTANCE_ACCURACY_VALUE',
'Maximum model space distance between geometric entities at asserted c
onnectivities');
#8700=(
GEOMETRIC_REPRESENTATION_CONTEXT(3)
GLOBAL_UNCERTAINTY_ASSIGNED_CONTEXT((#8697))
GLOBAL_UNIT_ASSIGNED_CONTEXT((#8703,#8705,#8706))
REPRESENTATION_CONTEXT('','3D')
);
#8701=(
GEOMETRIC_REPRESENTATION_CONTEXT(3)
GLOBAL_UNCERTAINTY_ASSIGNED_CONTEXT((#8698))
GLOBAL_UNIT_ASSIGNED_CONTEXT((#8703,#8705,#8706))
REPRESENTATION_CONTEXT('','3D')
);
#8702=(
GEOMETRIC_REPRESENTATION_CONTEXT(3)
GLOBAL_UNCERTAINTY_ASSIGNED_CONTEXT((#8699))
GLOBAL_UNIT_ASSIGNED_CONTEXT((#8703,#8705,#8706))
REPRESENTATION_CONTEXT('','3D')
);
#8703=(
LENGTH_UNIT()
NAMED_UNIT(*)
SI_UNIT(.MILLI.,.METRE.)
);
#8704=(
LENGTH_UNIT()
NAMED_UNIT(*)
SI_UNIT($,.METRE.)
);
#8705=(
NAMED_UNIT(*)
PLANE_ANGLE_UNIT()
SI_UNIT($,.RADIAN.)
);
#8706=(
NAMED_UNIT(*)
SI_UNIT($,.STERADIAN.)
SOLID_ANGLE_UNIT()
);
#8707=SHAPE_DEFINITION_REPRESENTATION(#8709,#8712);
#8708=SHAPE_DEFINITION_REPRESENTATION(#8710,#8713);
#8709=PRODUCT_DEFINITION_SHAPE('',$,#8715);
#8710=PRODUCT_DEFINITION_SHAPE('',$,#8716);
#8711=PRODUCT_DEFINITION_SHAPE($,$,#14);
#8712=SHAPE_REPRESENTATION('',(#1669,#1821),#8700);
#8713=SHAPE_REPRESENTATION('',(#1670),#8701);
#8714=PRODUCT_DEFINITION_CONTEXT('part definition',#8722,'design');
#8715=PRODUCT_DEFINITION('Turret Combined','Turret Combined v53',#8717,
#8714);
#8716=PRODUCT_DEFINITION('Spur Gear 10 teeth','Spur Gear 10 teeth',#8718,
#8714);
#8717=PRODUCT_DEFINITION_FORMATION('',$,#8724);
#8718=PRODUCT_DEFINITION_FORMATION('',$,#8725);
#8719=PRODUCT_RELATED_PRODUCT_CATEGORY('Turret Combined v53',
'Turret Combined v53',(#8724));
#8720=PRODUCT_RELATED_PRODUCT_CATEGORY('Spur Gear 10 teeth',
'Spur Gear 10 teeth',(#8725));
#8721=APPLICATION_PROTOCOL_DEFINITION('international standard',
'automotive_design',2009,#8722);
#8722=APPLICATION_CONTEXT(
'Core Data for Automotive Mechanical Design Process');
#8723=PRODUCT_CONTEXT('part definition',#8722,'mechanical');
#8724=PRODUCT('Turret Combined','Turret Combined v53',$,(#8723));
#8725=PRODUCT('Spur Gear 10 teeth','Spur Gear 10 teeth',
'Spur Gear; Module: 1.0; Num Teeth: 10; Pressure Angle: 20.0; Backlash
: 0.00 mm',(#8723));
#8726=PRESENTATION_STYLE_ASSIGNMENT((#8727));
#8727=SURFACE_STYLE_USAGE(.BOTH.,#8728);
#8728=SURFACE_SIDE_STYLE('',(#8729));
#8729=SURFACE_STYLE_FILL_AREA(#8730);
#8730=FILL_AREA_STYLE('Steel - Satin',(#8731));
#8731=FILL_AREA_STYLE_COLOUR('Steel - Satin',#8732);
#8732=COLOUR_RGB('Steel - Satin',0.627450980392157,0.627450980392157,0.627450980392157);
ENDSEC;
END-ISO-10303-21;
